OrganismShortName	OrganismID
hydra	Hydra_vulgaris
flameJellyfish	Rhopilema_esculentum
boxJellyfish	Alatina_alata
scallop	Mizuhopecten_yessoensis
octopus	Octopus_bimaculoides
hawaiianSquid	Euprymna_scolopes
reefSquid	Sepioteuthis_sepioidea
tardigrade	Paramacrobiotus_metropolitanus
spider	Habronattus_gilaensis
norwayLobster	Nephrops_norvegicus
americanLobster	Homarus_americanus
drosophila	Drosophila_melanogaster
plastererBee	Colletes_gigas
acornWorm	Saccoglossus_kowalevskii
seaurchin	Lytechinus_variegatus
echinoderm	Anneissia_japonica
amphioxus	Branchiostoma_floridae
vaseTunicate	Ciona_intestinalis
seaSquirt	Styela_clava
atlanticHagfish	Myxine_glutinosa
broadgilledHagfish	Eptatretus_cirrhatus
pouchedLamprey	Geotria_australis
shortheadLamprey	Mordacia_mordax
seaLamprey	Petromyzon_marinus
fareasternBrookLamprey	Lethenteron_reissneri
arcticLamprey	Lethenteron_camtschaticum
bluespottedStingray	Neotrygon_kuhlii
redStingray	Hemitrygon_akajei
catshark	Scyliorhinus_torazame
reefShark	Carcharhinus_amblyrhynchos
bambooShark	Chiloscyllium_punctatum
nurseShark	Ginglymostoma_cirratum
zebraShark	Stegostoma_tigrinum
whaleShark	Rhincodon_typus
bowfin	Amia_calva
spottedGar	Lepisosteus_oculatus
floridaGar	Lepisosteus_platyrhincus
eel	Gymnothorax_saxicola
zebrafish	Danio_rerio
grassCarp	Ctenopharyngodon_idella
channelCatfish	Ictalurus_punctatus
yangtzeCatfish	Silurus_meridionalis
piranha	Pygocentrus_nattereri
northernPike	Esox_lucius
lanternFish	Electrona_risso
cod	Gadus_morhua
tuna	Thunnus_albacares
snakeheadFish	Channa_argus
cichlid	Archocentrus_centrarchus
tilapia	Oreochromis_mossambicus
flavescentPeacockFish	Aulonocara_stuartgranti
yellowPeacockFish	Aulonocara_baenschi
triggerfish	Rhinecanthus_aculeatus
oceanJacket	Nelusetta_ayraudi
giltheadBream	Sparus_aurata
oldwife	Enoplosus_armatus
bluegill	Lepomis_macrochirus
coelacanth	Latimeria_chalumnae
lungfish	Protopterus_annectens
tinyCaecilian	Microcaecilia_unicolor
twolinedCaecilian	Rhinatrema_bivittatum
chineseSalamander	Andrias_davidianus
axolotl	Ambystoma_mexicanum
redSalamander	Plethodon_cinereus
himalayaFrog	Nanorana_parkeri
westernFrog	Xenopus_tropicalis
africanFrog	Xenopus_laevis
tokayGecko	Gekko_gecko
japaneseGecko	Gekko_japonicus
sandLizard	Lacerta_agilis
tawnyDragon	Ctenophorus_decresii
beardedDragon	Pogona_vitticeps
greenAnole	Anolis_carolinensis
brownAnole	Anolis_sagrei
python	Python_bivittatus
groundBoa	Candoia_aspera
cobra	Naja_naja
garterSnake	Thamnophis_sirtalis
cornSnake	Pantherophis_guttatus
greenTurtle	Chelonia_mydas
redTurtle	Trachemys_scripta
americanAlligator	Alligator_mississippiensis
chineseAlligator	Alligator_sinensis
emu	Dromaius_novaehollandiae
ostrich	Struthio_camelus
mallardDuck	Anas_platyrhynchos
muscovyDuck	Cairina_moschata
quail	Coturnix_japonica
chicken	Gallus_gallus
redStreamertail	Trochilus_polytmus
blackStreamertail	Trochilus_scitulus
hybridStreamertail	Trochilus_hybrid
pigeon	Columba_livia
kite	Elanus_caeruleus
goldenEagle	Aquila_chrysaetos
vulture	Aegypius_monachus
harpyEagle	Harpia_harpyja
harrier	Circus_melanoleucos
greyfacedBuzzard	Butastur_indicus
commonBuzzard	Buteo_buteo
redTailHawk	Buteo_jamaicensis
gosHwak	Astur_gentilis
coopersHawk	Accipiter_cooperii
besra	Accipiter_virgatus
sparrowHawk	Accipiter_nisus
barnOwl	Tyto_alba
grassOwl	Tyto_longimembris
borealOwl	Aegolius_funereus
littleOwl	Athene_noctua
eurasianScopsOwl	Otus_scops
indianScopsOwl	Otus_bakkamoena
shortearOwl	Asio_flammeus
longearOwl	Asio_otus
screechOwl	Megascops_asio
barredOwl	Strix_varia
uralOwl	Strix_uralensis
tawnyOwl	Strix_aluco
eagleOwl	Bubo_bubo
hornedOwl	Bubo_virginianus
mousebird	Colius_striatus
hoopoe	Upupa_epops
honeyguide	Indicator_indicator
woodpecker	Picus_canus
budgerigar	Melopsittacus_undulatus
commonKestrel	Falco_tinnunculus
peregrineFalcon	Falco_peregrinus
eurasianHobby	Falco_subbuteo
hawaiianCrow	Corvus_hawaiiensis
carrionCrow	Corvus_corone
hoodedCrow	Corvus_cornix
whiteWagtail	Motacilla_alba
canary	Serinus_canaria
zebrafinch	Taeniopygia_guttata
platypus	Ornithorhynchus_anatinus
opossum	Monodelphis_domestica
europeanHedgehog	Erinaceus_europaeus
africanHedgehog	Atelerix_algirus
sacwingedBat	Saccopteryx_bilineata
tombBat	Taphozous_melanopogon
daubentonBat	Myotis_daubentonii
myotisBat	Myotis_laniger
roundleafBat	Hipposideros_armiger
fruitBat	Cynopterus_sphinx
egyptianBat	Rousettus_aegyptiacus
nectarBat	Eonycteris_spelaea
horse	Equus_caballus
pig	Sus_scrofa
minkeWhale	Balaenoptera_acutorostrata
bowheadWhale	Balaena_mysticetus
cow	Bos_taurus
sheep	Ovis_aries
cat	Felis_catus
dog	Canis_familiaris
ferret	Mustela_furo
treeShrew	Tupaia_belangeri
guineapig	Cavia_porcellus
groundSquirrel	Ictidomys_tridecemlineatus
chipmunk	Tamias_sibiricus
blindMoleRat	Nannospalax_galili
zokor	Myospalax_baileyi
hamster	Mesocricetus_auratus
deerMouse	Peromyscus_maniculatus
gerbil	Meriones_unguiculatus
sandRat	Psammomys_obesus
grassMouse	Rhabdomys_pumilio
brownRat	Rattus_norvegicus
labMouse	Mus_musculus
marmoset	Callithrix_jacchus
nancymaMonkey	Aotus_nancymaae
oliveBaboon	Papio_anubis
crabMacaque	Macaca_fascicularis
rhesusMacaque	Macaca_mulatta
human	Homo_sapiens
