OrganismShortName	OrganismID	OrganismColor	bulkrna107	AnnotationSource	AnnotationType	CMAF	MAFA	MAFB	NRL	MAFF	MAFG	MAFK	OTX1	OTX2	CRX	nMAFL	nMAFS	nOTX
hydra	Hydra_vulgaris	Nonchordates	No	GCF	annotated								hydra__LOC100209084__XP_065655724.1,hydra__LOC100211908__NP_001296697.1,hydra__LOC105846072__XP_065655683.1			0.0	0.0	1.0
flameJellyfish	Rhopilema_esculentum	Nonchordates	No	GCF	annotated								flameJellyfish__LOC135681342__XP_065051838.1,flameJellyfish__LOC135681422__XP_065051962.1,flameJellyfish__LOC135681476__XP_065052046.1,flameJellyfish__LOC135681547__XP_065052147.1,flameJellyfish__LOC135681548__XP_065052148.1			0.0	0.0	1.0
boxJellyfish	Alatina_alata	Nonchordates	Yes	GCF Near	denovo	boxJellyfishDenovo__Unknown__TRINITY_DN1602_c0_g1_i1.p1				boxJellyfishDenovo__Unknown__TRINITY_DN1602_c0_g1_i1.p1			boxJellyfishDenovo__Unknown__TRINITY_DN35139_c0_g2_i1.p1			1.0	1.0	1.0
scallop	Mizuhopecten_yessoensis	Nonchordates	Yes	GCF	annotated	scallop__LOC110466773__XP_021379197.1							scallop__LOC110448536__XP_021350497.1,scallop__LOC110450433__XP_021353636.1,scallop__LOC110452824__XP_021357195.1,scallop__LOC110454873__XP_021360300.1			1.0	0.0	1.0
scallop	Mizuhopecten_yessoensis	Nonchordates	Yes	GCF	denovo	scallopDenovo__Unknown__TRINITY_DN657_c0_g1_i1.p1				scallopDenovo__Unknown__TRINITY_DN657_c0_g1_i1.p1			scallopDenovo__Unknown__TRINITY_DN5433_c1_g1_i2.p1			1.0	1.0	1.0
octopus	Octopus_bimaculoides	Nonchordates	Yes	GCF	annotated	octopus__LOC106877814__XP_014782317.1							octopus__LOC106873941__NP_001310717.1,octopus__LOC106877685__XP_014782118.1,octopus__LOC106879885__XP_052832725.1,octopus__LOC106883503__XP_014790018.1			1.0	0.0	1.0
octopus	Octopus_bimaculoides	Nonchordates	Yes	GCF	denovo	octopusDenovo__Unknown__TRINITY_DN5979_c0_g1_i1.p1				octopusDenovo__Unknown__TRINITY_DN5979_c0_g1_i1.p1			octopusDenovo__Unknown__TRINITY_DN7217_c0_g2_i2.p1			1.0	1.0	1.0
hawaiianSquid	Euprymna_scolopes	Nonchordates	Yes	GCA	denovo	hawaiianSquidDenovo__Unknown__TRINITY_DN14340_c0_g2_i1.p2				hawaiianSquidDenovo__Unknown__TRINITY_DN14340_c0_g2_i1.p2			hawaiianSquidDenovo__Unknown__TRINITY_DN1268_c2_g1_i1.p1			1.0	1.0	1.0
reefSquid	Sepioteuthis_sepioidea	Nonchordates	Yes	NoGenome	denovo								reefSquidDenovo__Unknown__TRINITY_DN31639_c0_g1_i1.p1			0.0	0.0	1.0
tardigrade	Paramacrobiotus_metropolitanus	Nonchordates	No	GCF	annotated	tardigrade__LOC129584033__XP_055332096.1							tardigrade__LOC129584993__XP_055333443.1,tardigrade__LOC129586666__XP_055335966.1,tardigrade__LOC129589245__XP_055339840.1,tardigrade__LOC129598308__XP_055352121.1			1.0	0.0	1.0
spider	Habronattus_gilaensis	Nonchordates	Yes	NoGenome	denovo	spiderDenovo__Unknown__TRINITY_DN44266_c0_g1_i1.p1				spiderDenovo__Unknown__TRINITY_DN29467_c0_g1_i1.p1			spiderDenovo__Unknown__TRINITY_DN9937_c0_g1_i1.p1			1.0	1.0	1.0
norwayLobster	Nephrops_norvegicus	Nonchordates	Yes	GCF Near	denovo	norwayLobsterDenovo__Unknown__TRINITY_DN602_c0_g1_i25.p1				norwayLobsterDenovo__Unknown__TRINITY_DN602_c0_g1_i25.p1			norwayLobsterDenovo__Unknown__TRINITY_DN18427_c2_g2_i5.p1			1.0	1.0	1.0
americanLobster	Homarus_americanus	Nonchordates	No	GCF	annotated					americanLobster__LOC121867327__XP_042223182.1			americanLobster__LOC121854528__XP_042205135.1,americanLobster__LOC121854966__XP_042205720.1,americanLobster__LOC121878533__XP_042240735.1,americanLobster__LOC121879871__XP_042242588.1			0.0	1.0	1.0
drosophila	Drosophila_melanogaster	Nonchordates	Yes	GCF	annotated	drosophila__tj__NP_001260582.1				drosophila__maf-S__NP_001286639.1			drosophila__Drgx__NP_001097075.2,drosophila__PHDP__NP_523834.1,drosophila__oc__NP_001356934.1			1.0	1.0	1.0
drosophila	Drosophila_melanogaster	Nonchordates	Yes	GCF	denovo	drosophilaDenovo__Unknown__TRINITY_DN25296_c0_g1_i2.p1				drosophilaDenovo__Unknown__TRINITY_DN25296_c0_g1_i2.p1			drosophilaDenovo__Unknown__TRINITY_DN284_c0_g1_i5.p1			1.0	1.0	1.0
plastererBee	Colletes_gigas	Nonchordates	No	GCF	annotated	plastererBee__LOC122403542__XP_043263048.1				plastererBee__LOC122396420__XP_043250725.1			plastererBee__LOC122399734__XP_043256577.1,plastererBee__LOC122399790__XP_043256686.1,plastererBee__LOC122401243__XP_043259183.1,plastererBee__LOC122403419__XP_043262867.1			1.0	1.0	1.0
acornWorm	Saccoglossus_kowalevskii	Nonchordates	No	GCF	annotated	acornWorm__maf-like__NP_001164706.1							acornWorm__Dmbx__NP_001161526.1,acornWorm__LOC100369471__XP_002735289.1,acornWorm__LOC102804715__XP_006821810.1,acornWorm__PHox2__NP_001164681.1,acornWorm__drgx__NP_001158481.1,acornWorm__otx__NP_001158360.1			1.0	0.0	1.0
seaurchin	Lytechinus_variegatus	Nonchordates	No	GCF	annotated								seaurchin__LOC121407968__XP_041455186.1,seaurchin__LOC121418261__XP_041467961.1,seaurchin__LOC121431990__XP_041485726.1,seaurchin__LOC121432035__XP_041485789.1			0.0	0.0	1.0
echinoderm	Anneissia_japonica	Nonchordates	No	GCF	annotated	echinoderm__LOC117114910__XP_033114416.1							echinoderm__LOC117104664__XP_033101438.1,echinoderm__LOC117107729__XP_033105362.1,echinoderm__LOC117117484__XP_033117682.1,echinoderm__LOC117119230__XP_033119929.1			1.0	0.0	1.0
amphioxus	Branchiostoma_floridae	Protochordates	Yes	GCF	annotated	amphioxus__LOC136438471__XP_066289367.1							amphioxus__LOC136433338__XP_066281542.1,amphioxus__LOC136436046__XP_066285834.1,amphioxus__LOC136448406__XP_066303959.1,amphioxus__LOC136449157__XP_066305108.1			1.0	0.0	1.0
amphioxus	Branchiostoma_floridae	Protochordates	Yes	GCF	denovo	amphioxusDenovo__Unknown__TRINITY_DN2837_c0_g1_i3.p1				amphioxusDenovo__Unknown__TRINITY_DN2837_c0_g1_i3.p1			amphioxusDenovo__Unknown__TRINITY_DN28818_c0_g1_i5.p1			1.0	1.0	1.0
vaseTunicate	Ciona_intestinalis	Protochordates	Yes	GCF	annotated					vaseTunicate__LOC778757__NP_001071818.1			vaseTunicate__LOC100178876__XP_002119140.1,vaseTunicate__otx2__NP_001027662.2,vaseTunicate__phox2__NP_001037829.1			0.0	1.0	1.0
vaseTunicate	Ciona_intestinalis	Protochordates	Yes	GCF	denovo	vaseTunicateDenovo__Unknown__TRINITY_DN8422_c0_g1_i2.p1				vaseTunicateDenovo__Unknown__TRINITY_DN8422_c0_g1_i2.p1			vaseTunicateDenovo__Unknown__TRINITY_DN5152_c0_g1_i2.p1			1.0	1.0	1.0
seaSquirt	Styela_clava	Protochordates	No	GCF	annotated					seaSquirt__LOC120331304__XP_039254309.1,seaSquirt__LOC120347869__XP_039273915.1			seaSquirt__LOC120326315__XP_039248511.1,seaSquirt__LOC120331221__XP_039254229.1,seaSquirt__LOC120341627__XP_039266104.1,seaSquirt__LOC120348055__XP_039274099.1			0.0	1.0	1.0
atlanticHagfish	Myxine_glutinosa	Agnathans (hagfish and lampreys)	No	GCF														
broadgilledHagfish	Eptatretus_cirrhatus	Agnathans (hagfish and lampreys)	Yes	NoGenome	denovo					broadgilledHagfishDenovo__Unknown__TRINITY_DN2165_c0_g1_i4.p1			broadgilledHagfishDenovo__Unknown__TRINITY_DN1106_c1_g1_i2.p1	broadgilledHagfishDenovo__Unknown__TRINITY_DN4400_c1_g1_i51.p1	broadgilledHagfishDenovo__Unknown__TRINITY_DN4400_c1_g1_i51.p1	0.0	1.0	3.0
pouchedLamprey	Geotria_australis	Agnathans (hagfish and lampreys)	Yes	GCA	denovo	pouchedLampreyDenovo__Unknown__TRINITY_DN4424_c2_g1_i1.p2			pouchedLampreyDenovo__Unknown__TRINITY_DN6656_c0_g2_i2.p2				pouchedLampreyDenovo__Unknown__TRINITY_DN1833_c0_g1_i24.p2	pouchedLampreyDenovo__Unknown__TRINITY_DN583_c1_g1_i6.p1	pouchedLampreyDenovo__Unknown__TRINITY_DN583_c1_g1_i6.p1	2.0	0.0	3.0
shortheadLamprey	Mordacia_mordax	Agnathans (hagfish and lampreys)	Yes	GCA	denovo				shortheadLampreyDenovo__Unknown__TRINITY_DN10608_c0_g1_i1.p2		shortheadLampreyDenovo__Unknown__TRINITY_DN86006_c0_g1_i1.p1		shortheadLampreyDenovo__Unknown__TRINITY_DN216_c1_g1_i9.p1			1.0	1.0	1.0
seaLamprey	Petromyzon_marinus	Agnathans (hagfish and lampreys)	Yes	GCF	denovo	seaLampreyDenovo__Unknown__TRINITY_DN7178_c1_g1_i1.p1			seaLampreyDenovo__Unknown__TRINITY_DN143252_c0_g2_i1.p1		seaLampreyDenovo__Unknown__TRINITY_DN48567_c2_g2_i1.p2			seaLampreyDenovo__Unknown__TRINITY_DN18384_c0_g1_i3.p1	seaLampreyDenovo__Unknown__TRINITY_DN18384_c0_g1_i3.p1	2.0	1.0	2.0
fareasternBrookLamprey	Lethenteron_reissneri	Agnathans (hagfish and lampreys)	No	GCF														
arcticLamprey	Lethenteron_camtschaticum	Agnathans (hagfish and lampreys)	Yes	GCF Near	denovo								arcticLampreyDenovo__Unknown__TRINITY_DN2921_c0_g1_i6.p1	arcticLampreyDenovo__Unknown__TRINITY_DN37071_c0_g1_i2.p1	arcticLampreyDenovo__Unknown__TRINITY_DN37071_c0_g1_i2.p1	0.0	0.0	3.0
bluespottedStingray	Neotrygon_kuhlii	Cartilaginous fishes	Yes	GCF Near	denovo	bluespottedStingrayDenovo__Unknown__TRINITY_DN6522_c0_g2_i2.p1		bluespottedStingrayDenovo__Unknown__TRINITY_DN1087_c0_g1_i1.p2			bluespottedStingrayDenovo__Unknown__TRINITY_DN3460_c0_g2_i1.p1	bluespottedStingrayDenovo__Unknown__TRINITY_DN6273_c7_g1_i1.p1	bluespottedStingrayDenovo__Unknown__TRINITY_DN8755_c0_g1_i1.p1	bluespottedStingrayDenovo__Unknown__TRINITY_DN15987_c0_g1_i1.p1	bluespottedStingrayDenovo__Unknown__TRINITY_DN20_c12_g1_i3.p2	2.0	2.0	3.0
redStingray	Hemitrygon_akajei	Cartilaginous fishes	No	GCF	annotated	redStingray__LOC140740842__XP_072926494.1	redStingray__mafaa__XP_072904721.1	redStingray__mafba__XP_072918127.1		redStingray__LOC140719078__XP_072889555.1	redStingray__mafga__XP_072882308.1	redStingray__mafk__XP_072917087.1	redStingray__otx1__XP_072907299.1	redStingray__otx2b__XP_072896008.1		3.0	3.0	2.0
catshark	Scyliorhinus_torazame	Cartilaginous fishes	Yes	GCF	annotated	catshark__mafa__XP_072373938.1	catshark__mafaa__XP_072324324.1	catshark__LOC140428545__XP_072371246.1		catshark__LOC140403927__XP_072348285.1	catshark__LOC140395576__XP_072339627.1	catshark__mafk__XP_072337129.1	catshark__otx1__XP_072363412.1	catshark__otx2b__XP_072345682.1	catshark__LOC140402323__XP_072346133.1	3.0	3.0	3.0
catshark	Scyliorhinus_torazame	Cartilaginous fishes	Yes	GCF	denovo	catsharkDenovo__Unknown__TRINITY_DN68612_c0_g1_i1.p1	catsharkDenovo__Unknown__TRINITY_DN50368_c1_g1_i1.p1	catsharkDenovo__Unknown__TRINITY_DN58144_c0_g1_i1.p2	catsharkDenovo__Unknown__TRINITY_DN4533_c0_g1_i2.p3	catsharkDenovo__Unknown__TRINITY_DN33891_c0_g1_i1.p1	catsharkDenovo__Unknown__TRINITY_DN86925_c0_g1_i1.p1		catsharkDenovo__Unknown__TRINITY_DN1816_c0_g1_i1.p1	catsharkDenovo__Unknown__TRINITY_DN1784_c0_g1_i1.p1	catsharkDenovo__Unknown__TRINITY_DN1784_c0_g1_i1.p1	4.0	2.0	3.0
reefShark	Carcharhinus_amblyrhynchos	Cartilaginous fishes	Yes	GCF Near	denovo		reefSharkDenovo__Unknown__TRINITY_DN17848_c0_g1_i1.p2	reefSharkDenovo__Unknown__TRINITY_DN21881_c0_g1_i5.p2		reefSharkDenovo__Unknown__TRINITY_DN9238_c0_g2_i2.p1	reefSharkDenovo__Unknown__TRINITY_DN7961_c0_g1_i1.p1		reefSharkDenovo__Unknown__TRINITY_DN7936_c0_g1_i1.p1	reefSharkDenovo__Unknown__TRINITY_DN3752_c0_g1_i9.p1	reefSharkDenovo__Unknown__TRINITY_DN3752_c0_g1_i9.p1	2.0	2.0	3.0
bambooShark	Chiloscyllium_punctatum	Cartilaginous fishes	Yes	GCF	annotated	bambooShark__mafa__XP_072451968.1	bambooShark__mafaa__XP_072426116.1	bambooShark__LOC140462900__XP_072412445.1		bambooShark__LOC140488943__XP_072444262.1	bambooShark__LOC140464029__XP_072414753.1	bambooShark__mafk__XP_072415341.1	bambooShark__otx1__XP_072437691.1	bambooShark__otx2b__XP_072424894.1	bambooShark__LOC140454601__XP_072405569.1	3.0	3.0	3.0
bambooShark	Chiloscyllium_punctatum	Cartilaginous fishes	Yes	GCF	denovo	bambooSharkDenovo__Unknown__TRINITY_DN2442_c8_g1_i1.p1	bambooSharkDenovo__Unknown__TRINITY_DN49467_c0_g1_i1.p2	bambooSharkDenovo__Unknown__TRINITY_DN510_c3_g5_i3.p1		bambooSharkDenovo__Unknown__TRINITY_DN10530_c0_g1_i1.p1	bambooSharkDenovo__Unknown__TRINITY_DN94201_c0_g1_i4.p1	bambooSharkDenovo__Unknown__TRINITY_DN9476_c6_g1_i1.p1	bambooSharkDenovo__Unknown__TRINITY_DN74477_c0_g1_i2.p1	bambooSharkDenovo__Unknown__TRINITY_DN1700_c1_g2_i7.p1	bambooSharkDenovo__Unknown__TRINITY_DN174_c0_g2_i7.p1	3.0	3.0	3.0
nurseShark	Ginglymostoma_cirratum	Cartilaginous fishes	Yes	GCF Near	denovo	nurseSharkDenovo__Unknown__TRINITY_DN7377_c0_g1_i1.p1		nurseSharkDenovo__Unknown__TRINITY_DN1428_c5_g1_i3.p1			nurseSharkDenovo__Unknown__TRINITY_DN90521_c0_g1_i2.p1	nurseSharkDenovo__Unknown__TRINITY_DN571_c0_g2_i2.p1	nurseSharkDenovo__Unknown__TRINITY_DN3114_c0_g1_i7.p1	nurseSharkDenovo__Unknown__TRINITY_DN1882_c0_g1_i8.p1	nurseSharkDenovo__Unknown__TRINITY_DN1882_c0_g1_i8.p1	2.0	2.0	3.0
zebraShark	Stegostoma_tigrinum	Cartilaginous fishes	No	GCF	annotated	zebraShark__LOC125460078__XP_048403134.2	zebraShark__mafaa__XP_048385419.1	zebraShark__LOC125461481__XP_048406268.1		zebraShark__LOC125447181__XP_048377337.1	zebraShark__LOC125463828__XP_048411544.1	zebraShark__mafk__XP_048408027.1	zebraShark__otx1__XP_048391779.1	zebraShark__otx2b__XP_048394529.1	zebraShark__LOC125447748__XP_048378383.1	3.0	3.0	3.0
whaleShark	Rhincodon_typus	Cartilaginous fishes	No	GCF	annotated	whaleShark__mafa__XP_048462041.1	whaleShark__LOC109920499__XP_020376119.1	whaleShark__LOC109915489__XP_048464344.1		whaleShark__LOC109925329__XP_048473543.1	whaleShark__LOC125481030__XP_048466689.1	whaleShark__mafk__XP_020382141.1	whaleShark__otx1__XP_048457470.1	whaleShark__otx2b__XP_020382934.1	whaleShark__LOC109936750__XP_048474331.1	3.0	3.0	3.0
bowfin	Amia_calva	Non-teleost ray-finned fishes	Yes	GCF Near	denovo	bowfinDenovo__Unknown__TRINITY_DN10945_c0_g1_i2.p1		bowfinDenovo__Unknown__TRINITY_DN13789_c0_g1_i1.p1		bowfinDenovo__Unknown__TRINITY_DN3926_c0_g1_i2.p1	bowfinDenovo__Unknown__TRINITY_DN39931_c0_g1_i1.p1		bowfinDenovo__Unknown__TRINITY_DN815_c0_g1_i2.p1	bowfinDenovo__Unknown__TRINITY_DN692_c4_g2_i1.p1	bowfinDenovo__Unknown__TRINITY_DN8079_c0_g1_i2.p1	2.0	2.0	3.0
spottedGar	Lepisosteus_oculatus	Non-teleost ray-finned fishes	Yes	GCF	annotated	spottedGar__mafa__XP_006641197.2	spottedGar__mafaa__XP_069047236.1	spottedGar__mafba__XP_006639587.2	spottedGar__nrl__XP_069044909.1	spottedGar__maff__XP_069053156.1	spottedGar__mafgb__XP_006635210.2	spottedGar__mafk__XP_015215295.1	spottedGar__otx1__XP_006638669.2	spottedGar__otx2b__XP_006632284.1	spottedGar__LOC102686928__XP_069042592.1	4.0	3.0	3.0
spottedGar	Lepisosteus_oculatus	Non-teleost ray-finned fishes	Yes	GCF	denovo	spottedGarDenovo__Unknown__TRINITY_DN4874_c0_g1_i3.p2	spottedGarDenovo__Unknown__TRINITY_DN10751_c0_g1_i1.p1	spottedGarDenovo__Unknown__TRINITY_DN3773_c0_g1_i1.p1	spottedGarDenovo__Unknown__TRINITY_DN95_c2_g2_i2.p1	spottedGarDenovo__Unknown__TRINITY_DN5067_c0_g1_i2.p1	spottedGarDenovo__Unknown__TRINITY_DN5067_c0_g2_i5.p1	spottedGarDenovo__Unknown__TRINITY_DN29427_c0_g1_i34.p1	spottedGarDenovo__Unknown__TRINITY_DN110_c4_g1_i6.p1	spottedGarDenovo__Unknown__TRINITY_DN1707_c0_g1_i5.p1	spottedGarDenovo__Unknown__TRINITY_DN1707_c0_g1_i5.p1	4.0	3.0	3.0
floridaGar	Lepisosteus_platyrhincus	Non-teleost ray-finned fishes	Yes	GCF Near	denovo	floridaGarDenovo__Unknown__TRINITY_DN46121_c0_g1_i1.p1		floridaGarDenovo__Unknown__TRINITY_DN764_c0_g1_i1.p1	floridaGarDenovo__Unknown__TRINITY_DN1_c7_g1_i1.p1	floridaGarDenovo__Unknown__TRINITY_DN10496_c0_g4_i2.p2			floridaGarDenovo__Unknown__TRINITY_DN7066_c0_g1_i1.p1	floridaGarDenovo__Unknown__TRINITY_DN3169_c0_g1_i2.p1	floridaGarDenovo__Unknown__TRINITY_DN3169_c0_g1_i2.p1	3.0	1.0	3.0
eel	Gymnothorax_saxicola	Teleost ray-finned fishes	Yes	NoGenome	denovo	eelDenovo__Unknown__TRINITY_DN49631_c1_g1_i1.p1	eelDenovo__Unknown__TRINITY_DN22962_c0_g1_i1.p2	eelDenovo__Unknown__TRINITY_DN10285_c0_g1_i4.p1	eelDenovo__Unknown__TRINITY_DN33521_c0_g2_i7.p1	eelDenovo__Unknown__TRINITY_DN17_c1_g1_i4.p1	eelDenovo__Unknown__TRINITY_DN16734_c0_g1_i7.p2	eelDenovo__Unknown__TRINITY_DN24239_c0_g1_i6.p1			eelDenovo__Unknown__TRINITY_DN598_c0_g1_i10.p1	4.0	3.0	1.0
zebrafish	Danio_rerio	Teleost ray-finned fishes	Yes	GCF	annotated	zebrafish__mafa__XP_021323247.1,zebrafish__mafb__NP_001303598.2	zebrafish__mafaa__NP_001076409.1	zebrafish__mafba__NP_571090.2	zebrafish__nrl__NP_001035421.1	zebrafish__maff__NP_956630.1	zebrafish__mafga__XP_021325832.2,zebrafish__mafgb__XP_005169479.2	zebrafish__mafk__XP_005164260.1	zebrafish__otx1__NP_571325.2	zebrafish__otx2a__NP_571290.1,zebrafish__otx5__NP_851848.2	zebrafish__crx__NP_694419.1	4.0	3.0	3.0
zebrafish	Danio_rerio	Teleost ray-finned fishes	Yes	GCF	denovo	zebrafishDenovo__Unknown__TRINITY_DN15784_c0_g1_i1.p1	zebrafishDenovo__Unknown__TRINITY_DN52277_c0_g1_i1.p1	zebrafishDenovo__Unknown__TRINITY_DN85309_c0_g1_i1.p1	zebrafishDenovo__Unknown__TRINITY_DN112_c2_g1_i21.p1	zebrafishDenovo__Unknown__TRINITY_DN24357_c0_g1_i1.p2		zebrafishDenovo__Unknown__TRINITY_DN71006_c0_g1_i1.p2	zebrafishDenovo__Unknown__TRINITY_DN25331_c0_g1_i2.p1	zebrafishDenovo__Unknown__TRINITY_DN3855_c0_g1_i5.p1	zebrafishDenovo__Unknown__TRINITY_DN3855_c0_g1_i5.p1	4.0	2.0	3.0
grassCarp	Ctenopharyngodon_idella	Teleost ray-finned fishes	No	GCF	annotated	grassCarp__mafa__XP_051727005.1,grassCarp__mafb__XP_051739567.1	grassCarp__mafaa__XP_051754161.1	grassCarp__mafba__XP_051736520.1	grassCarp__nrl__XP_051731548.1	grassCarp__maff__XP_051771291.1	grassCarp__mafga__XP_051743368.1,grassCarp__mafgb__XP_051767641.1	grassCarp__mafk__XP_051742255.1	grassCarp__otx1__XP_051725101.1	grassCarp__otx2a__XP_051764913.1,grassCarp__otx5__XP_051718509.1	grassCarp__crx__XP_051750357.1	4.0	3.0	3.0
channelCatfish	Ictalurus_punctatus	Teleost ray-finned fishes	No	GCF	annotated	channelCatfish__mafa__XP_017322189.1,channelCatfish__mafb__XP_047015791.1	channelCatfish__mafaa__XP_053539678.1	channelCatfish__mafba__XP_017343290.1	channelCatfish__nrl__XP_053541635.1	channelCatfish__maff__XP_017339225.1	channelCatfish__mafga__XP_053530046.1,channelCatfish__mafgb__XP_017333948.1	channelCatfish__mafk__XP_017310124.1	channelCatfish__otx1__XP_017330959.1	channelCatfish__otx2a__XP_017312368.1,channelCatfish__otx5__XP_017345917.1	channelCatfish__crx__XP_017315072.1	4.0	3.0	3.0
yangtzeCatfish	Silurus_meridionalis	Teleost ray-finned fishes	Yes	GCF	annotated	yangtzeCatfish__mafa__XP_046721024.1,yangtzeCatfish__mafb__XP_046715288.1	yangtzeCatfish__mafaa__XP_046709800.1	yangtzeCatfish__mafba__XP_046725730.1	yangtzeCatfish__nrl__XP_046729803.1	yangtzeCatfish__maff__XP_046709373.1	yangtzeCatfish__mafga__XP_046721846.1,yangtzeCatfish__mafgb__XP_046713108.1	yangtzeCatfish__mafk__XP_046690455.1	yangtzeCatfish__otx1__XP_046711104.1	yangtzeCatfish__otx2a__XP_046693058.1,yangtzeCatfish__otx5__XP_046719411.1	yangtzeCatfish__crx__XP_046695462.1	4.0	3.0	3.0
yangtzeCatfish	Silurus_meridionalis	Teleost ray-finned fishes	Yes	GCF	denovo	yangtzeCatfishDenovo__Unknown__TRINITY_DN9366_c1_g1_i1.p2		yangtzeCatfishDenovo__Unknown__TRINITY_DN5320_c4_g1_i1.p1	yangtzeCatfishDenovo__Unknown__TRINITY_DN2946_c1_g1_i1.p1	yangtzeCatfishDenovo__Unknown__TRINITY_DN8217_c0_g3_i7.p2	yangtzeCatfishDenovo__Unknown__TRINITY_DN6074_c0_g1_i4.p1		yangtzeCatfishDenovo__Unknown__TRINITY_DN6440_c1_g1_i1.p1	yangtzeCatfishDenovo__Unknown__TRINITY_DN418_c0_g3_i7.p1	yangtzeCatfishDenovo__Unknown__TRINITY_DN418_c0_g3_i7.p1	3.0	2.0	3.0
piranha	Pygocentrus_nattereri	Teleost ray-finned fishes	No	GCF	annotated	piranha__mafa__XP_017564729.1,piranha__mafb__XP_017554927.1	piranha__mafaa__XP_017577129.1	piranha__mafba__XP_017553718.1	piranha__nrl__XP_017553181.1	piranha__maff__XP_017560970.1	piranha__mafga__XP_017569580.1,piranha__mafgb__XP_037400945.1	piranha__mafk__XP_017562994.1	piranha__otx1__XP_017560465.1	piranha__otx2a__XP_017572022.1,piranha__otx5__XP_017578892.1	piranha__crx__XP_017569370.1	4.0	3.0	3.0
northernPike	Esox_lucius	Teleost ray-finned fishes	Yes	GCF	annotated	northernPike__LOC105022181__XP_010888682.1,northernPike__mafa__XP_019895967.1	northernPike__mafaa__XP_010870766.1	northernPike__mafba__XP_019907591.2,northernPike__mafbb__XP_010880215.1	northernPike__nrl__XP_010870577.1	northernPike__maff__XP_010893859.1	northernPike__LOC105013039__XP_010872589.1,northernPike__mafgb__XP_028978188.1	northernPike__mafk__XP_010872892.1	northernPike__otx1__XP_010865940.1	northernPike__LOC105021530__XP_019905224.2,northernPike__otx5__XP_010896957.3	northernPike__crx__XP_010869096.1	4.0	3.0	3.0
northernPike	Esox_lucius	Teleost ray-finned fishes	Yes	GCF	denovo	northernPikeDenovo__Unknown__TRINITY_DN5580_c2_g2_i1.p1	northernPikeDenovo__Unknown__TRINITY_DN18254_c0_g1_i1.p1	northernPikeDenovo__Unknown__TRINITY_DN4145_c2_g1_i2.p1	northernPikeDenovo__Unknown__TRINITY_DN451_c0_g1_i12.p1	northernPikeDenovo__Unknown__TRINITY_DN2890_c0_g2_i2.p2	northernPikeDenovo__Unknown__TRINITY_DN2890_c0_g5_i1.p1	northernPikeDenovo__Unknown__TRINITY_DN9584_c0_g1_i5.p1	northernPikeDenovo__Unknown__TRINITY_DN7752_c0_g2_i2.p1	northernPikeDenovo__Unknown__TRINITY_DN508_c2_g1_i2.p1	northernPikeDenovo__Unknown__TRINITY_DN508_c0_g1_i1.p1	4.0	3.0	3.0
lanternFish	Electrona_risso	Teleost ray-finned fishes	Yes	NoGenome	denovo				lanternFishDenovo__Unknown__TRINITY_DN43567_c0_g1_i1.p2					lanternFishDenovo__Unknown__TRINITY_DN576_c0_g1_i3.p1	lanternFishDenovo__Unknown__TRINITY_DN576_c0_g1_i3.p1	1.0	0.0	2.0
cod	Gadus_morhua	Teleost ray-finned fishes	Yes	GCF	annotated	cod__mafa__XP_030233636.1	cod__mafaa__XP_030229457.1	cod__mafba__XP_030211285.1,cod__mafbb__XP_030229769.1	cod__nrl__XP_030229459.1	cod__LOC115531400__XP_074930269.1	cod__LOC115539323__XP_030206232.1,cod__mafgb__XP_030208298.1	cod__mafk__XP_030206167.1	cod__otx1__XP_030235839.1	cod__LOC115539721__XP_030206357.1,cod__LOC115528900__XP_030193154.1	cod__crx__XP_030218380.1	4.0	3.0	3.0
cod	Gadus_morhua	Teleost ray-finned fishes	Yes	GCF	denovo			codDenovo__Unknown__TRINITY_DN342_c1_g1_i1.p1	codDenovo__Unknown__TRINITY_DN200_c1_g1_i3.p1					codDenovo__Unknown__TRINITY_DN7360_c0_g1_i2.p1	codDenovo__Unknown__TRINITY_DN528_c1_g1_i1.p1	2.0	0.0	2.0
tuna	Thunnus_albacares	Teleost ray-finned fishes	Yes	GCF	annotated	tuna__mafa__XP_044203536.1,tuna__mafb__XP_044212074.1	tuna__mafaa__XP_044217031.1	tuna__mafba__XP_044207803.1,tuna__mafbb__XP_044204647.1	tuna__nrl__XP_044216424.1	tuna__maff__XP_044193825.1	tuna__LOC122966582__XP_044186748.1,tuna__mafgb__XP_044202054.1	tuna__mafk__XP_044186196.1	tuna__otx1__XP_044229764.1	tuna__LOC122976959__XP_044201435.1,tuna__LOC122983364__XP_044208999.1	tuna__crx__XP_044225469.1	4.0	3.0	3.0
tuna	Thunnus_albacares	Teleost ray-finned fishes	Yes	GCF	denovo			tunaDenovo__Unknown__TRINITY_DN4544_c0_g1_i1.p1	tunaDenovo__Unknown__TRINITY_DN3893_c0_g1_i1.p1	tunaDenovo__Unknown__TRINITY_DN2230_c0_g3_i1.p1	tunaDenovo__Unknown__TRINITY_DN45236_c0_g1_i1.p1	tunaDenovo__Unknown__TRINITY_DN33611_c0_g1_i1.p1		tunaDenovo__Unknown__TRINITY_DN177_c1_g1_i16.p1	tunaDenovo__Unknown__TRINITY_DN177_c1_g1_i16.p1	2.0	3.0	2.0
snakeheadFish	Channa_argus	Teleost ray-finned fishes	No	GCF	annotated	snakeheadFish__LOC137125426__XP_067356963.1,snakeheadFish__mafa__XP_067343238.1	snakeheadFish__mafaa__XP_067370396.1	snakeheadFish__LOC137127917__XP_067361581.1,snakeheadFish__mafba__XP_067383503.1	snakeheadFish__nrl__XP_067370542.1	snakeheadFish__maff__XP_067343664.1	snakeheadFish__LOC137099843__XP_067333265.1,snakeheadFish__mafgb__XP_067354826.1	snakeheadFish__mafk__XP_067332667.1	snakeheadFish__otx1__XP_067369269.1	snakeheadFish__LOC137124486__XP_067355659.1,snakeheadFish__LOC137129553__XP_067364930.1	snakeheadFish__crx__XP_067350591.1	4.0	3.0	3.0
cichlid	Archocentrus_centrarchus	Teleost ray-finned fishes	Yes	GCF Near	denovo	cichlidDenovo__Unknown__TRINITY_DN43933_c0_g1_i1.p1		cichlidDenovo__Unknown__TRINITY_DN51_c1_g1_i1.p1	cichlidDenovo__Unknown__TRINITY_DN244_c0_g1_i1.p1	cichlidDenovo__Unknown__TRINITY_DN48907_c0_g1_i1.p1			cichlidDenovo__Unknown__TRINITY_DN5108_c0_g1_i1.p1	cichlidDenovo__Unknown__TRINITY_DN7215_c0_g1_i1.p1	cichlidDenovo__Unknown__TRINITY_DN7215_c0_g1_i1.p1	3.0	1.0	3.0
flavescentPeacockFish	Aulonocara_stuartgranti	Teleost ray-finned fishes	No	GCF	annotated	flavescentPeacockFish__LOC115781690__XP_030587350.1,flavescentPeacockFish__mafa__XP_030613676.1	flavescentPeacockFish__mafaa__XP_030584217.1	flavescentPeacockFish__LOC115780235__XP_030585184.1,flavescentPeacockFish__mafba__XP_030590400.1	flavescentPeacockFish__nrl__XP_030583765.1	flavescentPeacockFish__LOC115798469__XP_074930552.1	flavescentPeacockFish__LOC115785214__XP_030592582.1,flavescentPeacockFish__mafgb__XP_030592808.1	flavescentPeacockFish__mafk__XP_030591848.1	flavescentPeacockFish__otx1__XP_030603933.1	flavescentPeacockFish__LOC115784140__XP_030591115.1,flavescentPeacockFish__LOC115790034__XP_030599542.1	flavescentPeacockFish__crx__XP_030601988.1	4.0	3.0	3.0
yellowPeacockFish	Aulonocara_baenschi	Teleost ray-finned fishes	Yes	GCF Near	denovo	yellowPeacockFishDenovo__Unknown__TRINITY_DN17161_c0_g1_i1.p1	yellowPeacockFishDenovo__Unknown__TRINITY_DN83637_c0_g1_i1.p1	yellowPeacockFishDenovo__Unknown__TRINITY_DN6718_c0_g1_i1.p1	yellowPeacockFishDenovo__Unknown__TRINITY_DN1945_c0_g1_i2.p1	yellowPeacockFishDenovo__Unknown__TRINITY_DN4395_c0_g1_i2.p2	yellowPeacockFishDenovo__Unknown__TRINITY_DN10960_c0_g1_i5.p1	yellowPeacockFishDenovo__Unknown__TRINITY_DN97312_c0_g1_i1.p1	yellowPeacockFishDenovo__Unknown__TRINITY_DN12787_c0_g1_i2.p1	yellowPeacockFishDenovo__Unknown__TRINITY_DN4424_c0_g2_i1.p1	yellowPeacockFishDenovo__Unknown__TRINITY_DN4424_c0_g2_i1.p1	4.0	3.0	3.0
triggerfish	Rhinecanthus_aculeatus	Teleost ray-finned fishes	Yes	GCF Near	denovo					triggerfishDenovo__Unknown__TRINITY_DN8554_c0_g1_i2.p1				triggerfishDenovo__Unknown__TRINITY_DN301_c0_g1_i2.p1	triggerfishDenovo__Unknown__TRINITY_DN301_c0_g1_i2.p1	0.0	1.0	2.0
oceanJacket	Nelusetta_ayraudi	Teleost ray-finned fishes	No	GCF	annotated	oceanJacket__LOC142903523__XP_075905321.1,oceanJacket__mafa__XP_075879646.1	oceanJacket__mafaa__XP_075901712.1	oceanJacket__mafba__XP_075882207.1,oceanJacket__mafbb__XP_075903975.1	oceanJacket__nrl__XP_075895450.1	oceanJacket__maff__XP_075890875.1	oceanJacket__LOC142886990__XP_075880409.1,oceanJacket__mafgb__XP_075895695.1	oceanJacket__mafk__XP_075894952.1	oceanJacket__otx1__XP_075906938.1	oceanJacket__LOC142881380__XP_075871769.1,oceanJacket__LOC142903351__XP_075905034.1,oceanJacket__LOC142903970__XP_075905998.1	oceanJacket__LOC142884405__XP_075876083.1	4.0	3.0	3.0
giltheadBream	Sparus_aurata	Teleost ray-finned fishes	Yes	GCF	annotated	giltheadBream__LOC115586770__XP_030281966.1,giltheadBream__mafa__XP_030270417.1	giltheadBream__mafaa__XP_030287986.1	giltheadBream__mafba__XP_030279318.1,giltheadBream__mafbb__XP_030276052.1	giltheadBream__nrl__XP_030288310.1	giltheadBream__maff__XP_030257020.1	giltheadBream__LOC115576097__XP_030264467.1,giltheadBream__mafgb__XP_030252038.1	giltheadBream__mafk__XP_030264057.1	giltheadBream__otx1__XP_030296709.1	giltheadBream__LOC115592924__XP_030292055.1,giltheadBream__LOC115594333__XP_030294209.1	giltheadBream__crx__XP_030293809.1	4.0	3.0	3.0
giltheadBream	Sparus_aurata	Teleost ray-finned fishes	Yes	GCF	denovo			giltheadBreamDenovo__Unknown__TRINITY_DN9304_c2_g2_i1.p1	giltheadBreamDenovo__Unknown__TRINITY_DN3014_c0_g2_i1.p1					giltheadBreamDenovo__Unknown__TRINITY_DN4044_c0_g1_i2.p1	giltheadBreamDenovo__Unknown__TRINITY_DN4044_c0_g1_i2.p1	2.0	0.0	2.0
oldwife	Enoplosus_armatus	Teleost ray-finned fishes	No	GCF	annotated	oldwife__LOC139286594__XP_070763562.1,oldwife__mafa__XP_070760746.1	oldwife__mafaa__XP_070765312.1	oldwife__mafba__XP_070766159.1,oldwife__mafbb__XP_070758187.1	oldwife__nrl__XP_070764973.1	oldwife__maff__XP_070783430.1	oldwife__LOC139300464__XP_070779677.1,oldwife__mafgb__XP_070778961.1	oldwife__mafk__XP_070778581.1	oldwife__otx1__XP_070772027.1	oldwife__LOC139294521__XP_070772537.1,oldwife__LOC139285196__XP_070761798.1	oldwife__crx__XP_070773366.1	4.0	3.0	3.0
bluegill	Lepomis_macrochirus	Teleost ray-finned fishes	Yes	GCF Near	denovo	bluegillDenovo__Unknown__TRINITY_DN9939_c0_g1_i1.p2	bluegillDenovo__Unknown__TRINITY_DN10979_c0_g1_i6.p1	bluegillDenovo__Unknown__TRINITY_DN1031_c1_g1_i8.p1	bluegillDenovo__Unknown__TRINITY_DN114_c13_g1_i13.p1	bluegillDenovo__Unknown__TRINITY_DN271_c0_g1_i4.p1	bluegillDenovo__Unknown__TRINITY_DN3176_c1_g1_i2.p1	bluegillDenovo__Unknown__TRINITY_DN16904_c1_g1_i2.p1	bluegillDenovo__Unknown__TRINITY_DN2873_c0_g3_i1.p1	bluegillDenovo__Unknown__TRINITY_DN2248_c1_g1_i4.p1	bluegillDenovo__Unknown__TRINITY_DN2316_c1_g2_i1.p1	4.0	3.0	3.0
coelacanth	Latimeria_chalumnae	Lobe-finned fishes	No	GCF	annotated	coelacanth__LOC102348657__XP_014344902.1	coelacanth__MAFAA__XP_006007664.1	coelacanth__LOC102365976__XP_005990472.1	coelacanth__LOC102354056__XP_005994483.1	coelacanth__LOC102353766__XP_014352934.1	coelacanth__LOC102359190__XP_064423458.1		coelacanth__OTX1__XP_005989615.1	coelacanth__OTX2B__XP_005986517.1	coelacanth__LOC102351276__XP_005987868.1	4.0	2.0	3.0
lungfish	Protopterus_annectens	Lobe-finned fishes	No	GCF	annotated	lungfish__MAF__XP_043937739.1	lungfish__MAFA__XP_043923271.1	lungfish__MAFB__XP_043946392.1	lungfish__LOC122790346__XP_043913796.1	lungfish__MAFF__XP_043924399.1	lungfish__MAFG__XP_043924159.1		lungfish__OTX1__XP_043911449.1	lungfish__OTX2__XP_043930372.1	lungfish__LOC122811864__XP_043940051.1	4.0	2.0	3.0
tinyCaecilian	Microcaecilia_unicolor	Amphibians	No	GCF	annotated	tinyCaecilian__MAF__XP_030060362.1	tinyCaecilian__MAFA__XP_030075691.1	tinyCaecilian__MAFB__XP_030068487.1	tinyCaecilian__NRL__XP_030043638.1	tinyCaecilian__MAFF__XP_030064149.1	tinyCaecilian__LOC115462212__XP_030048085.1,tinyCaecilian__MAFG__XP_030061033.1	tinyCaecilian__MAFK__XP_030068393.1	tinyCaecilian__OTX1__XP_030050515.1	tinyCaecilian__OTX2__XP_030070658.1	tinyCaecilian__CRX__XP_030075057.1	4.0	3.0	3.0
twolinedCaecilian	Rhinatrema_bivittatum	Amphibians	No	GCF	annotated	twolinedCaecilian__MAF__XP_029464021.1	twolinedCaecilian__MAFA__XP_029448037.1	twolinedCaecilian__LOC115097897__XP_029469921.1	twolinedCaecilian__NRL__XP_029436441.1	twolinedCaecilian__MAFF__XP_029446022.1	twolinedCaecilian__MAFG__XP_029454938.1	twolinedCaecilian__MAFK__XP_029432539.1	twolinedCaecilian__OTX1__XP_029449529.1	twolinedCaecilian__OTX2__XP_029453271.1	twolinedCaecilian__LOC115100559__XP_029474937.1,twolinedCaecilian__LOC115100686__XP_029475258.1	4.0	3.0	3.0
chineseSalamander	Andrias_davidianus	Amphibians	Yes	GCF Near	denovo	chineseSalamanderDenovo__Unknown__TRINITY_DN7869_c2_g1_i1.p1	chineseSalamanderDenovo__Unknown__TRINITY_DN45281_c0_g1_i1.p1	chineseSalamanderDenovo__Unknown__TRINITY_DN30536_c0_g1_i2.p1	chineseSalamanderDenovo__Unknown__TRINITY_DN15256_c0_g3_i1.p1	chineseSalamanderDenovo__Unknown__TRINITY_DN98594_c0_g1_i1.p2	chineseSalamanderDenovo__Unknown__TRINITY_DN13272_c0_g1_i1.p1	chineseSalamanderDenovo__Unknown__TRINITY_DN56040_c0_g1_i2.p1	chineseSalamanderDenovo__Unknown__TRINITY_DN10725_c1_g1_i4.p1	chineseSalamanderDenovo__Unknown__TRINITY_DN94097_c0_g1_i1.p2	chineseSalamanderDenovo__Unknown__TRINITY_DN1080_c0_g1_i1.p1	4.0	3.0	3.0
axolotl	Ambystoma_mexicanum	Amphibians	No	GCF	annotated	axolotl__MAF__XP_069508968.1	axolotl__MAFA__XP_069477854.1	axolotl__MAFB__XP_069508371.1	axolotl__LOC138521230__XP_069490020.1	axolotl__MAFF__XP_069509081.1	axolotl__MAFG__XP_069511406.1	axolotl__MAFK__XP_069503740.1	axolotl__OTX1__XP_069464308.1	axolotl__OTX2__XP_069494173.1	axolotl__LOC138566747__XP_069500480.1	4.0	3.0	3.0
redSalamander	Plethodon_cinereus	Amphibians	Yes	GCF Near	denovo	redSalamanderDenovo__Unknown__TRINITY_DN19329_c0_g1_i1.p1	redSalamanderDenovo__Unknown__TRINITY_DN3785_c6_g1_i3.p1	redSalamanderDenovo__Unknown__TRINITY_DN22393_c0_g1_i1.p1	redSalamanderDenovo__Unknown__TRINITY_DN3202_c1_g1_i9.p1	redSalamanderDenovo__Unknown__TRINITY_DN12403_c0_g1_i2.p2	redSalamanderDenovo__Unknown__TRINITY_DN278064_c0_g1_i1.p1	redSalamanderDenovo__Unknown__TRINITY_DN26937_c0_g1_i1.p1	redSalamanderDenovo__Unknown__TRINITY_DN2759_c0_g2_i1.p1	redSalamanderDenovo__Unknown__TRINITY_DN271388_c0_g1_i1.p1	redSalamanderDenovo__Unknown__TRINITY_DN1457_c1_g1_i8.p1	4.0	3.0	3.0
himalayaFrog	Nanorana_parkeri	Amphibians	No	GCF	annotated	himalayaFrog__MAF__XP_018411242.1	himalayaFrog__MAFA__XP_018414465.1	himalayaFrog__MAFB__XP_018411672.1	himalayaFrog__LOC108786756__XP_018411616.1	himalayaFrog__MAFF__XP_018426547.1	himalayaFrog__MAFG__XP_018409131.1	himalayaFrog__MAFK__XP_018412616.1	himalayaFrog__OTX1__XP_018411224.1	himalayaFrog__OTX2__XP_018418283.1	himalayaFrog__CRX__XP_018411526.1	4.0	3.0	3.0
westernFrog	Xenopus_tropicalis	Amphibians	Yes	GCF	annotated	westernFrog__maf__NP_001027476.1	westernFrog__mafa__NP_001027475.1	westernFrog__mafb__NP_001025694.1	westernFrog__nrl__XP_012808720.1	westernFrog__maff__XP_002934281.1	westernFrog__mafg__XP_004916428.1	westernFrog__mafk__XP_031748285.1	westernFrog__otx1__XP_031757465.1	westernFrog__otx2__XP_012823826.1	westernFrog__crx__XP_012823813.2	4.0	3.0	3.0
westernFrog	Xenopus_tropicalis	Amphibians	Yes	GCF	denovo	westernFrogDenovo__Unknown__TRINITY_DN48255_c1_g1_i2.p1	westernFrogDenovo__Unknown__TRINITY_DN144466_c0_g1_i1.p2	westernFrogDenovo__Unknown__TRINITY_DN5068_c0_g1_i1.p1	westernFrogDenovo__Unknown__TRINITY_DN48255_c0_g1_i1.p1	westernFrogDenovo__Unknown__TRINITY_DN3796_c0_g1_i25.p1	westernFrogDenovo__Unknown__TRINITY_DN25049_c0_g1_i1.p1	westernFrogDenovo__Unknown__TRINITY_DN5471_c0_g1_i11.p1	westernFrogDenovo__Unknown__TRINITY_DN10263_c0_g1_i2.p1	westernFrogDenovo__Unknown__TRINITY_DN500_c0_g1_i16.p1	westernFrogDenovo__Unknown__TRINITY_DN4469_c1_g2_i2.p1	4.0	3.0	3.0
africanFrog	Xenopus_laevis	Amphibians	Yes	GCF	annotated	africanFrog__maf.L__XP_041446090.1,africanFrog__maf.S__XP_041417067.1	africanFrog__mafa.L__XP_018123804.1,africanFrog__mafa.S__XP_018079484.1	africanFrog__mafb.L__XP_018090693.1,africanFrog__mafb.S__NP_001083852.1	africanFrog__nrl.L__XP_018115091.1,africanFrog__nrl.S__NP_001079206.1	africanFrog__maff.L__XP_018114367.1,africanFrog__maff.S__XP_018115181.1	africanFrog__mafg.L__XP_041432720.1	africanFrog__mafk.L__XP_041432184.1,africanFrog__mafk.S__XP_018094625.1	africanFrog__otx1.L__XP_018117180.1	africanFrog__otx2.L__XP_018084329.1,africanFrog__otx2.S__NP_001084160.1	africanFrog__crx.L__NP_001081916.1,africanFrog__crx.S__XP_041429996.1	4.0	3.0	3.0
africanFrog	Xenopus_laevis	Amphibians	Yes	GCF	denovo	africanFrogDenovo__Unknown__TRINITY_DN1995_c0_g1_i8.p1	africanFrogDenovo__Unknown__TRINITY_DN4799_c0_g1_i4.p1	africanFrogDenovo__Unknown__TRINITY_DN4055_c0_g1_i9.p1	africanFrogDenovo__Unknown__TRINITY_DN6850_c0_g1_i4.p1	africanFrogDenovo__Unknown__TRINITY_DN34057_c0_g1_i12.p1	africanFrogDenovo__Unknown__TRINITY_DN37798_c0_g1_i1.p1	africanFrogDenovo__Unknown__TRINITY_DN74455_c0_g1_i1.p1		africanFrogDenovo__Unknown__TRINITY_DN35711_c0_g1_i11.p1	africanFrogDenovo__Unknown__TRINITY_DN1648_c0_g1_i9.p1	4.0	3.0	2.0
tokayGecko	Gekko_gecko	Squamata (lizards and snakes)	Yes	GCF Near	denovo	tokayGeckoDenovo__Unknown__TRINITY_DN1916_c0_g1_i7.p1	tokayGeckoDenovo__Unknown__TRINITY_DN2203_c0_g1_i2.p5	tokayGeckoDenovo__Unknown__TRINITY_DN307_c4_g1_i1.p2	tokayGeckoDenovo__Unknown__TRINITY_DN1067_c0_g1_i2.p1	tokayGeckoDenovo__Unknown__TRINITY_DN2687_c0_g1_i2.p1	tokayGeckoDenovo__Unknown__TRINITY_DN4607_c0_g1_i9.p1	tokayGeckoDenovo__Unknown__TRINITY_DN6989_c0_g1_i1.p1	tokayGeckoDenovo__Unknown__TRINITY_DN957_c7_g1_i1.p3	tokayGeckoDenovo__Unknown__TRINITY_DN4063_c0_g1_i8.p1	tokayGeckoDenovo__Unknown__TRINITY_DN4063_c0_g1_i8.p1	4.0	3.0	3.0
japaneseGecko	Gekko_japonicus	Squamata (lizards and snakes)	No	GCF	annotated	japaneseGecko__MAF__XP_015285014.1	japaneseGecko__MAFA__XP_015273594.1	japaneseGecko__MAFB__XP_015260977.1	japaneseGecko__NRL__XP_015269140.1	japaneseGecko__MAFF__XP_015274659.1	japaneseGecko__MAFG__XP_015275850.1	japaneseGecko__MAFK__XP_015276628.1	japaneseGecko__LOC107107343__XP_015263117.1	japaneseGecko__OTX2__XP_015262914.1	japaneseGecko__LOC107121371__XP_015279773.1	4.0	3.0	3.0
sandLizard	Lacerta_agilis	Squamata (lizards and snakes)	No	GCF	annotated	sandLizard__MAF__XP_033013070.1	sandLizard__MAFA__XP_033011850.1	sandLizard__MAFB__XP_033009283.1	sandLizard__NRL__XP_033026288.1	sandLizard__MAFF__XP_033018043.1	sandLizard__MAFG__XP_032994994.1	sandLizard__MAFK__XP_033022525.1	sandLizard__OTX1__XP_033001507.1	sandLizard__OTX2__XP_033024617.1	sandLizard__LOC117052044__XP_033014662.1	4.0	3.0	3.0
tawnyDragon	Ctenophorus_decresii	Squamata (lizards and snakes)	Yes	GCF Near	denovo	tawnyDragonDenovo__Unknown__TRINITY_DN1040_c26_g1_i1.p2	tawnyDragonDenovo__Unknown__TRINITY_DN7913_c3_g1_i1.p3	tawnyDragonDenovo__Unknown__TRINITY_DN1840_c1_g1_i1.p1	tawnyDragonDenovo__Unknown__TRINITY_DN174348_c0_g1_i1.p1	tawnyDragonDenovo__Unknown__TRINITY_DN9032_c0_g1_i1.p1	tawnyDragonDenovo__Unknown__TRINITY_DN5115_c0_g1_i4.p1	tawnyDragonDenovo__Unknown__TRINITY_DN8715_c0_g1_i33.p1	tawnyDragonDenovo__Unknown__TRINITY_DN29177_c0_g1_i6.p1	tawnyDragonDenovo__Unknown__TRINITY_DN2840_c0_g1_i9.p2	tawnyDragonDenovo__Unknown__TRINITY_DN2840_c0_g1_i9.p2	4.0	3.0	3.0
beardedDragon	Pogona_vitticeps	Squamata (lizards and snakes)	No	GCF	annotated	beardedDragon__MAF__XP_020657363.1	beardedDragon__MAFA__XP_020669048.1	beardedDragon__MAFB__XP_020644911.1	beardedDragon__NRL__XP_020664985.1	beardedDragon__MAFF__XP_020643246.1	beardedDragon__MAFG__XP_020670010.1	beardedDragon__MAFK__XP_020659950.1	beardedDragon__OTX1__XP_020646291.1	beardedDragon__OTX2__XP_020658164.1	beardedDragon__LOC110088518__XP_020666511.1	4.0	3.0	3.0
greenAnole	Anolis_carolinensis	Squamata (lizards and snakes)	Yes	GCF	annotated	greenAnole__maf__XP_008112130.2	greenAnole__mafa__XP_062835983.1	greenAnole__mafb__XP_008115790.2	greenAnole__nrl__XP_062814062.1	greenAnole__maff__XP_003227196.2	greenAnole__mafg__XP_008102792.1	greenAnole__mafk__XP_008116599.1	greenAnole__otx1__XP_062815107.1	greenAnole__otx2__XP_062824717.1	greenAnole__LOC100559672__XP_062818439.1	4.0	3.0	3.0
greenAnole	Anolis_carolinensis	Squamata (lizards and snakes)	Yes	GCF	denovo	greenAnoleDenovo__Unknown__TRINITY_DN17345_c0_g1_i1.p2	greenAnoleDenovo__Unknown__TRINITY_DN3642_c0_g1_i1.p2	greenAnoleDenovo__Unknown__TRINITY_DN5789_c0_g1_i1.p2	greenAnoleDenovo__Unknown__TRINITY_DN6610_c2_g1_i3.p1	greenAnoleDenovo__Unknown__TRINITY_DN5970_c0_g1_i2.p1	greenAnoleDenovo__Unknown__TRINITY_DN3426_c0_g4_i2.p1	greenAnoleDenovo__Unknown__TRINITY_DN6663_c0_g1_i1.p1		greenAnoleDenovo__Unknown__TRINITY_DN615_c1_g1_i2.p1	greenAnoleDenovo__Unknown__TRINITY_DN615_c1_g1_i2.p1	4.0	3.0	2.0
brownAnole	Anolis_sagrei	Squamata (lizards and snakes)	No	GCF	annotated	brownAnole__MAF__XP_060644362.2	brownAnole__MAFA__XP_060631969.2	brownAnole__MAFB__XP_060628215.2	brownAnole__NRL__XP_060635977.1	brownAnole__MAFF__XP_060633020.1	brownAnole__MAFG__XP_060620842.1	brownAnole__LOC132782144__XP_060642834.2,brownAnole__LOC137095487__XP_067318314.1	brownAnole__OTX1__XP_067325612.1	brownAnole__OTX2__XP_067319192.1	brownAnole__LOC132780209__XP_060639772.1,brownAnole__LOC137095319__XP_067317913.1	4.0	3.0	3.0
python	Python_bivittatus	Squamata (lizards and snakes)	No	GCF	annotated	python__LOC103049108__XP_025027841.1		python__MAFB__XP_015744577.1	python__NRL__XP_007437369.1	python__MAFF__XP_025025777.1	python__MAFG__XP_007427839.1	python__MAFK__XP_007442315.1	python__LOC103067230__XP_025022551.1	python__OTX2__XP_007422992.1	python__CRX__XP_007427043.1	3.0	3.0	3.0
groundBoa	Candoia_aspera	Squamata (lizards and snakes)	No	GCF	annotated	groundBoa__MAF__XP_063169066.1	groundBoa__MAFA__XP_063156075.1	groundBoa__MAFB__XP_063153241.1	groundBoa__NRL__XP_063157679.1	groundBoa__MAFF__XP_063164167.1	groundBoa__MAFG__XP_063149356.1	groundBoa__MAFK__XP_063170913.1	groundBoa__OTX1__XP_063147491.1	groundBoa__OTX2__XP_063150066.1	groundBoa__LOC134503250__XP_063168066.1	4.0	3.0	3.0
cobra	Naja_naja	Squamata (lizards and snakes)	Yes	GCF Near	denovo	cobraDenovo__Unknown__TRINITY_DN21661_c0_g1_i1.p2		cobraDenovo__Unknown__TRINITY_DN55440_c0_g1_i1.p1		cobraDenovo__Unknown__TRINITY_DN26967_c0_g1_i1.p1			cobraDenovo__Unknown__TRINITY_DN10102_c0_g1_i1.p1	cobraDenovo__Unknown__TRINITY_DN34587_c0_g1_i1.p1	cobraDenovo__Unknown__TRINITY_DN34587_c0_g1_i1.p1	2.0	1.0	3.0
garterSnake	Thamnophis_sirtalis	Squamata (lizards and snakes)	Yes	GCF	annotated	garterSnake__LOC106551874__XP_013925512.1	garterSnake__MAFA__XP_013917130.1	garterSnake__MAFB__XP_013914637.1	garterSnake__LOC106552296__XP_013926010.1	garterSnake__MAFF__XP_013910419.1	garterSnake__MAFG__XP_013916963.1	garterSnake__MAFK__XP_013916685.1	garterSnake__OTX1__XP_013919834.1	garterSnake__LOC106538813__XP_013908912.1,garterSnake__LOC106538819__XP_013908919.1	garterSnake__LOC106555201__XP_013929460.1	4.0	3.0	3.0
garterSnake	Thamnophis_sirtalis	Squamata (lizards and snakes)	Yes	GCF	denovo	garterSnakeDenovo__Unknown__TRINITY_DN14451_c0_g1_i1.p1	garterSnakeDenovo__Unknown__TRINITY_DN1809_c0_g4_i1.p2	garterSnakeDenovo__Unknown__TRINITY_DN2443_c0_g1_i1.p2	garterSnakeDenovo__Unknown__TRINITY_DN7014_c0_g1_i5.p2	garterSnakeDenovo__Unknown__TRINITY_DN1632_c0_g1_i2.p1	garterSnakeDenovo__Unknown__TRINITY_DN40720_c0_g1_i1.p1	garterSnakeDenovo__Unknown__TRINITY_DN63139_c0_g1_i1.p1	garterSnakeDenovo__Unknown__TRINITY_DN5126_c0_g1_i9.p1	garterSnakeDenovo__Unknown__TRINITY_DN588_c0_g1_i15.p1	garterSnakeDenovo__Unknown__TRINITY_DN588_c0_g1_i15.p1	4.0	3.0	3.0
cornSnake	Pantherophis_guttatus	Squamata (lizards and snakes)	No	GCF	annotated	cornSnake__MAF__XP_034281304.1	cornSnake__MAFA__XP_034275836.1	cornSnake__MAFB__XP_034269821.1	cornSnake__NRL__XP_060540776.1	cornSnake__MAFF__XP_034259519.1	cornSnake__MAFG__XP_034268786.1	cornSnake__MAFK__XP_034297459.1	cornSnake__OTX1__XP_060545338.1	cornSnake__OTX2__XP_034289343.1	cornSnake__LOC117677699__XP_034293968.1	4.0	3.0	3.0
greenTurtle	Chelonia_mydas	Turtles	No	GCF	annotated	greenTurtle__MAF__XP_043381875.1	greenTurtle__MAFA__XP_043394915.1	greenTurtle__MAFB__XP_037771984.1	greenTurtle__NRL__XP_037733020.2	greenTurtle__MAFF__XP_043399227.1	greenTurtle__MAFG__XP_037770029.1	greenTurtle__MAFK__XP_007065416.2	greenTurtle__OTX1__XP_037752009.1	greenTurtle__OTX2__XP_043405691.1	greenTurtle__CRX__XP_037740430.1	4.0	3.0	3.0
redTurtle	Trachemys_scripta	Turtles	No	GCF	annotated	redTurtle__MAF__XP_034643984.1	redTurtle__MAFA__XP_034619612.1	redTurtle__MAFB__XP_034643486.1		redTurtle__MAFF__XP_034632554.1	redTurtle__MAFG__XP_034645930.1	redTurtle__MAFK__XP_034638928.1	redTurtle__OTX1__XP_034622837.1	redTurtle__OTX2__XP_034626473.1	redTurtle__CRX__XP_034648312.1	3.0	3.0	3.0
americanAlligator	Alligator_mississippiensis	Crocodiles	Yes	GCF	annotated	americanAlligator__MAF__XP_059569876.1	americanAlligator__MAFA__XP_006262735.1	americanAlligator__MAFB__XP_006265382.1	americanAlligator__NRL__XP_059586442.1	americanAlligator__MAFF__XP_059582394.1	americanAlligator__MAFG__XP_006270717.1	americanAlligator__MAFK__XP_019350258.2	americanAlligator__OTX1__XP_019356250.2	americanAlligator__OTX2__XP_019335474.1	americanAlligator__LOC102576692__XP_006265011.1	4.0	3.0	3.0
americanAlligator	Alligator_mississippiensis	Crocodiles	Yes	GCF	denovo	americanAlligatorDenovo__Unknown__TRINITY_DN2819_c2_g1_i1.p1	americanAlligatorDenovo__Unknown__TRINITY_DN17678_c2_g1_i1.p1	americanAlligatorDenovo__Unknown__TRINITY_DN6785_c1_g2_i1.p1	americanAlligatorDenovo__Unknown__TRINITY_DN39821_c0_g1_i1.p1	americanAlligatorDenovo__Unknown__TRINITY_DN25409_c0_g1_i2.p2	americanAlligatorDenovo__Unknown__TRINITY_DN16465_c2_g2_i1.p2	americanAlligatorDenovo__Unknown__TRINITY_DN16465_c2_g1_i4.p1	americanAlligatorDenovo__Unknown__TRINITY_DN3711_c0_g2_i2.p2	americanAlligatorDenovo__Unknown__TRINITY_DN223_c0_g1_i30.p1	americanAlligatorDenovo__Unknown__TRINITY_DN223_c0_g1_i30.p1	4.0	3.0	3.0
chineseAlligator	Alligator_sinensis	Crocodiles	No	GCF	annotated	chineseAlligator__LOC102381322__XP_025066811.1	chineseAlligator__MAFA__XP_006039548.2	chineseAlligator__MAFB__XP_006016713.1	chineseAlligator__NRL__XP_014381666.2	chineseAlligator__MAFF__XP_014378316.1	chineseAlligator__MAFG__XP_006038228.1	chineseAlligator__MAFK__XP_025068149.1		chineseAlligator__OTX2__XP_014372934.1	chineseAlligator__LOC102370507__XP_025049174.1	4.0	3.0	2.0
emu	Dromaius_novaehollandiae	Birds	Yes	GCF	annotated	emu__MAF__XP_064375807.1	emu__MAFA__XP_025969455.2	emu__MAFB__XP_025948812.1		emu__MAFF__XP_025957942.2	emu__MAFG__XP_064379007.1	emu__MAFK__XP_064376262.1	emu__OTX1__XP_064366196.1	emu__OTX2__XP_064369577.1	emu__LOC135325254__XP_064359194.1	3.0	3.0	3.0
emu	Dromaius_novaehollandiae	Birds	Yes	GCF	denovo	emuDenovo__Unknown__TRINITY_DN6699_c1_g1_i1.p1		emuDenovo__Unknown__TRINITY_DN535_c2_g3_i1.p1		emuDenovo__Unknown__TRINITY_DN8089_c0_g1_i1.p1		emuDenovo__Unknown__TRINITY_DN401_c0_g1_i1.p1	emuDenovo__Unknown__TRINITY_DN535_c1_g3_i1.p1	emuDenovo__Unknown__TRINITY_DN526_c0_g2_i10.p1	emuDenovo__Unknown__TRINITY_DN526_c0_g2_i10.p1	2.0	2.0	3.0
ostrich	Struthio_camelus	Birds	Yes	GCF	annotated	ostrich__MAF__XP_068812426.1	ostrich__MAFA__XP_068789949.1	ostrich__MAFB__XP_009669433.1		ostrich__MAFF__XP_068798295.1	ostrich__MAFG__XP_009667074.2	ostrich__MAFK__XP_068764117.1	ostrich__OTX1__XP_068792634.1	ostrich__OTX2__XP_009668952.1	ostrich__CRX__XP_068766418.1	3.0	3.0	3.0
ostrich	Struthio_camelus	Birds	Yes	GCF	denovo	ostrichDenovo__Unknown__TRINITY_DN9016_c0_g2_i1.p1	ostrichDenovo__Unknown__TRINITY_DN3741_c1_g2_i4.p2	ostrichDenovo__Unknown__TRINITY_DN3741_c1_g3_i2.p1		ostrichDenovo__Unknown__TRINITY_DN3272_c0_g1_i1.p2	ostrichDenovo__Unknown__TRINITY_DN4561_c0_g1_i3.p2	ostrichDenovo__Unknown__TRINITY_DN2430_c0_g1_i9.p2	ostrichDenovo__Unknown__TRINITY_DN1258_c0_g2_i14.p1	ostrichDenovo__Unknown__TRINITY_DN1258_c0_g3_i1.p1	ostrichDenovo__Unknown__TRINITY_DN1258_c0_g3_i1.p1	3.0	3.0	3.0
mallardDuck	Anas_platyrhynchos	Birds	No	GCF	annotated	mallardDuck__MAF__XP_038041342.1	mallardDuck__MAFA__XP_027308589.1	mallardDuck__MAFB__XP_005012103.1		mallardDuck__MAFF__XP_027306343.1	mallardDuck__MAFG__XP_005011602.1	mallardDuck__MAFK__XP_071880198.1	mallardDuck__OTX1__XP_038032674.1	mallardDuck__OTX2__XP_027315034.1	mallardDuck__LOC140000269__XP_071886214.1	3.0	3.0	3.0
muscovyDuck	Cairina_moschata	Birds	Yes	GCF Near	denovo	muscovyDuckDenovo__Unknown__TRINITY_DN2103_c0_g1_i8.p1	muscovyDuckDenovo__Unknown__TRINITY_DN5357_c1_g2_i1.p2	muscovyDuckDenovo__Unknown__TRINITY_DN5357_c1_g1_i3.p2		muscovyDuckDenovo__Unknown__TRINITY_DN1182_c4_g1_i1.p2	muscovyDuckDenovo__Unknown__TRINITY_DN902_c1_g2_i2.p1	muscovyDuckDenovo__Unknown__TRINITY_DN4141_c0_g1_i3.p1	muscovyDuckDenovo__Unknown__TRINITY_DN317_c0_g3_i1.p1	muscovyDuckDenovo__Unknown__TRINITY_DN317_c0_g1_i6.p3	muscovyDuckDenovo__Unknown__TRINITY_DN317_c0_g1_i6.p3	3.0	3.0	3.0
quail	Coturnix_japonica	Birds	Yes	GCF	annotated	quail__MAF__XP_015729607.1	quail__MAFA__XP_015711959.1	quail__MAFB__XP_015736936.1		quail__MAFF__XP_015718579.1	quail__MAFG__XP_015735390.1	quail__MAFK__XP_015732262.1	quail__OTX1__XP_015712084.1	quail__OTX2__XP_015721371.1		3.0	3.0	2.0
quail	Coturnix_japonica	Birds	Yes	GCF	denovo	quailDenovo__Unknown__TRINITY_DN43442_c0_g2_i1.p1	quailDenovo__Unknown__TRINITY_DN823_c1_g1_i1.p1	quailDenovo__Unknown__TRINITY_DN823_c1_g3_i1.p2		quailDenovo__Unknown__TRINITY_DN6091_c0_g1_i2.p2	quailDenovo__Unknown__TRINITY_DN9611_c0_g1_i3.p1	quailDenovo__Unknown__TRINITY_DN27831_c0_g1_i3.p1	quailDenovo__Unknown__TRINITY_DN741_c1_g1_i5.p1	quailDenovo__Unknown__TRINITY_DN4560_c1_g2_i1.p1	quailDenovo__Unknown__TRINITY_DN877_c1_g1_i9.p1	3.0	3.0	3.0
chicken	Gallus_gallus	Birds	Yes	GCF	annotated	chicken__MAF__XP_015148000.1	chicken__MAFA__NP_990356.1	chicken__MAFB__NP_001026023.1		chicken__MAFF__XP_046760163.1	chicken__MAFG__XP_015150912.1	chicken__MAFK__XP_040503249.1	chicken__OTX1__XP_015133598.2	chicken__OTX2__NP_989851.2		3.0	3.0	2.0
chicken	Gallus_gallus	Birds	Yes	GCF	denovo	chickenDenovo__Unknown__TRINITY_DN54315_c0_g1_i1.p1	chickenDenovo__Unknown__TRINITY_DN12272_c1_g1_i1.p1	chickenDenovo__Unknown__TRINITY_DN183466_c0_g1_i1.p2		chickenDenovo__Unknown__TRINITY_DN18633_c0_g1_i1.p1	chickenDenovo__Unknown__TRINITY_DN82238_c0_g1_i1.p1	chickenDenovo__Unknown__TRINITY_DN55578_c0_g1_i1.p1		chickenDenovo__Unknown__TRINITY_DN5230_c0_g1_i1.p1	chickenDenovo__Unknown__TRINITY_DN21257_c0_g1_i1.p3	3.0	3.0	2.0
redStreamertail	Trochilus_polytmus	Birds	Yes	NoGenome	denovo	redStreamertailDenovo__Unknown__TRINITY_DN4914_c0_g1_i1.p1	redStreamertailDenovo__Unknown__TRINITY_DN13301_c0_g3_i2.p1	redStreamertailDenovo__Unknown__TRINITY_DN13301_c0_g2_i1.p2		redStreamertailDenovo__Unknown__TRINITY_DN9147_c0_g1_i1.p1	redStreamertailDenovo__Unknown__TRINITY_DN12454_c0_g1_i1.p1	redStreamertailDenovo__Unknown__TRINITY_DN48415_c0_g1_i2.p1	redStreamertailDenovo__Unknown__TRINITY_DN68747_c0_g2_i5.p1	redStreamertailDenovo__Unknown__TRINITY_DN2868_c0_g1_i5.p1	redStreamertailDenovo__Unknown__TRINITY_DN2868_c0_g1_i5.p1	3.0	3.0	3.0
blackStreamertail	Trochilus_scitulus	Birds	Yes	NoGenome	denovo	blackStreamertailDenovo__Unknown__TRINITY_DN35522_c0_g1_i1.p1	blackStreamertailDenovo__Unknown__TRINITY_DN2782_c0_g3_i1.p1	blackStreamertailDenovo__Unknown__TRINITY_DN2782_c0_g2_i4.p2		blackStreamertailDenovo__Unknown__TRINITY_DN4329_c0_g2_i2.p2	blackStreamertailDenovo__Unknown__TRINITY_DN9692_c0_g1_i1.p1	blackStreamertailDenovo__Unknown__TRINITY_DN7611_c0_g1_i2.p1	blackStreamertailDenovo__Unknown__TRINITY_DN5602_c1_g1_i2.p1	blackStreamertailDenovo__Unknown__TRINITY_DN11178_c0_g1_i5.p1		3.0	3.0	2.0
hybridStreamertail	Trochilus_hybrid	Birds	Yes	NoGenome	denovo	hybridStreamertailDenovo__Unknown__TRINITY_DN25847_c0_g2_i1.p1	hybridStreamertailDenovo__Unknown__TRINITY_DN2856_c0_g1_i6.p1	hybridStreamertailDenovo__Unknown__TRINITY_DN2856_c0_g3_i1.p2		hybridStreamertailDenovo__Unknown__TRINITY_DN4972_c0_g1_i4.p3	hybridStreamertailDenovo__Unknown__TRINITY_DN160031_c0_g1_i1.p1	hybridStreamertailDenovo__Unknown__TRINITY_DN6429_c0_g1_i2.p1	hybridStreamertailDenovo__Unknown__TRINITY_DN9632_c2_g1_i2.p1	hybridStreamertailDenovo__Unknown__TRINITY_DN2897_c0_g1_i6.p1		3.0	3.0	2.0
pigeon	Columba_livia	Birds	Yes	GCF	annotated	pigeon__MAF__XP_064884597.1	pigeon__MAFA__XP_064910682.1	pigeon__MAFB__XP_005502756.1		pigeon__MAFF__XP_064903426.1	pigeon__MAFG__XP_064890380.1	pigeon__MAFK__XP_064887576.1	pigeon__OTX1__XP_064915312.1	pigeon__OTX2__XP_064919169.1	pigeon__LOC102094696__XP_064900299.1	3.0	3.0	3.0
pigeon	Columba_livia	Birds	Yes	GCF	denovo	pigeonDenovo__Unknown__TRINITY_DN2568_c2_g1_i1.p1	pigeonDenovo__Unknown__TRINITY_DN3003_c0_g1_i5.p1	pigeonDenovo__Unknown__TRINITY_DN4010_c2_g1_i1.p2		pigeonDenovo__Unknown__TRINITY_DN4784_c0_g1_i2.p2	pigeonDenovo__Unknown__TRINITY_DN17169_c0_g1_i35.p6		pigeonDenovo__Unknown__TRINITY_DN6590_c0_g1_i2.p1	pigeonDenovo__Unknown__TRINITY_DN1663_c0_g1_i35.p2	pigeonDenovo__Unknown__TRINITY_DN1663_c0_g1_i35.p2	3.0	2.0	3.0
kite	Elanus_caeruleus	Birds	Yes	GCF Near	denovo	kiteDenovo__Unknown__TRINITY_DN7220_c0_g5_i1.p1	kiteDenovo__Unknown__TRINITY_DN104870_c0_g1_i1.p1	kiteDenovo__Unknown__TRINITY_DN5243_c1_g1_i2.p2		kiteDenovo__Unknown__TRINITY_DN227_c1_g1_i1.p4	kiteDenovo__Unknown__TRINITY_DN2790_c1_g1_i2.p2	kiteDenovo__Unknown__TRINITY_DN2790_c1_g2_i7.p2	kiteDenovo__Unknown__TRINITY_DN5577_c0_g2_i1.p1	kiteDenovo__Unknown__TRINITY_DN9052_c0_g2_i6.p2	kiteDenovo__Unknown__TRINITY_DN9052_c0_g2_i6.p2	3.0	3.0	3.0
goldenEagle	Aquila_chrysaetos	Birds	No	GCF	annotated	goldenEagle__MAF__XP_029880100.1	goldenEagle__MAFA__XP_029868500.1	goldenEagle__MAFB__XP_029866112.1		goldenEagle__MAFF__XP_029896324.1	goldenEagle__MAFG__XP_040979213.1	goldenEagle__MAFK__XP_029857514.1	goldenEagle__OTX1__XP_029879450.1	goldenEagle__OTX2__XP_029893759.1		3.0	3.0	2.0
vulture	Aegypius_monachus	Birds	Yes	GCF Near	denovo	vultureDenovo__Unknown__TRINITY_DN1591_c9_g1_i1.p1	vultureDenovo__Unknown__TRINITY_DN675_c2_g1_i6.p1	vultureDenovo__Unknown__TRINITY_DN675_c2_g2_i1.p2		vultureDenovo__Unknown__TRINITY_DN3575_c0_g1_i1.p2	vultureDenovo__Unknown__TRINITY_DN2269_c1_g3_i1.p2	vultureDenovo__Unknown__TRINITY_DN4416_c1_g1_i4.p1	vultureDenovo__Unknown__TRINITY_DN840_c0_g3_i1.p1	vultureDenovo__Unknown__TRINITY_DN840_c0_g2_i1.p2		3.0	3.0	2.0
harpyEagle	Harpia_harpyja	Birds	No	GCF	annotated	harpyEagle__MAF__XP_052651390.1	harpyEagle__MAFA__XP_052644556.1	harpyEagle__MAFB__XP_052645446.1		harpyEagle__MAFF__XP_052646533.1	harpyEagle__MAFG__XP_052662950.1	harpyEagle__MAFK__XP_052628487.1	harpyEagle__OTX1__XP_052641625.1	harpyEagle__OTX2__XP_052639501.1	harpyEagle__LOC128138109__XP_052635385.1	3.0	3.0	3.0
harrier	Circus_melanoleucos	Birds	Yes	GCF Near	denovo	harrierDenovo__Unknown__TRINITY_DN2231_c2_g2_i1.p2		harrierDenovo__Unknown__TRINITY_DN835_c0_g2_i3.p2		harrierDenovo__Unknown__TRINITY_DN3748_c0_g1_i5.p3	harrierDenovo__Unknown__TRINITY_DN1038_c0_g1_i2.p2	harrierDenovo__Unknown__TRINITY_DN1038_c0_g3_i1.p1	harrierDenovo__Unknown__TRINITY_DN152_c0_g2_i1.p1	harrierDenovo__Unknown__TRINITY_DN11420_c0_g2_i6.p1	harrierDenovo__Unknown__TRINITY_DN11420_c0_g2_i6.p1	2.0	3.0	3.0
greyfacedBuzzard	Butastur_indicus	Birds	Yes	GCF Near	denovo	greyfacedBuzzardDenovo__Unknown__TRINITY_DN1263_c0_g2_i1.p2	greyfacedBuzzardDenovo__Unknown__TRINITY_DN968_c0_g1_i6.p1	greyfacedBuzzardDenovo__Unknown__TRINITY_DN968_c0_g2_i1.p2		greyfacedBuzzardDenovo__Unknown__TRINITY_DN397_c0_g1_i3.p3	greyfacedBuzzardDenovo__Unknown__TRINITY_DN10809_c0_g2_i7.p1	greyfacedBuzzardDenovo__Unknown__TRINITY_DN10809_c0_g1_i1.p1	greyfacedBuzzardDenovo__Unknown__TRINITY_DN1117_c2_g1_i1.p1	greyfacedBuzzardDenovo__Unknown__TRINITY_DN2471_c0_g2_i1.p1		3.0	3.0	2.0
commonBuzzard	Buteo_buteo	Birds	No	GCF	annotated	commonBuzzard__MAF__XP_074896084.1	commonBuzzard__MAFA__XP_074880177.1	commonBuzzard__MAFB__XP_074915426.1		commonBuzzard__MAFF__XP_074907107.1	commonBuzzard__MAFG__XP_074900176.1	commonBuzzard__MAFK__XP_074914901.1	commonBuzzard__OTX1__XP_074892886.1	commonBuzzard__OTX2__XP_074887128.1	commonBuzzard__LOC142026825__XP_074876327.1	3.0	3.0	3.0
redTailHawk	Buteo_jamaicensis	Birds	Yes	GCF Near	denovo	redTailHawkDenovo__Unknown__TRINITY_DN88199_c0_g1_i1.p2	redTailHawkDenovo__Unknown__TRINITY_DN11161_c1_g1_i4.p2	redTailHawkDenovo__Unknown__TRINITY_DN11161_c1_g3_i1.p2		redTailHawkDenovo__Unknown__TRINITY_DN12211_c0_g1_i1.p2	redTailHawkDenovo__Unknown__TRINITY_DN5369_c2_g1_i2.p2	redTailHawkDenovo__Unknown__TRINITY_DN958_c1_g1_i1.p1	redTailHawkDenovo__Unknown__TRINITY_DN80566_c0_g1_i1.p1	redTailHawkDenovo__Unknown__TRINITY_DN3447_c1_g1_i1.p1	redTailHawkDenovo__Unknown__TRINITY_DN3447_c1_g1_i1.p1	3.0	3.0	3.0
gosHwak	Astur_gentilis	Birds	No	GCF	annotated	gosHwak__MAF__XP_049662322.1	gosHwak__MAFA__XP_049682097.1	gosHwak__MAFB__XP_049672993.1		gosHwak__MAFF__XP_049677759.1	gosHwak__MAFG__XP_049668419.1	gosHwak__MAFK__XP_049647588.1	gosHwak__OTX1__XP_049655724.1	gosHwak__OTX2__XP_049684633.1	gosHwak__LOC126037476__XP_049653753.1	3.0	3.0	3.0
coopersHawk	Accipiter_cooperii	Birds	Yes	Ensembl Near	denovo		coopersHawkDenovo__Unknown__TRINITY_DN4098_c0_g1_i3.p2	coopersHawkDenovo__Unknown__TRINITY_DN4098_c0_g2_i1.p2		coopersHawkDenovo__Unknown__TRINITY_DN96406_c0_g1_i1.p2	coopersHawkDenovo__Unknown__TRINITY_DN5736_c0_g2_i1.p1	coopersHawkDenovo__Unknown__TRINITY_DN5736_c0_g1_i2.p1		coopersHawkDenovo__Unknown__TRINITY_DN941_c0_g1_i1.p4	coopersHawkDenovo__Unknown__TRINITY_DN941_c0_g1_i1.p4	2.0	3.0	2.0
besra	Accipiter_virgatus	Birds	Yes	Ensembl Near	denovo	besraDenovo__Unknown__TRINITY_DN4430_c1_g2_i1.p2	besraDenovo__Unknown__TRINITY_DN150_c0_g1_i9.p1	besraDenovo__Unknown__TRINITY_DN8404_c0_g1_i1.p2		besraDenovo__Unknown__TRINITY_DN2833_c0_g1_i1.p2		besraDenovo__Unknown__TRINITY_DN1175_c1_g1_i7.p1	besraDenovo__Unknown__TRINITY_DN131_c4_g1_i1.p1	besraDenovo__Unknown__TRINITY_DN257_c3_g1_i1.p1	besraDenovo__Unknown__TRINITY_DN1166_c0_g1_i1.p4	3.0	2.0	3.0
sparrowHawk	Accipiter_nisus	Birds	No	Ensembl	annotated	sparrowHawk__gene_ENSANIG00000002392__ENSANIP00000003522	sparrowHawk__gene_ENSANIG00000009040__ENSANIP00000013306	sparrowHawk__gene_ENSANIG00000007633__ENSANIP00000011272			sparrowHawk__gene_ENSANIG00000017332__ENSANIP00000025770	sparrowHawk__gene_ENSANIG00000015949__ENSANIP00000023462	sparrowHawk__gene_ENSANIG00000004090__ENSANIP00000005991		sparrowHawk__gene_ENSANIG00000015598__ENSANIP00000022914,sparrowHawk__gene_ENSANIG00000016085__ENSANIP00000023696,sparrowHawk__gene_ENSANIG00000017996__ENSANIP00000026851	3.0	2.0	2.0
barnOwl	Tyto_alba	Birds	Yes	GCF	annotated	barnOwl__MAF__XP_032846531.2	barnOwl__MAFA__XP_042642191.1	barnOwl__MAFB__XP_032859530.2		barnOwl__MAFF__XP_042648826.1	barnOwl__MAFG__XP_032857737.1	barnOwl__MAFK__XP_032848226.1	barnOwl__OTX1__XP_042651876.1	barnOwl__OTX2__XP_042655204.1		3.0	3.0	2.0
barnOwl	Tyto_alba	Birds	Yes	GCF	denovo	barnOwlDenovo__Unknown__TRINITY_DN12357_c0_g1_i1.p1	barnOwlDenovo__Unknown__TRINITY_DN5433_c0_g4_i4.p1	barnOwlDenovo__Unknown__TRINITY_DN5433_c0_g5_i1.p2		barnOwlDenovo__Unknown__TRINITY_DN97191_c0_g1_i2.p3		barnOwlDenovo__Unknown__TRINITY_DN85_c1_g1_i2.p1	barnOwlDenovo__Unknown__TRINITY_DN600_c3_g1_i1.p3	barnOwlDenovo__Unknown__TRINITY_DN1489_c3_g2_i1.p1	barnOwlDenovo__Unknown__TRINITY_DN1489_c3_g2_i1.p1	3.0	2.0	3.0
grassOwl	Tyto_longimembris	Birds	Yes	GCF Near	denovo	grassOwlDenovo__Unknown__TRINITY_DN3346_c1_g5_i1.p1	grassOwlDenovo__Unknown__TRINITY_DN1060_c0_g2_i4.p1	grassOwlDenovo__Unknown__TRINITY_DN13745_c0_g1_i1.p2		grassOwlDenovo__Unknown__TRINITY_DN6135_c1_g2_i2.p5	grassOwlDenovo__Unknown__TRINITY_DN3390_c0_g1_i4.p2	grassOwlDenovo__Unknown__TRINITY_DN7552_c1_g1_i3.p1	grassOwlDenovo__Unknown__TRINITY_DN1634_c10_g1_i1.p3	grassOwlDenovo__Unknown__TRINITY_DN2597_c0_g2_i3.p1	grassOwlDenovo__Unknown__TRINITY_DN2597_c0_g2_i3.p1	3.0	3.0	3.0
borealOwl	Aegolius_funereus	Birds	Yes	GCF Near	denovo	borealOwlDenovo__Unknown__TRINITY_DN196784_c0_g1_i1.p1	borealOwlDenovo__Unknown__TRINITY_DN5782_c0_g1_i3.p1	borealOwlDenovo__Unknown__TRINITY_DN15094_c0_g1_i1.p2		borealOwlDenovo__Unknown__TRINITY_DN37190_c0_g1_i1.p1	borealOwlDenovo__Unknown__TRINITY_DN53056_c0_g1_i1.p1	borealOwlDenovo__Unknown__TRINITY_DN337_c1_g1_i1.p1	borealOwlDenovo__Unknown__TRINITY_DN13169_c0_g1_i4.p1	borealOwlDenovo__Unknown__TRINITY_DN2434_c0_g2_i1.p1	borealOwlDenovo__Unknown__TRINITY_DN2434_c0_g2_i1.p1	3.0	3.0	3.0
littleOwl	Athene_noctua	Birds	Yes	GCF	annotated	littleOwl__MAF__XP_074769062.1	littleOwl__MAFA__XP_074754432.1	littleOwl__MAFB__XP_074776558.1		littleOwl__MAFF__XP_074758587.1	littleOwl__MAFG__XP_074778000.1	littleOwl__MAFK__XP_074774914.1	littleOwl__OTX1__XP_074783297.1	littleOwl__OTX2__XP_074765007.1	littleOwl__CRX__XP_074786787.1	3.0	3.0	3.0
littleOwl	Athene_noctua	Birds	Yes	GCF	denovo	littleOwlDenovo__Unknown__TRINITY_DN7852_c6_g1_i1.p1	littleOwlDenovo__Unknown__TRINITY_DN6483_c0_g1_i7.p2	littleOwlDenovo__Unknown__TRINITY_DN6483_c0_g2_i1.p1		littleOwlDenovo__Unknown__TRINITY_DN10802_c0_g1_i7.p3	littleOwlDenovo__Unknown__TRINITY_DN1431_c1_g1_i3.p2	littleOwlDenovo__Unknown__TRINITY_DN1431_c1_g2_i1.p1	littleOwlDenovo__Unknown__TRINITY_DN5212_c2_g1_i1.p1	littleOwlDenovo__Unknown__TRINITY_DN5436_c0_g1_i1.p1	littleOwlDenovo__Unknown__TRINITY_DN5436_c0_g1_i1.p1	3.0	3.0	3.0
eurasianScopsOwl	Otus_scops	Birds	Yes	GCA	denovo	eurasianScopsOwlDenovo__Unknown__TRINITY_DN879_c2_g1_i2.p1	eurasianScopsOwlDenovo__Unknown__TRINITY_DN1996_c0_g1_i7.p2	eurasianScopsOwlDenovo__Unknown__TRINITY_DN4554_c0_g1_i15.p2		eurasianScopsOwlDenovo__Unknown__TRINITY_DN3313_c0_g1_i1.p1		eurasianScopsOwlDenovo__Unknown__TRINITY_DN1943_c0_g1_i4.p1	eurasianScopsOwlDenovo__Unknown__TRINITY_DN5778_c0_g2_i1.p1	eurasianScopsOwlDenovo__Unknown__TRINITY_DN2515_c0_g1_i3.p1	eurasianScopsOwlDenovo__Unknown__TRINITY_DN2515_c0_g4_i1.p2	3.0	2.0	3.0
indianScopsOwl	Otus_bakkamoena	Birds	Yes	NoGenome	denovo	indianScopsOwlDenovo__Unknown__TRINITY_DN3192_c0_g1_i1.p1	indianScopsOwlDenovo__Unknown__TRINITY_DN984_c0_g3_i6.p1	indianScopsOwlDenovo__Unknown__TRINITY_DN984_c0_g1_i1.p2		indianScopsOwlDenovo__Unknown__TRINITY_DN697_c0_g1_i2.p3	indianScopsOwlDenovo__Unknown__TRINITY_DN2608_c3_g1_i2.p1	indianScopsOwlDenovo__Unknown__TRINITY_DN2608_c0_g1_i3.p1	indianScopsOwlDenovo__Unknown__TRINITY_DN28499_c0_g1_i2.p1	indianScopsOwlDenovo__Unknown__TRINITY_DN1435_c0_g2_i4.p1		3.0	3.0	2.0
shortearOwl	Asio_flammeus	Birds	Yes	NoGenome	denovo	shortearOwlDenovo__Unknown__TRINITY_DN26776_c0_g1_i1.p1	shortearOwlDenovo__Unknown__TRINITY_DN8216_c0_g1_i2.p2	shortearOwlDenovo__Unknown__TRINITY_DN660_c0_g1_i25.p2		shortearOwlDenovo__Unknown__TRINITY_DN186447_c0_g1_i1.p1	shortearOwlDenovo__Unknown__TRINITY_DN10907_c0_g2_i1.p1	shortearOwlDenovo__Unknown__TRINITY_DN10907_c0_g1_i2.p2	shortearOwlDenovo__Unknown__TRINITY_DN181_c0_g1_i1.p3	shortearOwlDenovo__Unknown__TRINITY_DN5484_c0_g1_i4.p1	shortearOwlDenovo__Unknown__TRINITY_DN5484_c0_g1_i4.p1	3.0	3.0	3.0
longearOwl	Asio_otus	Birds	Yes	NoGenome	denovo	longearOwlDenovo__Unknown__TRINITY_DN6072_c0_g1_i1.p1	longearOwlDenovo__Unknown__TRINITY_DN1510_c3_g1_i6.p2	longearOwlDenovo__Unknown__TRINITY_DN1510_c3_g2_i1.p2		longearOwlDenovo__Unknown__TRINITY_DN4268_c0_g3_i2.p1	longearOwlDenovo__Unknown__TRINITY_DN2823_c1_g1_i1.p1	longearOwlDenovo__Unknown__TRINITY_DN2823_c0_g2_i2.p1	longearOwlDenovo__Unknown__TRINITY_DN1034_c0_g1_i1.p1	longearOwlDenovo__Unknown__TRINITY_DN46_c3_g1_i3.p1	longearOwlDenovo__Unknown__TRINITY_DN15173_c1_g1_i5.p1	3.0	3.0	3.0
screechOwl	Megascops_asio	Birds	Yes	GCA	denovo	screechOwlDenovo__Unknown__TRINITY_DN15528_c0_g1_i1.p1	screechOwlDenovo__Unknown__TRINITY_DN3374_c0_g1_i4.p1	screechOwlDenovo__Unknown__TRINITY_DN3374_c0_g2_i1.p2		screechOwlDenovo__Unknown__TRINITY_DN7326_c0_g1_i3.p1	screechOwlDenovo__Unknown__TRINITY_DN15052_c0_g2_i1.p1	screechOwlDenovo__Unknown__TRINITY_DN15052_c0_g1_i4.p2	screechOwlDenovo__Unknown__TRINITY_DN11427_c1_g2_i1.p1	screechOwlDenovo__Unknown__TRINITY_DN740_c0_g2_i6.p1	screechOwlDenovo__Unknown__TRINITY_DN740_c0_g2_i6.p1	3.0	3.0	3.0
barredOwl	Strix_varia	Birds	Yes	GCF Near	denovo	barredOwlDenovo__Unknown__TRINITY_DN4571_c1_g1_i2.p1	barredOwlDenovo__Unknown__TRINITY_DN5402_c0_g1_i5.p2	barredOwlDenovo__Unknown__TRINITY_DN5402_c0_g3_i1.p1	barredOwlDenovo__Unknown__TRINITY_DN8093_c0_g1_i3.p1	barredOwlDenovo__Unknown__TRINITY_DN5042_c0_g1_i1.p1	barredOwlDenovo__Unknown__TRINITY_DN10510_c0_g3_i1.p1	barredOwlDenovo__Unknown__TRINITY_DN10510_c0_g1_i4.p1		barredOwlDenovo__Unknown__TRINITY_DN4621_c1_g1_i7.p1	barredOwlDenovo__Unknown__TRINITY_DN31196_c0_g1_i3.p1	4.0	3.0	2.0
uralOwl	Strix_uralensis	Birds	No	GCF	annotated	uralOwl__MAF__XP_074738276.1	uralOwl__MAFA__XP_074745166.1	uralOwl__MAFB__XP_074744481.1		uralOwl__MAFF__XP_074727268.1	uralOwl__MAFG__XP_074745849.1	uralOwl__MAFK__XP_074742748.1	uralOwl__OTX1__XP_074721005.1	uralOwl__OTX2__XP_074725217.1	uralOwl__LOC141938950__XP_074714081.1	3.0	3.0	3.0
tawnyOwl	Strix_aluco	Birds	Yes	GCF	annotated	tawnyOwl__MAF__XP_074695275.1	tawnyOwl__MAFA__XP_074685104.1	tawnyOwl__MAFB__XP_074699417.1		tawnyOwl__MAFF__XP_074682748.1	tawnyOwl__MAFG__XP_074703746.1	tawnyOwl__MAFK__XP_074697581.1	tawnyOwl__OTX1__XP_074676687.1	tawnyOwl__OTX2__XP_074677150.1		3.0	3.0	2.0
tawnyOwl	Strix_aluco	Birds	Yes	GCF	denovo		tawnyOwlDenovo__Unknown__TRINITY_DN92_c1_g1_i1.p2	tawnyOwlDenovo__Unknown__TRINITY_DN13035_c0_g1_i1.p2		tawnyOwlDenovo__Unknown__TRINITY_DN18693_c0_g1_i1.p1	tawnyOwlDenovo__Unknown__TRINITY_DN5674_c0_g2_i1.p1	tawnyOwlDenovo__Unknown__TRINITY_DN5674_c0_g1_i1.p1	tawnyOwlDenovo__Unknown__TRINITY_DN3158_c0_g1_i9.p1	tawnyOwlDenovo__Unknown__TRINITY_DN2720_c0_g1_i5.p1	tawnyOwlDenovo__Unknown__TRINITY_DN2720_c0_g1_i5.p1	2.0	3.0	3.0
eagleOwl	Bubo_bubo	Birds	Yes	Ensembl	annotated	eagleOwl__gene_ENSBOBG00000000091__ENSBOBP00000000082	eagleOwl__gene_ENSBOBG00000014832__ENSBOBP00000025026	eagleOwl__gene_ENSBOBG00000006688__ENSBOBP00000010424		eagleOwl__gene_ENSBOBG00000006606__ENSBOBP00000010285	eagleOwl__gene_ENSBOBG00000014112__ENSBOBP00000023575	eagleOwl__gene_ENSBOBG00000007138__ENSBOBP00000011205		eagleOwl__gene_ENSBOBG00000012921__ENSBOBP00000021265	eagleOwl__gene_ENSBOBG00000007943__ENSBOBP00000012515	3.0	3.0	2.0
eagleOwl	Bubo_bubo	Birds	Yes	Ensembl	denovo	eagleOwlDenovo__Unknown__TRINITY_DN5775_c4_g1_i1.p1	eagleOwlDenovo__Unknown__TRINITY_DN1503_c0_g3_i8.p2	eagleOwlDenovo__Unknown__TRINITY_DN1503_c0_g2_i1.p1		eagleOwlDenovo__Unknown__TRINITY_DN2538_c0_g1_i1.p2	eagleOwlDenovo__Unknown__TRINITY_DN16114_c0_g1_i3.p1	eagleOwlDenovo__Unknown__TRINITY_DN16114_c0_g2_i4.p1		eagleOwlDenovo__Unknown__TRINITY_DN296_c1_g3_i6.p1	eagleOwlDenovo__Unknown__TRINITY_DN296_c1_g3_i6.p1	3.0	3.0	2.0
hornedOwl	Bubo_virginianus	Birds	Yes	GCA	denovo	hornedOwlDenovo__Unknown__TRINITY_DN9572_c0_g1_i1.p1		hornedOwlDenovo__Unknown__TRINITY_DN6111_c0_g2_i1.p2		hornedOwlDenovo__Unknown__TRINITY_DN3969_c0_g1_i1.p2	hornedOwlDenovo__Unknown__TRINITY_DN6225_c0_g1_i1.p2	hornedOwlDenovo__Unknown__TRINITY_DN6225_c1_g1_i7.p1	hornedOwlDenovo__Unknown__TRINITY_DN1551_c1_g2_i1.p1	hornedOwlDenovo__Unknown__TRINITY_DN1551_c1_g1_i4.p1	hornedOwlDenovo__Unknown__TRINITY_DN76_c0_g2_i1.p3	2.0	3.0	3.0
mousebird	Colius_striatus	Birds	No	GCF	annotated	mousebird__MAF__XP_061863169.1	mousebird__MAFA__XP_010203193.2	mousebird__MAFB__XP_061864958.1		mousebird__MAFF__XP_061868468.1	mousebird__MAFG__XP_061867004.1	mousebird__MAFK__XP_061848223.1	mousebird__OTX1__XP_061846423.1		mousebird__OTX2__XP_061854290.1	3.0	3.0	2.0
hoopoe	Upupa_epops	Birds	Yes	GCF Near	denovo	hoopoeDenovo__Unknown__TRINITY_DN10526_c6_g1_i1.p1	hoopoeDenovo__Unknown__TRINITY_DN11735_c0_g1_i1.p2	hoopoeDenovo__Unknown__TRINITY_DN3174_c1_g1_i1.p2		hoopoeDenovo__Unknown__TRINITY_DN3185_c0_g3_i1.p1	hoopoeDenovo__Unknown__TRINITY_DN755_c0_g1_i71.p2	hoopoeDenovo__Unknown__TRINITY_DN1239_c0_g1_i5.p1	hoopoeDenovo__Unknown__TRINITY_DN3516_c2_g1_i7.p1	hoopoeDenovo__Unknown__TRINITY_DN6292_c1_g1_i1.p3	hoopoeDenovo__Unknown__TRINITY_DN6292_c1_g1_i1.p3	3.0	3.0	3.0
honeyguide	Indicator_indicator	Birds	No	GCF	annotated	honeyguide__MAF__XP_054245698.1	honeyguide__MAFA__XP_054241450.1	honeyguide__MAFB__XP_054247952.1		honeyguide__MAFF__XP_054242609.1	honeyguide__MAFG__XP_054249713.1	honeyguide__MAFK__XP_054247354.1	honeyguide__OTX1__XP_054239553.1	honeyguide__OTX2__XP_054256273.1		3.0	3.0	2.0
woodpecker	Picus_canus	Birds	Yes	GCF Near	denovo	woodpeckerDenovo__Unknown__TRINITY_DN1110_c11_g1_i1.p1	woodpeckerDenovo__Unknown__TRINITY_DN2795_c1_g1_i1.p1	woodpeckerDenovo__Unknown__TRINITY_DN235_c9_g1_i1.p1		woodpeckerDenovo__Unknown__TRINITY_DN3984_c0_g1_i1.p2	woodpeckerDenovo__Unknown__TRINITY_DN6025_c1_g1_i1.p1	woodpeckerDenovo__Unknown__TRINITY_DN1751_c0_g1_i3.p1	woodpeckerDenovo__Unknown__TRINITY_DN3851_c0_g1_i4.p1	woodpeckerDenovo__Unknown__TRINITY_DN175_c5_g1_i2.p1	woodpeckerDenovo__Unknown__TRINITY_DN3851_c0_g3_i2.p2	3.0	3.0	3.0
budgerigar	Melopsittacus_undulatus	Birds	Yes	GCF	annotated	budgerigar__MAF__XP_033928568.1	budgerigar__MAFA__XP_033921063.1	budgerigar__MAFB__XP_030903509.1		budgerigar__MAFF__XP_033918644.1	budgerigar__MAFG__XP_033923786.1	budgerigar__MAFK__XP_030901453.1	budgerigar__OTX1__XP_033916893.1		budgerigar__OTX2__XP_033918106.1	3.0	3.0	2.0
budgerigar	Melopsittacus_undulatus	Birds	Yes	GCF	denovo	budgerigarDenovo__Unknown__TRINITY_DN8103_c4_g1_i1.p1	budgerigarDenovo__Unknown__TRINITY_DN1982_c0_g2_i5.p1	budgerigarDenovo__Unknown__TRINITY_DN1982_c0_g3_i1.p1		budgerigarDenovo__Unknown__TRINITY_DN6568_c0_g1_i3.p4	budgerigarDenovo__Unknown__TRINITY_DN2964_c0_g1_i2.p1	budgerigarDenovo__Unknown__TRINITY_DN2964_c1_g1_i3.p1	budgerigarDenovo__Unknown__TRINITY_DN45182_c1_g1_i1.p1	budgerigarDenovo__Unknown__TRINITY_DN2464_c0_g1_i4.p1		3.0	3.0	2.0
commonKestrel	Falco_tinnunculus	Birds	Yes	Ensembl	annotated	commonKestrel__gene_ENSFTIG00000003636__ENSFTIP00000005211	commonKestrel__gene_ENSFTIG00000002193__ENSFTIP00000003181	commonKestrel__gene_ENSFTIG00000008212__ENSFTIP00000012252		commonKestrel__gene_ENSFTIG00000014670__ENSFTIP00000022774	commonKestrel__gene_ENSFTIG00000000206__ENSFTIP00000000282	commonKestrel__gene_ENSFTIG00000004082__ENSFTIP00000005895	commonKestrel__gene_ENSFTIG00000009220__ENSFTIP00000013841			3.0	3.0	1.0
commonKestrel	Falco_tinnunculus	Birds	Yes	Ensembl	denovo	commonKestrelDenovo__Unknown__TRINITY_DN3161_c1_g2_i1.p1		commonKestrelDenovo__Unknown__TRINITY_DN3104_c0_g3_i1.p1		commonKestrelDenovo__Unknown__TRINITY_DN3772_c0_g1_i2.p4	commonKestrelDenovo__Unknown__TRINITY_DN4236_c1_g1_i1.p2	commonKestrelDenovo__Unknown__TRINITY_DN30535_c0_g1_i2.p1	commonKestrelDenovo__Unknown__TRINITY_DN4675_c0_g1_i2.p1	commonKestrelDenovo__Unknown__TRINITY_DN680_c0_g1_i5.p1	commonKestrelDenovo__Unknown__TRINITY_DN680_c0_g1_i5.p1	2.0	3.0	3.0
peregrineFalcon	Falco_peregrinus	Birds	No	GCF	annotated	peregrineFalcon__MAF__XP_055674912.1	peregrineFalcon__MAFA__XP_005235862.2	peregrineFalcon__MAFB__XP_005235943.1		peregrineFalcon__MAFF__XP_055665148.1	peregrineFalcon__MAFG__XP_055653462.1	peregrineFalcon__MAFK__XP_055660914.1	peregrineFalcon__OTX1__XP_027635620.2	peregrineFalcon__OTX2__XP_055649825.1		3.0	3.0	2.0
eurasianHobby	Falco_subbuteo	Birds	Yes	GCF Near	denovo	eurasianHobbyDenovo__Unknown__TRINITY_DN2872_c5_g1_i1.p1	eurasianHobbyDenovo__Unknown__TRINITY_DN2652_c1_g1_i3.p1	eurasianHobbyDenovo__Unknown__TRINITY_DN18289_c2_g1_i1.p1		eurasianHobbyDenovo__Unknown__TRINITY_DN1933_c1_g1_i4.p5		eurasianHobbyDenovo__Unknown__TRINITY_DN2360_c0_g2_i3.p1	eurasianHobbyDenovo__Unknown__TRINITY_DN9387_c1_g1_i3.p1	eurasianHobbyDenovo__Unknown__TRINITY_DN4604_c0_g2_i8.p2	eurasianHobbyDenovo__Unknown__TRINITY_DN4604_c0_g2_i8.p2	3.0	2.0	3.0
hawaiianCrow	Corvus_hawaiiensis	Birds	No	GCF	annotated	hawaiianCrow__MAF__XP_048173038.1	hawaiianCrow__MAFA__XP_048143014.1	hawaiianCrow__MAFB__XP_048178000.1		hawaiianCrow__MAFF__XP_048158218.1		hawaiianCrow__MAFK__XP_048176356.1	hawaiianCrow__OTX1__XP_048155630.1	hawaiianCrow__OTX2__XP_048164168.1	hawaiianCrow__LOC125334224__XP_048176825.1	3.0	2.0	3.0
carrionCrow	Corvus_corone	Birds	Yes	GCF Near	denovo	carrionCrowDenovo__Unknown__TRINITY_DN4005_c0_g1_i1.p1	carrionCrowDenovo__Unknown__TRINITY_DN551_c0_g1_i1.p2	carrionCrowDenovo__Unknown__TRINITY_DN551_c0_g2_i1.p1		carrionCrowDenovo__Unknown__TRINITY_DN8472_c0_g1_i4.p1	carrionCrowDenovo__Unknown__TRINITY_DN10479_c0_g1_i4.p3	carrionCrowDenovo__Unknown__TRINITY_DN1241_c0_g1_i1.p3	carrionCrowDenovo__Unknown__TRINITY_DN13513_c0_g1_i1.p1	carrionCrowDenovo__Unknown__TRINITY_DN249_c1_g2_i2.p1	carrionCrowDenovo__Unknown__TRINITY_DN5647_c0_g1_i1.p3	3.0	3.0	3.0
hoodedCrow	Corvus_cornix	Birds	Yes	GCF	annotated	hoodedCrow__MAF__XP_039414468.1	hoodedCrow__MAFA__XP_039406043.1	hoodedCrow__MAFB__XP_010395328.1		hoodedCrow__MAFF__XP_039427476.1	hoodedCrow__MAFG__XP_039418133.1	hoodedCrow__MAFK__XP_010390714.1	hoodedCrow__OTX1__XP_039425961.1	hoodedCrow__OTX2__XP_039408898.1	hoodedCrow__CRX__XP_039428352.1	3.0	3.0	3.0
hoodedCrow	Corvus_cornix	Birds	Yes	GCF	denovo	hoodedCrowDenovo__Unknown__TRINITY_DN8765_c1_g2_i1.p1	hoodedCrowDenovo__Unknown__TRINITY_DN1269_c0_g1_i4.p2	hoodedCrowDenovo__Unknown__TRINITY_DN1269_c0_g2_i1.p1		hoodedCrowDenovo__Unknown__TRINITY_DN5062_c0_g1_i3.p1	hoodedCrowDenovo__Unknown__TRINITY_DN8811_c0_g1_i6.p4	hoodedCrowDenovo__Unknown__TRINITY_DN860_c0_g1_i2.p3	hoodedCrowDenovo__Unknown__TRINITY_DN9383_c0_g2_i2.p1	hoodedCrowDenovo__Unknown__TRINITY_DN941_c1_g1_i3.p1	hoodedCrowDenovo__Unknown__TRINITY_DN9383_c0_g1_i7.p2	3.0	3.0	3.0
whiteWagtail	Motacilla_alba	Birds	Yes	GCF	annotated	whiteWagtail__MAF__XP_038004334.1	whiteWagtail__MAFA__XP_037985746.1	whiteWagtail__MAFB__XP_038015228.1		whiteWagtail__MAFF__XP_038009455.1	whiteWagtail__MAFG__XP_038012979.1	whiteWagtail__MAFK__XP_038006777.1	whiteWagtail__OTX1__XP_037990010.1	whiteWagtail__OTX2__XP_037994591.1		3.0	3.0	2.0
whiteWagtail	Motacilla_alba	Birds	Yes	GCF	denovo	whiteWagtailDenovo__Unknown__TRINITY_DN26_c2_g1_i2.p1		whiteWagtailDenovo__Unknown__TRINITY_DN2744_c0_g2_i1.p1		whiteWagtailDenovo__Unknown__TRINITY_DN2388_c0_g1_i2.p4	whiteWagtailDenovo__Unknown__TRINITY_DN5683_c0_g1_i4.p1	whiteWagtailDenovo__Unknown__TRINITY_DN856_c1_g1_i2.p1	whiteWagtailDenovo__Unknown__TRINITY_DN4836_c1_g1_i4.p1	whiteWagtailDenovo__Unknown__TRINITY_DN154_c1_g1_i5.p1	whiteWagtailDenovo__Unknown__TRINITY_DN154_c1_g1_i5.p1	2.0	3.0	3.0
canary	Serinus_canaria	Birds	Yes	GCF	annotated	canary__MAF__XP_050834999.1	canary__MAFA__XP_030085722.1	canary__MAFB__XP_009091206.1		canary__MAFF__XP_009084748.1	canary__MAFG__XP_030087135.1	canary__MAFK__XP_018771431.1	canary__OTX1__XP_050828896.1	canary__OTX2__XP_009099887.1		3.0	3.0	2.0
canary	Serinus_canaria	Birds	Yes	GCF	denovo	canaryDenovo__Unknown__TRINITY_DN821_c1_g1_i1.p1	canaryDenovo__Unknown__TRINITY_DN5639_c0_g3_i2.p2	canaryDenovo__Unknown__TRINITY_DN5639_c0_g1_i2.p1		canaryDenovo__Unknown__TRINITY_DN666_c0_g1_i1.p3	canaryDenovo__Unknown__TRINITY_DN5851_c0_g1_i1.p1	canaryDenovo__Unknown__TRINITY_DN5851_c0_g2_i1.p1	canaryDenovo__Unknown__TRINITY_DN15387_c0_g2_i1.p1	canaryDenovo__Unknown__TRINITY_DN1082_c0_g2_i1.p1	canaryDenovo__Unknown__TRINITY_DN1082_c0_g2_i1.p1	3.0	3.0	3.0
zebrafinch	Taeniopygia_guttata	Birds	Yes	GCF	annotated	zebrafinch__MAF__XP_030138184.2	zebrafinch__MAFA__XP_030122661.1	zebrafinch__MAFB__XP_072773087.1		zebrafinch__MAFF__XP_030118873.1	zebrafinch__MAFG__XP_030143375.1	zebrafinch__MAFK__XP_072792010.1	zebrafinch__OTX1__XP_030125146.3	zebrafinch__OTX2__XP_030131074.1	zebrafinch__CRX__XP_072777012.1	3.0	3.0	3.0
zebrafinch	Taeniopygia_guttata	Birds	Yes	GCF	denovo	zebrafinchDenovo__Unknown__TRINITY_DN1857_c0_g3_i1.p1	zebrafinchDenovo__Unknown__TRINITY_DN665_c0_g1_i7.p2	zebrafinchDenovo__Unknown__TRINITY_DN665_c0_g3_i1.p3		zebrafinchDenovo__Unknown__TRINITY_DN8261_c0_g1_i5.p1	zebrafinchDenovo__Unknown__TRINITY_DN4465_c0_g1_i9.p5	zebrafinchDenovo__Unknown__TRINITY_DN2005_c0_g2_i2.p1	zebrafinchDenovo__Unknown__TRINITY_DN8388_c2_g2_i1.p2	zebrafinchDenovo__Unknown__TRINITY_DN8388_c2_g1_i1.p1	zebrafinchDenovo__Unknown__TRINITY_DN10782_c0_g1_i34.p1	3.0	3.0	3.0
platypus	Ornithorhynchus_anatinus	Mammals	No	GCF	annotated	platypus__MAF__XP_028908667.1	platypus__MAFA__XP_007656620.2	platypus__MAFB__XP_028926613.1	platypus__NRL__XP_028934270.1	platypus__MAFF__XP_028935268.1	platypus__MAFG__XP_028912595.1	platypus__MAFK__XP_001514510.2	platypus__OTX1__XP_028927478.1	platypus__CRX__XP_028922525.1,platypus__OTX2__XP_039769946.1		4.0	3.0	2.0
opossum	Monodelphis_domestica	Mammals	Yes	GCF	annotated	opossum__MAF__XP_016284180.1	opossum__MAFA__XP_056678923.1	opossum__MAFB__XP_007474403.2	opossum__NRL__XP_056666074.1	opossum__MAFF__XP_056654910.1	opossum__MAFG__XP_007482908.1	opossum__MAFK__XP_007498385.1	opossum__OTX1__XP_001374919.2	opossum__OTX2__XP_056666776.1		4.0	3.0	2.0
opossum	Monodelphis_domestica	Mammals	Yes	GCF	denovo	opossumDenovo__Unknown__TRINITY_DN6872_c0_g2_i1.p1		opossumDenovo__Unknown__TRINITY_DN6872_c0_g1_i2.p1	opossumDenovo__Unknown__TRINITY_DN427_c0_g1_i3.p1				opossumDenovo__Unknown__TRINITY_DN2911_c0_g1_i3.p1	opossumDenovo__Unknown__TRINITY_DN50648_c0_g1_i3.p1	opossumDenovo__Unknown__TRINITY_DN50648_c0_g1_i3.p1	3.0	0.0	3.0
europeanHedgehog	Erinaceus_europaeus	Mammals	No	GCF	annotated	europeanHedgehog__MAF__XP_060041113.1	europeanHedgehog__MAFA__XP_007516052.1	europeanHedgehog__MAFB__XP_007521706.2	europeanHedgehog__NRL__XP_016049314.2	europeanHedgehog__MAFF__XP_060044945.1	europeanHedgehog__MAFG__XP_060027730.1	europeanHedgehog__MAFK__XP_007525129.1	europeanHedgehog__OTX1__XP_060043185.1	europeanHedgehog__OTX2__XP_007535826.1	europeanHedgehog__CRX__XP_007538635.1	4.0	3.0	3.0
sacwingedBat	Saccopteryx_bilineata	Mammals	No	GCF	annotated	sacwingedBat__MAF__XP_066098959.1	sacwingedBat__MAFA__XP_066121610.1	sacwingedBat__MAFB__XP_066091476.1	sacwingedBat__NRL__XP_066133605.1	sacwingedBat__MAFF__XP_066114419.1	sacwingedBat__MAFG__XP_066093539.1	sacwingedBat__MAFK__XP_066129634.1	sacwingedBat__OTX1__XP_066123323.1	sacwingedBat__OTX2__XP_066132606.1	sacwingedBat__CRX__XP_066127770.1	4.0	3.0	3.0
tombBat	Taphozous_melanopogon	Mammals	Yes	GCF Near	denovo	tombBatDenovo__Unknown__TRINITY_DN5718_c1_g1_i3.p1	tombBatDenovo__Unknown__TRINITY_DN21905_c0_g1_i1.p1	tombBatDenovo__Unknown__TRINITY_DN25551_c0_g2_i1.p2	tombBatDenovo__Unknown__TRINITY_DN5718_c1_g1_i3.p1			tombBatDenovo__Unknown__TRINITY_DN7550_c0_g2_i9.p1	tombBatDenovo__Unknown__TRINITY_DN3752_c0_g3_i5.p1	tombBatDenovo__Unknown__TRINITY_DN129_c0_g1_i61.p2	tombBatDenovo__Unknown__TRINITY_DN1225_c1_g1_i35.p1	4.0	1.0	3.0
daubentonBat	Myotis_daubentonii	Mammals	No	GCF	annotated	daubentonBat__MAF__XP_059523362.1	daubentonBat__MAFA__XP_059528455.1	daubentonBat__MAFB__XP_059563059.1	daubentonBat__NRL__XP_059564454.1	daubentonBat__MAFF__XP_059537548.1	daubentonBat__MAFG__XP_059527539.1	daubentonBat__MAFK__XP_059555425.1	daubentonBat__OTX1__XP_059515653.1	daubentonBat__OTX2__XP_059551101.1	daubentonBat__LOC132216657__XP_059521972.1	4.0	3.0	3.0
myotisBat	Myotis_laniger	Mammals	Yes	GCF Near	denovo	myotisBatDenovo__Unknown__TRINITY_DN13887_c0_g3_i2.p1		myotisBatDenovo__Unknown__TRINITY_DN155749_c0_g3_i1.p2	myotisBatDenovo__Unknown__TRINITY_DN428_c0_g1_i6.p1	myotisBatDenovo__Unknown__TRINITY_DN46536_c0_g1_i1.p2	myotisBatDenovo__Unknown__TRINITY_DN142985_c0_g1_i1.p1		myotisBatDenovo__Unknown__TRINITY_DN1682_c0_g1_i3.p1	myotisBatDenovo__Unknown__TRINITY_DN620_c0_g1_i8.p1	myotisBatDenovo__Unknown__TRINITY_DN124_c0_g1_i6.p1	3.0	2.0	3.0
roundleafBat	Hipposideros_armiger	Mammals	Yes	GCF	annotated	roundleafBat__MAF__XP_019490287.1	roundleafBat__MAFA__XP_019513343.1	roundleafBat__MAFB__XP_019492655.1	roundleafBat__NRL__XP_019518658.1	roundleafBat__MAFF__XP_019520114.1	roundleafBat__MAFG__XP_019517383.1	roundleafBat__MAFK__XP_019493117.1	roundleafBat__OTX1__XP_019491596.1	roundleafBat__OTX2__XP_019500461.1	roundleafBat__CRX__XP_019490603.1	4.0	3.0	3.0
roundleafBat	Hipposideros_armiger	Mammals	Yes	GCF	denovo	roundleafBatDenovo__Unknown__TRINITY_DN2744_c0_g4_i5.p1		roundleafBatDenovo__Unknown__TRINITY_DN279243_c0_g1_i1.p2	roundleafBatDenovo__Unknown__TRINITY_DN5718_c0_g1_i17.p1	roundleafBatDenovo__Unknown__TRINITY_DN16162_c0_g1_i1.p1	roundleafBatDenovo__Unknown__TRINITY_DN10795_c0_g1_i5.p1		roundleafBatDenovo__Unknown__TRINITY_DN29_c0_g1_i1.p1	roundleafBatDenovo__Unknown__TRINITY_DN560_c0_g2_i2.p1	roundleafBatDenovo__Unknown__TRINITY_DN1376_c0_g1_i4.p1	3.0	2.0	3.0
fruitBat	Cynopterus_sphinx	Mammals	Yes	GCF Near	denovo	fruitBatDenovo__Unknown__TRINITY_DN66218_c0_g1_i2.p2			fruitBatDenovo__Unknown__TRINITY_DN2219_c0_g2_i4.p1	fruitBatDenovo__Unknown__TRINITY_DN8295_c1_g1_i1.p1				fruitBatDenovo__Unknown__TRINITY_DN136703_c0_g1_i1.p1	fruitBatDenovo__Unknown__TRINITY_DN828_c0_g1_i2.p1	2.0	1.0	2.0
egyptianBat	Rousettus_aegyptiacus	Mammals	No	GCF	annotated	egyptianBat__MAF__XP_016007494.2	egyptianBat__MAFA__XP_015994715.2	egyptianBat__MAFB__XP_015993032.1	egyptianBat__NRL__XP_015976087.1	egyptianBat__MAFF__XP_036093375.1	egyptianBat__MAFG__XP_016019320.1	egyptianBat__MAFK__XP_015974595.1	egyptianBat__OTX1__XP_016018485.1	egyptianBat__OTX2__XP_016011594.1	egyptianBat__CRX__XP_016010792.1	4.0	3.0	3.0
nectarBat	Eonycteris_spelaea	Mammals	Yes	GCF Near	denovo	nectarBatDenovo__Unknown__TRINITY_DN9159_c0_g1_i1.p1		nectarBatDenovo__Unknown__TRINITY_DN278_c2_g1_i1.p2	nectarBatDenovo__Unknown__TRINITY_DN1103_c0_g1_i4.p1	nectarBatDenovo__Unknown__TRINITY_DN154_c0_g1_i2.p1	nectarBatDenovo__Unknown__TRINITY_DN136_c0_g1_i1.p1		nectarBatDenovo__Unknown__TRINITY_DN3304_c3_g1_i3.p1	nectarBatDenovo__Unknown__TRINITY_DN43961_c0_g1_i1.p1	nectarBatDenovo__Unknown__TRINITY_DN4685_c0_g1_i3.p1	3.0	2.0	3.0
horse	Equus_caballus	Mammals	Yes	GCF	annotated	horse__MAF__XP_014593763.2	horse__MAFA__XP_023504885.1	horse__MAFB__XP_023482332.1	horse__NRL__XP_001491313.1	horse__MAFF__XP_023487201.1	horse__MAFG__XP_005597102.2	horse__MAFK__XP_023510876.1	horse__OTX1__XP_023474792.1	horse__OTX2__XP_014591350.1	horse__CRX__XP_023507330.1	4.0	3.0	3.0
horse	Equus_caballus	Mammals	Yes	GCF	denovo	horseDenovo__Unknown__TRINITY_DN5851_c2_g1_i1.p1	horseDenovo__Unknown__TRINITY_DN947_c0_g1_i5.p2	horseDenovo__Unknown__TRINITY_DN10619_c1_g1_i1.p1	horseDenovo__Unknown__TRINITY_DN3320_c0_g1_i2.p1		horseDenovo__Unknown__TRINITY_DN1673_c0_g1_i2.p5		horseDenovo__Unknown__TRINITY_DN887_c2_g1_i8.p1		horseDenovo__Unknown__TRINITY_DN18979_c0_g2_i5.p1	4.0	1.0	2.0
pig	Sus_scrofa	Mammals	Yes	GCF	annotated	pig__MAF__XP_020952724.1	pig__MAFA__XP_020946195.1	pig__MAFB__XP_013840831.2	pig__NRL__XP_001925889.3	pig__MAFF__XP_013843663.1	pig__MAFG__XP_020922083.1	pig__MAFK__XP_003124297.1	pig__OTX1__XP_003125144.1	pig__OTX2__XP_005660049.1	pig__CRX__XP_003127313.2	4.0	3.0	3.0
pig	Sus_scrofa	Mammals	Yes	GCF	denovo	pigDenovo__Unknown__TRINITY_DN1008_c3_g1_i1.p1		pigDenovo__Unknown__TRINITY_DN10608_c0_g2_i1.p2	pigDenovo__Unknown__TRINITY_DN620_c0_g1_i16.p1	pigDenovo__Unknown__TRINITY_DN27559_c0_g1_i1.p1	pigDenovo__Unknown__TRINITY_DN9744_c1_g2_i2.p1	pigDenovo__Unknown__TRINITY_DN9744_c1_g1_i3.p4		pigDenovo__Unknown__TRINITY_DN715_c0_g1_i4.p1	pigDenovo__Unknown__TRINITY_DN1074_c0_g1_i2.p1	3.0	3.0	2.0
minkeWhale	Balaenoptera_acutorostrata	Mammals	No	GCF	annotated	minkeWhale__MAF__XP_057389759.1	minkeWhale__MAFA__XP_057388115.1	minkeWhale__MAFB__XP_057386227.1	minkeWhale__NRL__XP_007180659.1	minkeWhale__MAFF__XP_057413363.1	minkeWhale__MAFG__XP_028023182.1	minkeWhale__MAFK__XP_057385102.1	minkeWhale__OTX1__XP_007189783.2	minkeWhale__LOC103019289__XP_057384495.1,minkeWhale__OTX2__XP_007192978.1	minkeWhale__LOC103005484__XP_007168269.1	4.0	3.0	3.0
bowheadWhale	Balaena_mysticetus	Mammals	Yes	GCF Near	denovo	bowheadWhaleDenovo__Unknown__TRINITY_DN2161_c4_g1_i1.p1		bowheadWhaleDenovo__Unknown__TRINITY_DN27949_c0_g1_i1.p3	bowheadWhaleDenovo__Unknown__TRINITY_DN1186_c0_g1_i9.p1		bowheadWhaleDenovo__Unknown__TRINITY_DN5181_c0_g1_i3.p3		bowheadWhaleDenovo__Unknown__TRINITY_DN70539_c0_g1_i1.p2	bowheadWhaleDenovo__Unknown__TRINITY_DN2151_c0_g1_i6.p1	bowheadWhaleDenovo__Unknown__TRINITY_DN1153_c9_g1_i1.p1	3.0	1.0	3.0
cow	Bos_taurus	Mammals	Yes	GCF	annotated	cow__MAF__XP_059733001.1	cow__MAFA__XP_059730327.1	cow__MAFB__XP_002692508.1	cow__NRL__XP_010807337.1	cow__MAFF__XP_024847998.1	cow__MAFG__XP_059734011.1	cow__MAFK__XP_005225295.1	cow__OTX1__XP_005212853.1	cow__OTX2__XP_059746555.1	cow__CRX__NP_776329.1	4.0	3.0	3.0
cow	Bos_taurus	Mammals	Yes	GCF	denovo	cowDenovo__Unknown__TRINITY_DN18834_c3_g1_i1.p1		cowDenovo__Unknown__TRINITY_DN22950_c0_g1_i1.p1	cowDenovo__Unknown__TRINITY_DN18834_c3_g1_i1.p1	cowDenovo__Unknown__TRINITY_DN11642_c0_g1_i1.p1	cowDenovo__Unknown__TRINITY_DN8518_c0_g1_i1.p2	cowDenovo__Unknown__TRINITY_DN8518_c0_g2_i3.p3		cowDenovo__Unknown__TRINITY_DN413_c0_g1_i5.p1	cowDenovo__Unknown__TRINITY_DN1029_c0_g1_i5.p1	3.0	3.0	2.0
sheep	Ovis_aries	Mammals	No	GCF	annotated	sheep__MAF__XP_027833450.2	sheep__MAFA__XP_027829230.1	sheep__MAFB__XP_012044596.3	sheep__NRL__XP_042108879.1	sheep__MAFF__XP_042103658.1	sheep__MAFG__XP_042112177.1	sheep__MAFK__XP_027817076.1	sheep__OTX1__XP_042101940.1	sheep__LOC101106129__XP_004020461.2,sheep__LOC114118382__XP_027834964.1,sheep__OTX2__XP_042108500.1	sheep__CRX__XP_012045975.3	4.0	3.0	3.0
cat	Felis_catus	Mammals	Yes	GCF	annotated	cat__MAF__XP_023101135.2	cat__MAFA__XP_023104341.2	cat__MAFB__XP_023107022.1	cat__NRL__XP_023111367.1	cat__MAFF__XP_023113493.1	cat__MAFG__XP_019673944.2	cat__MAFK__XP_044903301.1	cat__OTX1__XP_044910197.1	cat__OTX2__XP_003987729.1	cat__CRX__XP_044901347.1	4.0	3.0	3.0
cat	Felis_catus	Mammals	Yes	GCF	denovo	catDenovo__Unknown__TRINITY_DN44643_c3_g1_i3.p1		catDenovo__Unknown__TRINITY_DN25123_c0_g2_i1.p1	catDenovo__Unknown__TRINITY_DN44643_c3_g1_i3.p1	catDenovo__Unknown__TRINITY_DN2726_c0_g1_i3.p1	catDenovo__Unknown__TRINITY_DN2726_c0_g2_i3.p1		catDenovo__Unknown__TRINITY_DN3222_c0_g1_i1.p1	catDenovo__Unknown__TRINITY_DN1413_c0_g1_i8.p1	catDenovo__Unknown__TRINITY_DN1955_c0_g1_i6.p1	3.0	2.0	3.0
dog	Canis_familiaris	Mammals	Yes	GCF	annotated	dog__MAF__XP_038394157.1	dog__MAFA__XP_038411032.1	dog__MAFB__XP_038427303.1	dog__NRL__XP_038399950.1	dog__MAFF__XP_038407500.1	dog__MAFG__XP_038402227.1	dog__MAFK__XP_038395595.1	dog__OTX1__XP_038407327.1	dog__OTX2__XP_038399965.1	dog__CRX__NP_001003049.1	4.0	3.0	3.0
dog	Canis_familiaris	Mammals	Yes	GCF	denovo	dogDenovo__Unknown__TRINITY_DN271073_c0_g1_i1.p1					dogDenovo__Unknown__TRINITY_DN8598_c0_g1_i1.p1			dogDenovo__Unknown__TRINITY_DN931_c0_g1_i16.p1	dogDenovo__Unknown__TRINITY_DN931_c0_g1_i16.p1	1.0	1.0	2.0
ferret	Mustela_furo	Mammals	No	GCF	annotated	ferret__MAF__XP_004754127.3	ferret__MAFA__XP_044930139.1	ferret__MAFB__XP_012908766.2	ferret__NRL__XP_004755334.1	ferret__MAFF__XP_004743278.1	ferret__MAFG__XP_004748742.1	ferret__MAFK__XP_044931115.1	ferret__OTX1__XP_004742108.1	ferret__OTX2__XP_012911979.1	ferret__CRX__XP_004767515.1	4.0	3.0	3.0
treeShrew	Tupaia_belangeri	Mammals	No	Custom	annotated	treeShrew__MAF__TSDBTID.15625.1	treeShrew__MAFA__TSDBTID.8045.1	treeShrew__MAFB__TSDBTID.5231.1	treeShrew__NRL__TSDBTID.22451.1	treeShrew__MAFF__TSDBTID.24461.1		treeShrew__MAFK__TSDBTID.12800.2	treeShrew__OTX1__TSDBTID.7135.1	treeShrew__OTX2__TSDBTID.21986.1	treeShrew__CRX__TSDBTID.18795.1	4.0	2.0	3.0
guineapig	Cavia_porcellus	Mammals	No	GCF	annotated	guineapig__Maf__XP_013000126.2	guineapig__Mafa__XP_005008726.2	guineapig__Mafb__XP_005002829.1	guineapig__Nrl__NP_001166521.1	guineapig__Maff__XP_063099865.1	guineapig__Mafg__XP_005001512.1	guineapig__Mafk__XP_063090094.1	guineapig__Otx1__XP_003467541.3	guineapig__Otx2__XP_063097393.1	guineapig__Crx__XP_063109068.1	4.0	3.0	3.0
groundSquirrel	Ictidomys_tridecemlineatus	Mammals	Yes	GCF	annotated		groundSquirrel__Mafa__XP_005316155.1	groundSquirrel__Mafb__XP_005329891.1	groundSquirrel__Nrl__XP_040131621.1	groundSquirrel__Maff__XP_005322482.1	groundSquirrel__Mafg__XP_021586965.2	groundSquirrel__Mafk__XP_005339892.1	groundSquirrel__Otx1__XP_005322113.1	groundSquirrel__Otx2__XP_040130602.1	groundSquirrel__LOC101960714__XP_021589808.1	3.0	3.0	3.0
groundSquirrel	Ictidomys_tridecemlineatus	Mammals	Yes	GCF	denovo	groundSquirrelDenovo__Unknown__TRINITY_DN20967_c0_g1_i1.p1	groundSquirrelDenovo__Unknown__TRINITY_DN50601_c0_g1_i1.p1	groundSquirrelDenovo__Unknown__TRINITY_DN2585_c2_g1_i1.p1	groundSquirrelDenovo__Unknown__TRINITY_DN5166_c0_g1_i6.p1	groundSquirrelDenovo__Unknown__TRINITY_DN9766_c0_g1_i5.p1	groundSquirrelDenovo__Unknown__TRINITY_DN4278_c0_g1_i1.p1	groundSquirrelDenovo__Unknown__TRINITY_DN36295_c1_g1_i1.p1		groundSquirrelDenovo__Unknown__TRINITY_DN3863_c1_g1_i29.p1	groundSquirrelDenovo__Unknown__TRINITY_DN1475_c0_g1_i5.p1	4.0	3.0	2.0
blindMoleRat	Nannospalax_galili	Mammals	No	GCF	annotated	blindMoleRat__Maf__XP_008833613.2	blindMoleRat__Mafa__XP_008832750.1	blindMoleRat__Mafb__XP_008847806.1	blindMoleRat__Nrl__XP_008838065.1	blindMoleRat__Maff__XP_008849486.1	blindMoleRat__Mafg__XP_029416972.1	blindMoleRat__Mafk__XP_017658288.1	blindMoleRat__Otx1__XP_008848847.1	blindMoleRat__Otx2__XP_029422537.1	blindMoleRat__Crx__XP_008825396.1	4.0	3.0	3.0
zokor	Myospalax_baileyi	Mammals	Yes	GCF Near	denovo				zokorDenovo__Unknown__TRINITY_DN279_c0_g1_i21.p1		zokorDenovo__Unknown__TRINITY_DN51399_c0_g1_i1.p1	zokorDenovo__Unknown__TRINITY_DN1136_c0_g1_i5.p1		zokorDenovo__Unknown__TRINITY_DN41325_c1_g1_i8.p1	zokorDenovo__Unknown__TRINITY_DN1863_c0_g1_i4.p1	1.0	2.0	2.0
hamster	Mesocricetus_auratus	Mammals	No	GCF	annotated	hamster__Maf__XP_040592400.1	hamster__Mafa__XP_005086026.1	hamster__Mafb__XP_005082705.2	hamster__Nrl__XP_005085649.1	hamster__Maff__XP_040610079.1	hamster__Mafg__XP_012968772.1	hamster__Mafk__XP_005080042.1	hamster__Otx1__XP_040589169.1	hamster__Otx2__XP_040591726.1	hamster__Crx__XP_040590377.1	4.0	3.0	3.0
deerMouse	Peromyscus_maniculatus	Mammals	No	GCF	annotated	deerMouse__Maf__XP_076428302.1	deerMouse__Mafa__XP_076412222.1	deerMouse__Mafb__XP_015854992.2	deerMouse__Nrl__XP_006988587.1	deerMouse__Maff__XP_006979206.1	deerMouse__Mafg__XP_042139187.1	deerMouse__Mafk__XP_015864857.1	deerMouse__Otx1__XP_076402182.1	deerMouse__Otx2__XP_042140690.1	deerMouse__Crx__XP_006996974.1	4.0	3.0	3.0
gerbil	Meriones_unguiculatus	Mammals	No	GCF	annotated	gerbil__Maf__XP_060247904.1	gerbil__Mafa__XP_021515761.1	gerbil__Mafb__XP_021500039.1	gerbil__Nrl__XP_060247157.1	gerbil__Maff__XP_021517277.2	gerbil__Mafg__XP_021493069.1	gerbil__Mafk__XP_021496398.1	gerbil__Otx1__XP_021515851.1	gerbil__Otx2__XP_021508022.1	gerbil__LOC110555202__XP_021503974.1	4.0	3.0	3.0
sandRat	Psammomys_obesus	Mammals	Yes	GCF	annotated	sandRat__Maf__XP_055477398.1	sandRat__Mafa__XP_055482483.1	sandRat__Mafb__XP_055458414.1	sandRat__Nrl__XP_055473835.1	sandRat__Maff__XP_055458888.1	sandRat__Mafg__XP_055448662.1	sandRat__Mafk__XP_055454539.1	sandRat__Otx1__XP_055468085.1	sandRat__Otx2__XP_055462205.1	sandRat__Crx__XP_055471636.1	4.0	3.0	3.0
sandRat	Psammomys_obesus	Mammals	Yes	GCF	denovo	sandRatDenovo__Unknown__TRINITY_DN161_c4_g1_i1.p1	sandRatDenovo__Unknown__TRINITY_DN273514_c0_g1_i1.p1	sandRatDenovo__Unknown__TRINITY_DN6054_c1_g1_i1.p1	sandRatDenovo__Unknown__TRINITY_DN505_c2_g2_i5.p1	sandRatDenovo__Unknown__TRINITY_DN5807_c0_g2_i3.p2	sandRatDenovo__Unknown__TRINITY_DN2383_c0_g1_i7.p1	sandRatDenovo__Unknown__TRINITY_DN5807_c0_g1_i1.p3	sandRatDenovo__Unknown__TRINITY_DN288_c2_g1_i1.p2	sandRatDenovo__Unknown__TRINITY_DN3448_c0_g1_i13.p1	sandRatDenovo__Unknown__TRINITY_DN441_c1_g2_i6.p1	4.0	3.0	3.0
grassMouse	Rhabdomys_pumilio	Mammals	No	Custom	annotated	grassMouse__Maf__Maf-T1	grassMouse__Mafa__Mafa-T1	grassMouse__Mafb__Mafb-T1	grassMouse__Nrl__Nrl-T1	grassMouse__Maff__Maff-T1	grassMouse__Mafg__Mafg-T1	grassMouse__Mafk__Mafk-T1	grassMouse__OTX1__Otx1-T1	grassMouse__OTX2__Otx2-T1		4.0	3.0	2.0
brownRat	Rattus_norvegicus	Mammals	Yes	GCF	annotated	brownRat__Maf__NP_062191.2	brownRat__Mafa__NP_001386702.1	brownRat__Mafb__NP_062189.1	brownRat__Nrl__NP_001099506.1	brownRat__Maff__NP_001124045.1	brownRat__Mafg__NP_071781.1	brownRat__Mafk__NP_663706.2	brownRat__Otx1__NP_037241.2	brownRat__Otx2__NP_001094036.1	brownRat__Crx__NP_068627.2	4.0	3.0	3.0
brownRat	Rattus_norvegicus	Mammals	Yes	GCF	denovo	brownRatDenovo__Unknown__TRINITY_DN62859_c0_g1_i1.p2		brownRatDenovo__Unknown__TRINITY_DN120753_c0_g1_i1.p2	brownRatDenovo__Unknown__TRINITY_DN35_c0_g1_i1.p1		brownRatDenovo__Unknown__TRINITY_DN10390_c0_g1_i3.p1	brownRatDenovo__Unknown__TRINITY_DN179795_c0_g1_i1.p2		brownRatDenovo__Unknown__TRINITY_DN769_c0_g1_i30.p1	brownRatDenovo__Unknown__TRINITY_DN587_c0_g1_i1.p1	3.0	2.0	2.0
labMouse	Mus_musculus	Mammals	Yes	GCF	annotated	labMouse__Maf__NP_001020748.2	labMouse__Mafa__NP_919331.1	labMouse__Mafb__NP_034788.1	labMouse__Nrl__NP_032762.1	labMouse__Maff__NP_034885.1	labMouse__Mafg__NP_034886.1	labMouse__Mafk__NP_034887.1	labMouse__Otx1__NP_035153.1	labMouse__Otx2__NP_001273411.1	labMouse__Crx__NP_031796.1	4.0	3.0	3.0
labMouse	Mus_musculus	Mammals	Yes	GCF	denovo	labMouseDenovo__Unknown__TRINITY_DN33128_c0_g1_i1.p3		labMouseDenovo__Unknown__TRINITY_DN78582_c0_g1_i1.p2	labMouseDenovo__Unknown__TRINITY_DN2_c0_g1_i2.p1		labMouseDenovo__Unknown__TRINITY_DN3886_c0_g1_i2.p1			labMouseDenovo__Unknown__TRINITY_DN2938_c0_g1_i1.p1	labMouseDenovo__Unknown__TRINITY_DN815_c0_g1_i2.p1	3.0	1.0	2.0
marmoset	Callithrix_jacchus	Mammals	Yes	GCF	annotated	marmoset__MAF__XP_002761235.1	marmoset__MAFA__XP_008981332.2	marmoset__MAFB__XP_002747609.1	marmoset__NRL__XP_035116064.1	marmoset__MAFF__XP_035128467.1	marmoset__MAFG__XP_035158027.1	marmoset__MAFK__XP_035145692.2	marmoset__OTX1__XP_008978870.1	marmoset__OTX2__XP_035116504.1	marmoset__CRX__XP_054105526.1	4.0	3.0	3.0
marmoset	Callithrix_jacchus	Mammals	Yes	GCF	denovo	marmosetDenovo__Unknown__TRINITY_DN553_c0_g1_i16.p1	marmosetDenovo__Unknown__TRINITY_DN91344_c0_g1_i1.p3	marmosetDenovo__Unknown__TRINITY_DN151009_c0_g1_i1.p1	marmosetDenovo__Unknown__TRINITY_DN4866_c0_g1_i4.p1	marmosetDenovo__Unknown__TRINITY_DN5994_c1_g1_i1.p1		marmosetDenovo__Unknown__TRINITY_DN63898_c0_g1_i5.p1	marmosetDenovo__Unknown__TRINITY_DN1525_c0_g2_i2.p1	marmosetDenovo__Unknown__TRINITY_DN25299_c0_g1_i29.p1	marmosetDenovo__Unknown__TRINITY_DN5403_c0_g1_i13.p1	4.0	2.0	3.0
nancymaMonkey	Aotus_nancymaae	Mammals	Yes	GCF	annotated	nancymaMonkey__MAF__XP_021526730.2	nancymaMonkey__MAFA__XP_021527743.2	nancymaMonkey__MAFB__XP_012310439.2	nancymaMonkey__NRL__XP_064230808.1	nancymaMonkey__MAFF__XP_012314355.1	nancymaMonkey__MAFG__XP_012308133.2	nancymaMonkey__MAFK__XP_012326328.2	nancymaMonkey__OTX1__XP_012332543.1	nancymaMonkey__OTX2__XP_012306408.1	nancymaMonkey__CRX__XP_012302187.2	4.0	3.0	3.0
nancymaMonkey	Aotus_nancymaae	Mammals	Yes	GCF	denovo	nancymaMonkeyDenovo__Unknown__TRINITY_DN5405_c0_g1_i3.p2			nancymaMonkeyDenovo__Unknown__TRINITY_DN463_c0_g2_i3.p1		nancymaMonkeyDenovo__Unknown__TRINITY_DN4340_c1_g1_i2.p1	nancymaMonkeyDenovo__Unknown__TRINITY_DN9414_c0_g1_i5.p1		nancymaMonkeyDenovo__Unknown__TRINITY_DN163_c0_g1_i7.p1	nancymaMonkeyDenovo__Unknown__TRINITY_DN575_c0_g1_i5.p1	2.0	2.0	2.0
oliveBaboon	Papio_anubis	Mammals	Yes	GCF	annotated	oliveBaboon__MAF__XP_003917264.3	oliveBaboon__MAFA__XP_003919735.1	oliveBaboon__MAFB__XP_003904790.1	oliveBaboon__NRL__XP_009209537.1	oliveBaboon__MAFF__XP_017800799.1	oliveBaboon__MAFG__XP_021784144.1	oliveBaboon__MAFK__XP_003895698.1	oliveBaboon__OTX1__XP_003908766.1	oliveBaboon__OTX2__XP_031523944.1	oliveBaboon__CRX__XP_017808056.1	4.0	3.0	3.0
oliveBaboon	Papio_anubis	Mammals	Yes	GCF	denovo				oliveBaboonDenovo__Unknown__TRINITY_DN34300_c0_g1_i1.p1					oliveBaboonDenovo__Unknown__TRINITY_DN2996_c0_g1_i3.p1	oliveBaboonDenovo__Unknown__TRINITY_DN2996_c0_g1_i3.p1	1.0	0.0	2.0
crabMacaque	Macaca_fascicularis	Mammals	Yes	GCF	annotated	crabMacaque__MAF__XP_005592920.2	crabMacaque__MAFA__XP_015310804.3	crabMacaque__MAFB__XP_045218909.1	crabMacaque__NRL__XP_065403554.1	crabMacaque__MAFF__XP_005567368.3	crabMacaque__MAFG__XP_065388225.1	crabMacaque__MAFK__XP_065397606.1	crabMacaque__OTX1__XP_005575818.1	crabMacaque__OTX2__XP_005561397.1	crabMacaque__CRX__XP_065390758.1	4.0	3.0	3.0
crabMacaque	Macaca_fascicularis	Mammals	Yes	GCF	denovo	crabMacaqueDenovo__Unknown__TRINITY_DN4999_c0_g4_i1.p1	crabMacaqueDenovo__Unknown__TRINITY_DN24195_c0_g1_i1.p2	crabMacaqueDenovo__Unknown__TRINITY_DN4772_c6_g1_i1.p1	crabMacaqueDenovo__Unknown__TRINITY_DN3324_c0_g1_i5.p1	crabMacaqueDenovo__Unknown__TRINITY_DN21938_c0_g4_i1.p1	crabMacaqueDenovo__Unknown__TRINITY_DN6099_c0_g1_i7.p1	crabMacaqueDenovo__Unknown__TRINITY_DN6099_c0_g2_i2.p1	crabMacaqueDenovo__Unknown__TRINITY_DN4021_c0_g2_i1.p1	crabMacaqueDenovo__Unknown__TRINITY_DN2132_c0_g1_i46.p1	crabMacaqueDenovo__Unknown__TRINITY_DN562_c0_g3_i8.p1	4.0	3.0	3.0
rhesusMacaque	Macaca_mulatta	Mammals	Yes	GCF	annotated	rhesusMacaque__MAF__XP_014982165.2	rhesusMacaque__MAFA__XP_015001613.2	rhesusMacaque__MAFB__XP_001101624.3	rhesusMacaque__NRL__XP_028707272.1	rhesusMacaque__MAFF__XP_001092994.2	rhesusMacaque__MAFG__NP_001181498.1	rhesusMacaque__MAFK__XP_028701319.1	rhesusMacaque__OTX1__XP_001084150.1	rhesusMacaque__OTX2__NP_001171116.1	rhesusMacaque__CRX__XP_014979851.1	4.0	3.0	3.0
rhesusMacaque	Macaca_mulatta	Mammals	Yes	GCF	denovo	rhesusMacaqueDenovo__Unknown__TRINITY_DN7101_c0_g1_i1.p1		rhesusMacaqueDenovo__Unknown__TRINITY_DN261237_c0_g1_i1.p2	rhesusMacaqueDenovo__Unknown__TRINITY_DN783_c0_g1_i6.p1				rhesusMacaqueDenovo__Unknown__TRINITY_DN189059_c0_g1_i1.p1	rhesusMacaqueDenovo__Unknown__TRINITY_DN1841_c0_g2_i1.p1	rhesusMacaqueDenovo__Unknown__TRINITY_DN1307_c16_g1_i11.p1	3.0	0.0	3.0
human	Homo_sapiens	Mammals	Yes	GCF	annotated	human__MAF__NP_005351.2	human__MAFA__NP_963883.2	human__MAFB__NP_005452.2	human__NRL__NP_001341697.1,human__NRL__XP_054188315.1	human__MAFF__NP_036455.1	human__MAFG__NP_002350.1	human__MAFK__NP_002351.1	human__OTX1__NP_055377.1	human__OTX2__NP_068374.1	human__CRX__NP_000545.1	4.0	3.0	3.0
human	Homo_sapiens	Mammals	Yes	GCF	denovo	humanDenovo__Unknown__TRINITY_DN1615_c0_g1_i3.p1		humanDenovo__Unknown__TRINITY_DN152954_c0_g1_i1.p2	humanDenovo__Unknown__TRINITY_DN1334_c0_g1_i6.p1		humanDenovo__Unknown__TRINITY_DN10086_c0_g1_i2.p1			humanDenovo__Unknown__TRINITY_DN983_c0_g1_i13.p1	humanDenovo__Unknown__TRINITY_DN663_c0_g1_i33.p1	3.0	1.0	2.0
