	OrganismShortName	OrganismID	OrganismColor	AnnotationSource	SpeciesGroup	CMAF	CRX	MAFA	MAFB	MAFF	MAFG	MAFK	NRL	OTX1	OTX2	nMAFL	nMAFS	nOTX
0	hydra	Hydra_vulgaris	Nonchordates	GCF	invertebrate									hydra__LOC100209084__XP_065655724.1,hydra__LOC100211908__NP_001296697.1,hydra__LOC105846072__XP_065655683.1		0.0	0.0	1.0
1	flameJellyfish	Rhopilema_esculentum	Nonchordates	GCF	invertebrate									flameJellyfish__LOC135681342__XP_065051838.1,flameJellyfish__LOC135681422__XP_065051962.1,flameJellyfish__LOC135681476__XP_065052046.1,flameJellyfish__LOC135681547__XP_065052147.1,flameJellyfish__LOC135681548__XP_065052148.1		0.0	0.0	1.0
2	boxJellyfish	Alatina_alata	Nonchordates	GCF Near														
3	scallop	Mizuhopecten_yessoensis	Nonchordates	GCF	invertebrate	scallop__LOC110466773__XP_021379197.1								scallop__LOC110448536__XP_021350497.1,scallop__LOC110450433__XP_021353636.1,scallop__LOC110452824__XP_021357195.1,scallop__LOC110454873__XP_021360300.1		1.0	0.0	1.0
4	octopus	Octopus_bimaculoides	Nonchordates	GCF	invertebrate	octopus__LOC106877814__XP_014782317.1								octopus__LOC106873941__NP_001310717.1,octopus__LOC106877685__XP_014782118.1,octopus__LOC106879885__XP_052832725.1,octopus__LOC106883503__XP_014790018.1		1.0	0.0	1.0
5	hawaiianSquid	Euprymna_scolopes	Nonchordates	GCA														
6	reefSquid	Sepioteuthis_sepioidea	Nonchordates	NoGenome														
7	tardigrade	Paramacrobiotus_metropolitanus	Nonchordates	GCF	invertebrate	tardigrade__LOC129584033__XP_055332096.1								tardigrade__LOC129584993__XP_055333443.1,tardigrade__LOC129586666__XP_055335966.1,tardigrade__LOC129589245__XP_055339840.1,tardigrade__LOC129598308__XP_055352121.1		1.0	0.0	1.0
8	spider	Habronattus_gilaensis	Nonchordates	NoGenome														
9	norwayLobster	Nephrops_norvegicus	Nonchordates	GCF Near														
10	americanLobster	Homarus_americanus	Nonchordates	GCF	invertebrate					americanLobster__LOC121867327__XP_042223182.1				americanLobster__LOC121854528__XP_042205135.1,americanLobster__LOC121854966__XP_042205720.1,americanLobster__LOC121878533__XP_042240735.1,americanLobster__LOC121879871__XP_042242588.1		0.0	1.0	1.0
11	drosophila	Drosophila_melanogaster	Nonchordates	GCF	invertebrate	drosophila__tj__NP_001260582.1				drosophila__maf-S__NP_001286639.1				drosophila__Drgx__NP_001097075.2,drosophila__PHDP__NP_523834.1,drosophila__oc__NP_001356934.1		1.0	1.0	1.0
12	plastererBee	Colletes_gigas	Nonchordates	GCF	invertebrate	plastererBee__LOC122403542__XP_043263048.1				plastererBee__LOC122396420__XP_043250725.1				plastererBee__LOC122399734__XP_043256577.1,plastererBee__LOC122399790__XP_043256686.1,plastererBee__LOC122401243__XP_043259183.1,plastererBee__LOC122403419__XP_043262867.1		1.0	1.0	1.0
13	acornWorm	Saccoglossus_kowalevskii	Nonchordates	GCF	invertebrate	acornWorm__maf-like__NP_001164706.1								acornWorm__Dmbx__NP_001161526.1,acornWorm__LOC100369471__XP_002735289.1,acornWorm__LOC102804715__XP_006821810.1,acornWorm__PHox2__NP_001164681.1,acornWorm__drgx__NP_001158481.1,acornWorm__otx__NP_001158360.1		1.0	0.0	1.0
14	seaurchin	Lytechinus_variegatus	Nonchordates	GCF	invertebrate									seaurchin__LOC121407968__XP_041455186.1,seaurchin__LOC121418261__XP_041467961.1,seaurchin__LOC121431990__XP_041485726.1,seaurchin__LOC121432035__XP_041485789.1		0.0	0.0	1.0
15	echinoderm	Anneissia_japonica	Nonchordates	GCF	invertebrate	echinoderm__LOC117114910__XP_033114416.1								echinoderm__LOC117104664__XP_033101438.1,echinoderm__LOC117107729__XP_033105362.1,echinoderm__LOC117117484__XP_033117682.1,echinoderm__LOC117119230__XP_033119929.1		1.0	0.0	1.0
16	amphioxus	Branchiostoma_floridae	Protochordates	GCF	invertebrate	amphioxus__LOC136438471__XP_066289367.1								amphioxus__LOC136433338__XP_066281542.1,amphioxus__LOC136436046__XP_066285834.1,amphioxus__LOC136448406__XP_066303959.1,amphioxus__LOC136449157__XP_066305108.1		1.0	0.0	1.0
17	vaseTunicate	Ciona_intestinalis	Protochordates	GCF	invertebrate					vaseTunicate__LOC778757__NP_001071818.1				vaseTunicate__LOC100178876__XP_002119140.1,vaseTunicate__otx2__NP_001027662.2,vaseTunicate__phox2__NP_001037829.1		0.0	1.0	1.0
18	seaSquirt	Styela_clava	Protochordates	GCF	invertebrate					seaSquirt__LOC120331304__XP_039254309.1,seaSquirt__LOC120347869__XP_039273915.1				seaSquirt__LOC120326315__XP_039248511.1,seaSquirt__LOC120331221__XP_039254229.1,seaSquirt__LOC120341627__XP_039266104.1,seaSquirt__LOC120348055__XP_039274099.1		0.0	1.0	1.0
19	atlanticHagfish	Myxine_glutinosa	Agnathans (hagfish and lampreys)	GCF														
20	broadgilledHagfish	Eptatretus_cirrhatus	Agnathans (hagfish and lampreys)	NoGenome														
21	pouchedLamprey	Geotria_australis	Agnathans (hagfish and lampreys)	GCA														
22	shortheadLamprey	Mordacia_mordax	Agnathans (hagfish and lampreys)	GCA														
23	seaLamprey	Petromyzon_marinus	Agnathans (hagfish and lampreys)	GCF														
24	fareasternBrookLamprey	Lethenteron_reissneri	Agnathans (hagfish and lampreys)	GCF														
25	arcticLamprey	Lethenteron_camtschaticum	Agnathans (hagfish and lampreys)	GCF Near														
26	bluespottedStingray	Neotrygon_kuhlii	Cartilaginous fishes	GCF Near														
27	redStingray	Hemitrygon_akajei	Cartilaginous fishes	GCF	fish	redStingray__LOC140740842__XP_072926494.1		redStingray__mafaa__XP_072904721.1	redStingray__mafba__XP_072918127.1	redStingray__LOC140719078__XP_072889555.1	redStingray__mafga__XP_072882308.1	redStingray__mafk__XP_072917087.1		redStingray__otx1__XP_072907299.1	redStingray__otx2b__XP_072896008.1	3.0	3.0	2.0
28	catshark	Scyliorhinus_torazame	Cartilaginous fishes	GCF	fish	catshark__mafa__XP_072373938.1	catshark__LOC140402323__XP_072346133.1	catshark__mafaa__XP_072324324.1	catshark__LOC140428545__XP_072371246.1	catshark__LOC140403927__XP_072348285.1	catshark__LOC140395576__XP_072339627.1	catshark__mafk__XP_072337129.1		catshark__otx1__XP_072363412.1	catshark__otx2b__XP_072345682.1	3.0	3.0	3.0
29	reefShark	Carcharhinus_amblyrhynchos	Cartilaginous fishes	GCF Near														
30	bambooShark	Chiloscyllium_punctatum	Cartilaginous fishes	GCF	fish	bambooShark__mafa__XP_072451968.1	bambooShark__LOC140454601__XP_072405569.1	bambooShark__mafaa__XP_072426116.1	bambooShark__LOC140462900__XP_072412445.1	bambooShark__LOC140488943__XP_072444262.1	bambooShark__LOC140464029__XP_072414753.1	bambooShark__mafk__XP_072415341.1		bambooShark__otx1__XP_072437691.1	bambooShark__otx2b__XP_072424894.1	3.0	3.0	3.0
31	nurseShark	Ginglymostoma_cirratum	Cartilaginous fishes	GCF Near														
32	zebraShark	Stegostoma_tigrinum	Cartilaginous fishes	GCF	fish	zebraShark__LOC125460078__XP_048403134.2	zebraShark__LOC125447748__XP_048378383.1	zebraShark__mafaa__XP_048385419.1	zebraShark__LOC125461481__XP_048406268.1	zebraShark__LOC125447181__XP_048377337.1	zebraShark__LOC125463828__XP_048411544.1	zebraShark__mafk__XP_048408027.1		zebraShark__otx1__XP_048391779.1	zebraShark__otx2b__XP_048394529.1	3.0	3.0	3.0
33	whaleShark	Rhincodon_typus	Cartilaginous fishes	GCF	fish	whaleShark__mafa__XP_048462041.1	whaleShark__LOC109936750__XP_048474331.1	whaleShark__LOC109920499__XP_020376119.1	whaleShark__LOC109915489__XP_048464344.1	whaleShark__LOC109925329__XP_048473543.1	whaleShark__LOC125481030__XP_048466689.1	whaleShark__mafk__XP_020382141.1		whaleShark__otx1__XP_048457470.1	whaleShark__otx2b__XP_020382934.1	3.0	3.0	3.0
34	bowfin	Amia_calva	Non-teleost ray-finned fishes	GCF Near														
35	spottedGar	Lepisosteus_oculatus	Non-teleost ray-finned fishes	GCF	fish	spottedGar__mafa__XP_006641197.2	spottedGar__LOC102686928__XP_069042592.1	spottedGar__mafaa__XP_069047236.1	spottedGar__mafba__XP_006639587.2	spottedGar__maff__XP_069053156.1	spottedGar__mafgb__XP_006635210.2	spottedGar__mafk__XP_015215295.1	spottedGar__nrl__XP_069044909.1	spottedGar__otx1__XP_006638669.2	spottedGar__otx2b__XP_006632284.1	3.0	3.0	3.0
36	floridaGar	Lepisosteus_platyrhincus	Non-teleost ray-finned fishes	GCF Near														
37	eel	Gymnothorax_saxicola	Teleost ray-finned fishes	NoGenome														
38	zebrafish	Danio_rerio	Teleost ray-finned fishes	GCF	teleost	zebrafish__mafa__XP_021323247.1,zebrafish__mafb__NP_001303598.2	zebrafish__crx__NP_694419.1	zebrafish__mafaa__NP_001076409.1	zebrafish__mafba__NP_571090.2	zebrafish__maff__NP_956630.1	zebrafish__mafga__XP_021325832.2,zebrafish__mafgb__XP_005169479.2	zebrafish__mafk__XP_005164260.1	zebrafish__nrl__NP_001035421.1	zebrafish__otx1__NP_571325.2	zebrafish__otx2a__NP_571290.1,zebrafish__otx5__NP_851848.2	3.0	3.0	3.0
39	grassCarp	Ctenopharyngodon_idella	Teleost ray-finned fishes	GCF	teleost	grassCarp__mafa__XP_051727005.1,grassCarp__mafb__XP_051739567.1	grassCarp__crx__XP_051750357.1	grassCarp__mafaa__XP_051754161.1	grassCarp__mafba__XP_051736520.1	grassCarp__maff__XP_051771291.1	grassCarp__mafga__XP_051743368.1,grassCarp__mafgb__XP_051767641.1	grassCarp__mafk__XP_051742255.1	grassCarp__nrl__XP_051731548.1	grassCarp__otx1__XP_051725101.1	grassCarp__otx2a__XP_051764913.1,grassCarp__otx5__XP_051718509.1	3.0	3.0	3.0
40	channelCatfish	Ictalurus_punctatus	Teleost ray-finned fishes	GCF	teleost	channelCatfish__mafa__XP_017322189.1,channelCatfish__mafb__XP_047015791.1	channelCatfish__crx__XP_017315072.1	channelCatfish__mafaa__XP_053539678.1	channelCatfish__mafba__XP_017343290.1	channelCatfish__maff__XP_017339225.1	channelCatfish__mafga__XP_053530046.1,channelCatfish__mafgb__XP_017333948.1	channelCatfish__mafk__XP_017310124.1	channelCatfish__nrl__XP_053541635.1	channelCatfish__otx1__XP_017330959.1	channelCatfish__otx2a__XP_017312368.1,channelCatfish__otx5__XP_017345917.1	3.0	3.0	3.0
41	yangtzeCatfish	Silurus_meridionalis	Teleost ray-finned fishes	GCF	teleost	yangtzeCatfish__mafa__XP_046721024.1,yangtzeCatfish__mafb__XP_046715288.1	yangtzeCatfish__crx__XP_046695462.1	yangtzeCatfish__mafaa__XP_046709800.1	yangtzeCatfish__mafba__XP_046725730.1	yangtzeCatfish__maff__XP_046709373.1	yangtzeCatfish__mafga__XP_046721846.1,yangtzeCatfish__mafgb__XP_046713108.1	yangtzeCatfish__mafk__XP_046690455.1	yangtzeCatfish__nrl__XP_046729803.1	yangtzeCatfish__otx1__XP_046711104.1	yangtzeCatfish__otx2a__XP_046693058.1,yangtzeCatfish__otx5__XP_046719411.1	3.0	3.0	3.0
42	piranha	Pygocentrus_nattereri	Teleost ray-finned fishes	GCF	teleost	piranha__mafa__XP_017564729.1,piranha__mafb__XP_017554927.1	piranha__crx__XP_017569370.1	piranha__mafaa__XP_017577129.1	piranha__mafba__XP_017553718.1	piranha__maff__XP_017560970.1	piranha__mafga__XP_017569580.1,piranha__mafgb__XP_037400945.1	piranha__mafk__XP_017562994.1	piranha__nrl__XP_017553181.1	piranha__otx1__XP_017560465.1	piranha__otx2a__XP_017572022.1,piranha__otx5__XP_017578892.1	3.0	3.0	3.0
43	northernPike	Esox_lucius	Teleost ray-finned fishes	GCF	teleost	northernPike__LOC105022181__XP_010888682.1,northernPike__mafa__XP_019895967.1	northernPike__crx__XP_010869096.1	northernPike__mafaa__XP_010870766.1	northernPike__mafba__XP_019907591.2,northernPike__mafbb__XP_010880215.1	northernPike__maff__XP_010893859.1	northernPike__LOC105013039__XP_010872589.1,northernPike__mafgb__XP_028978188.1	northernPike__mafk__XP_010872892.1	northernPike__nrl__XP_010870577.1	northernPike__otx1__XP_010865940.1	northernPike__LOC105021530__XP_019905224.2,northernPike__otx5__XP_010896957.3	3.0	3.0	3.0
44	lanternFish	Electrona_risso	Teleost ray-finned fishes	NoGenome														
45	cod	Gadus_morhua	Teleost ray-finned fishes	GCF	teleost	cod__mafa__XP_030233636.1	cod__crx__XP_030218380.1	cod__mafaa__XP_030229457.1	cod__mafba__XP_030211285.1,cod__mafbb__XP_030229769.1	cod__LOC115531400__XP_074930269.1	cod__LOC115539323__XP_030206232.1,cod__mafgb__XP_030208298.1	cod__mafk__XP_030206167.1	cod__nrl__XP_030229459.1	cod__otx1__XP_030235839.1	cod__LOC115539721__XP_030206357.1,cod__LOC115528900__XP_030193154.1	3.0	3.0	3.0
46	tuna	Thunnus_albacares	Teleost ray-finned fishes	GCF	teleost	tuna__mafa__XP_044203536.1,tuna__mafb__XP_044212074.1	tuna__crx__XP_044225469.1	tuna__mafaa__XP_044217031.1	tuna__mafba__XP_044207803.1,tuna__mafbb__XP_044204647.1	tuna__maff__XP_044193825.1	tuna__LOC122966582__XP_044186748.1,tuna__mafgb__XP_044202054.1	tuna__mafk__XP_044186196.1	tuna__nrl__XP_044216424.1	tuna__otx1__XP_044229764.1	tuna__LOC122976959__XP_044201435.1,tuna__LOC122983364__XP_044208999.1	3.0	3.0	3.0
47	snakeheadFish	Channa_argus	Teleost ray-finned fishes	GCF	teleost	snakeheadFish__LOC137125426__XP_067356963.1,snakeheadFish__mafa__XP_067343238.1	snakeheadFish__crx__XP_067350591.1	snakeheadFish__mafaa__XP_067370396.1	snakeheadFish__LOC137127917__XP_067361581.1,snakeheadFish__mafba__XP_067383503.1	snakeheadFish__maff__XP_067343664.1	snakeheadFish__LOC137099843__XP_067333265.1,snakeheadFish__mafgb__XP_067354826.1	snakeheadFish__mafk__XP_067332667.1	snakeheadFish__nrl__XP_067370542.1	snakeheadFish__otx1__XP_067369269.1	snakeheadFish__LOC137124486__XP_067355659.1,snakeheadFish__LOC137129553__XP_067364930.1	3.0	3.0	3.0
48	cichlid	Archocentrus_centrarchus	Teleost ray-finned fishes	GCF Near														
49	tilapia	Oreochromis_mossambicus	Teleost ray-finned fishes	GCF Near														
50	flavescentPeacockFish	Aulonocara_stuartgranti	Teleost ray-finned fishes	GCF	teleost	flavescentPeacockFish__LOC115781690__XP_030587350.1,flavescentPeacockFish__mafa__XP_030613676.1	flavescentPeacockFish__crx__XP_030601988.1	flavescentPeacockFish__mafaa__XP_030584217.1	flavescentPeacockFish__LOC115780235__XP_030585184.1,flavescentPeacockFish__mafba__XP_030590400.1	flavescentPeacockFish__LOC115798469__XP_074930552.1	flavescentPeacockFish__LOC115785214__XP_030592582.1,flavescentPeacockFish__mafgb__XP_030592808.1	flavescentPeacockFish__mafk__XP_030591848.1	flavescentPeacockFish__nrl__XP_030583765.1	flavescentPeacockFish__otx1__XP_030603933.1	flavescentPeacockFish__LOC115784140__XP_030591115.1,flavescentPeacockFish__LOC115790034__XP_030599542.1	3.0	3.0	3.0
51	yellowPeacockFish	Aulonocara_baenschi	Teleost ray-finned fishes	GCF Near														
52	triggerfish	Rhinecanthus_aculeatus	Teleost ray-finned fishes	GCF Near														
53	oceanJacket	Nelusetta_ayraudi	Teleost ray-finned fishes	GCF	teleost	oceanJacket__LOC142903523__XP_075905321.1,oceanJacket__mafa__XP_075879646.1	oceanJacket__LOC142884405__XP_075876083.1	oceanJacket__mafaa__XP_075901712.1	oceanJacket__mafba__XP_075882207.1,oceanJacket__mafbb__XP_075903975.1	oceanJacket__maff__XP_075890875.1	oceanJacket__LOC142886990__XP_075880409.1,oceanJacket__mafgb__XP_075895695.1	oceanJacket__mafk__XP_075894952.1	oceanJacket__nrl__XP_075895450.1	oceanJacket__otx1__XP_075906938.1	oceanJacket__LOC142881380__XP_075871769.1,oceanJacket__LOC142903351__XP_075905034.1,oceanJacket__LOC142903970__XP_075905998.1	3.0	3.0	3.0
54	giltheadBream	Sparus_aurata	Teleost ray-finned fishes	GCF	teleost	giltheadBream__LOC115586770__XP_030281966.1,giltheadBream__mafa__XP_030270417.1	giltheadBream__crx__XP_030293809.1	giltheadBream__mafaa__XP_030287986.1	giltheadBream__mafba__XP_030279318.1,giltheadBream__mafbb__XP_030276052.1	giltheadBream__maff__XP_030257020.1	giltheadBream__LOC115576097__XP_030264467.1,giltheadBream__mafgb__XP_030252038.1	giltheadBream__mafk__XP_030264057.1	giltheadBream__nrl__XP_030288310.1	giltheadBream__otx1__XP_030296709.1	giltheadBream__LOC115592924__XP_030292055.1,giltheadBream__LOC115594333__XP_030294209.1	3.0	3.0	3.0
55	oldwife	Enoplosus_armatus	Teleost ray-finned fishes	GCF	teleost	oldwife__LOC139286594__XP_070763562.1,oldwife__mafa__XP_070760746.1	oldwife__crx__XP_070773366.1	oldwife__mafaa__XP_070765312.1	oldwife__mafba__XP_070766159.1,oldwife__mafbb__XP_070758187.1	oldwife__maff__XP_070783430.1	oldwife__LOC139300464__XP_070779677.1,oldwife__mafgb__XP_070778961.1	oldwife__mafk__XP_070778581.1	oldwife__nrl__XP_070764973.1	oldwife__otx1__XP_070772027.1	oldwife__LOC139294521__XP_070772537.1,oldwife__LOC139285196__XP_070761798.1	3.0	3.0	3.0
56	bluegill	Lepomis_macrochirus	Teleost ray-finned fishes	GCF Near														
57	coelacanth	Latimeria_chalumnae	Lobe-finned fishes	GCF	fish	coelacanth__LOC102348657__XP_014344902.1	coelacanth__LOC102351276__XP_005987868.1	coelacanth__MAFAA__XP_006007664.1	coelacanth__LOC102365976__XP_005990472.1	coelacanth__LOC102353766__XP_014352934.1	coelacanth__LOC102359190__XP_064423458.1		coelacanth__LOC102354056__XP_005994483.1	coelacanth__OTX1__XP_005989615.1	coelacanth__OTX2B__XP_005986517.1	3.0	2.0	3.0
58	lungfish	Protopterus_annectens	Lobe-finned fishes	GCF	fish	lungfish__MAF__XP_043937739.1	lungfish__LOC122811864__XP_043940051.1	lungfish__MAFA__XP_043923271.1	lungfish__MAFB__XP_043946392.1	lungfish__MAFF__XP_043924399.1	lungfish__MAFG__XP_043924159.1		lungfish__LOC122790346__XP_043913796.1	lungfish__OTX1__XP_043911449.1	lungfish__OTX2__XP_043930372.1	3.0	2.0	3.0
59	tinyCaecilian	Microcaecilia_unicolor	Amphibians	GCF	fish	tinyCaecilian__MAF__XP_030060362.1	tinyCaecilian__CRX__XP_030075057.1	tinyCaecilian__MAFA__XP_030075691.1	tinyCaecilian__MAFB__XP_030068487.1	tinyCaecilian__MAFF__XP_030064149.1	tinyCaecilian__LOC115462212__XP_030048085.1,tinyCaecilian__MAFG__XP_030061033.1	tinyCaecilian__MAFK__XP_030068393.1	tinyCaecilian__NRL__XP_030043638.1	tinyCaecilian__OTX1__XP_030050515.1	tinyCaecilian__OTX2__XP_030070658.1	3.0	3.0	3.0
60	twolinedCaecilian	Rhinatrema_bivittatum	Amphibians	GCF	fish	twolinedCaecilian__MAF__XP_029464021.1	twolinedCaecilian__LOC115100559__XP_029474937.1,twolinedCaecilian__LOC115100686__XP_029475258.1	twolinedCaecilian__MAFA__XP_029448037.1	twolinedCaecilian__LOC115097897__XP_029469921.1	twolinedCaecilian__MAFF__XP_029446022.1	twolinedCaecilian__MAFG__XP_029454938.1	twolinedCaecilian__MAFK__XP_029432539.1	twolinedCaecilian__NRL__XP_029436441.1	twolinedCaecilian__OTX1__XP_029449529.1	twolinedCaecilian__OTX2__XP_029453271.1	3.0	3.0	3.0
61	chineseSalamander	Andrias_davidianus	Amphibians	GCF Near														
62	axolotl	Ambystoma_mexicanum	Amphibians	GCF	fish	axolotl__MAF__XP_069508968.1	axolotl__LOC138566747__XP_069500480.1	axolotl__MAFA__XP_069477854.1	axolotl__MAFB__XP_069508371.1	axolotl__MAFF__XP_069509081.1	axolotl__MAFG__XP_069511406.1	axolotl__MAFK__XP_069503740.1	axolotl__LOC138521230__XP_069490020.1	axolotl__OTX1__XP_069464308.1	axolotl__OTX2__XP_069494173.1	3.0	3.0	3.0
63	redSalamander	Plethodon_cinereus	Amphibians	GCF Near														
64	himalayaFrog	Nanorana_parkeri	Amphibians	GCF	fish	himalayaFrog__MAF__XP_018411242.1	himalayaFrog__CRX__XP_018411526.1	himalayaFrog__MAFA__XP_018414465.1	himalayaFrog__MAFB__XP_018411672.1	himalayaFrog__MAFF__XP_018426547.1	himalayaFrog__MAFG__XP_018409131.1	himalayaFrog__MAFK__XP_018412616.1	himalayaFrog__LOC108786756__XP_018411616.1	himalayaFrog__OTX1__XP_018411224.1	himalayaFrog__OTX2__XP_018418283.1	3.0	3.0	3.0
65	westernFrog	Xenopus_tropicalis	Amphibians	GCF	fish	westernFrog__maf__NP_001027476.1	westernFrog__crx__XP_012823813.2	westernFrog__mafa__NP_001027475.1	westernFrog__mafb__NP_001025694.1	westernFrog__maff__XP_002934281.1	westernFrog__mafg__XP_004916428.1	westernFrog__mafk__XP_031748285.1	westernFrog__nrl__XP_012808720.1	westernFrog__otx1__XP_031757465.1	westernFrog__otx2__XP_012823826.1	3.0	3.0	3.0
66	africanFrog	Xenopus_laevis	Amphibians	GCF	fish	africanFrog__maf.L__XP_041446090.1,africanFrog__maf.S__XP_041417067.1	africanFrog__crx.L__NP_001081916.1,africanFrog__crx.S__XP_041429996.1	africanFrog__mafa.L__XP_018123804.1,africanFrog__mafa.S__XP_018079484.1	africanFrog__mafb.L__XP_018090693.1,africanFrog__mafb.S__NP_001083852.1	africanFrog__maff.L__XP_018114367.1,africanFrog__maff.S__XP_018115181.1	africanFrog__mafg.L__XP_041432720.1	africanFrog__mafk.L__XP_041432184.1,africanFrog__mafk.S__XP_018094625.1	africanFrog__nrl.L__XP_018115091.1,africanFrog__nrl.S__NP_001079206.1	africanFrog__otx1.L__XP_018117180.1	africanFrog__otx2.L__XP_018084329.1,africanFrog__otx2.S__NP_001084160.1	3.0	3.0	3.0
67	tokayGecko	Gekko_gecko	Squamata (lizards and snakes)	GCF Near														
68	japaneseGecko	Gekko_japonicus	Squamata (lizards and snakes)	GCF	reptile	japaneseGecko__MAF__XP_015285014.1	japaneseGecko__LOC107121371__XP_015279773.1	japaneseGecko__MAFA__XP_015273594.1	japaneseGecko__MAFB__XP_015260977.1	japaneseGecko__MAFF__XP_015274659.1	japaneseGecko__MAFG__XP_015275850.1	japaneseGecko__MAFK__XP_015276628.1	japaneseGecko__NRL__XP_015269140.1	japaneseGecko__LOC107107343__XP_015263117.1	japaneseGecko__OTX2__XP_015262914.1	3.0	3.0	3.0
69	sandLizard	Lacerta_agilis	Squamata (lizards and snakes)	GCF	reptile	sandLizard__MAF__XP_033013070.1	sandLizard__LOC117052044__XP_033014662.1	sandLizard__MAFA__XP_033011850.1	sandLizard__MAFB__XP_033009283.1	sandLizard__MAFF__XP_033018043.1	sandLizard__MAFG__XP_032994994.1	sandLizard__MAFK__XP_033022525.1	sandLizard__NRL__XP_033026288.1	sandLizard__OTX1__XP_033001507.1	sandLizard__OTX2__XP_033024617.1	3.0	3.0	3.0
70	tawnyDragon	Ctenophorus_decresii	Squamata (lizards and snakes)	GCF Near														
71	beardedDragon	Pogona_vitticeps	Squamata (lizards and snakes)	GCF	reptile	beardedDragon__MAF__XP_020657363.1	beardedDragon__LOC110088518__XP_020666511.1	beardedDragon__MAFA__XP_020669048.1	beardedDragon__MAFB__XP_020644911.1	beardedDragon__MAFF__XP_020643246.1	beardedDragon__MAFG__XP_020670010.1	beardedDragon__MAFK__XP_020659950.1	beardedDragon__NRL__XP_020664985.1	beardedDragon__OTX1__XP_020646291.1	beardedDragon__OTX2__XP_020658164.1	3.0	3.0	3.0
72	greenAnole	Anolis_carolinensis	Squamata (lizards and snakes)	GCF	reptile	greenAnole__maf__XP_008112130.2	greenAnole__LOC100559672__XP_062818439.1	greenAnole__mafa__XP_062835983.1	greenAnole__mafb__XP_008115790.2	greenAnole__maff__XP_003227196.2	greenAnole__mafg__XP_008102792.1	greenAnole__mafk__XP_008116599.1	greenAnole__nrl__XP_062814062.1	greenAnole__otx1__XP_062815107.1	greenAnole__otx2__XP_062824717.1	3.0	3.0	3.0
73	brownAnole	Anolis_sagrei	Squamata (lizards and snakes)	GCF	reptile	brownAnole__MAF__XP_060644362.2	brownAnole__LOC132780209__XP_060639772.1,brownAnole__LOC137095319__XP_067317913.1	brownAnole__MAFA__XP_060631969.2	brownAnole__MAFB__XP_060628215.2	brownAnole__MAFF__XP_060633020.1	brownAnole__MAFG__XP_060620842.1	brownAnole__LOC132782144__XP_060642834.2,brownAnole__LOC137095487__XP_067318314.1	brownAnole__NRL__XP_060635977.1	brownAnole__OTX1__XP_067325612.1	brownAnole__OTX2__XP_067319192.1	3.0	3.0	3.0
74	python	Python_bivittatus	Squamata (lizards and snakes)	GCF	reptile	python__LOC103049108__XP_025027841.1	python__CRX__XP_007427043.1		python__MAFB__XP_015744577.1	python__MAFF__XP_025025777.1	python__MAFG__XP_007427839.1	python__MAFK__XP_007442315.1	python__NRL__XP_007437369.1	python__LOC103067230__XP_025022551.1	python__OTX2__XP_007422992.1	2.0	3.0	3.0
75	groundBoa	Candoia_aspera	Squamata (lizards and snakes)	GCF	reptile	groundBoa__MAF__XP_063169066.1	groundBoa__LOC134503250__XP_063168066.1	groundBoa__MAFA__XP_063156075.1	groundBoa__MAFB__XP_063153241.1	groundBoa__MAFF__XP_063164167.1	groundBoa__MAFG__XP_063149356.1	groundBoa__MAFK__XP_063170913.1	groundBoa__NRL__XP_063157679.1	groundBoa__OTX1__XP_063147491.1	groundBoa__OTX2__XP_063150066.1	3.0	3.0	3.0
76	cobra	Naja_naja	Squamata (lizards and snakes)	GCF Near														
77	garterSnake	Thamnophis_sirtalis	Squamata (lizards and snakes)	GCF	reptile	garterSnake__LOC106551874__XP_013925512.1	garterSnake__LOC106555201__XP_013929460.1	garterSnake__MAFA__XP_013917130.1	garterSnake__MAFB__XP_013914637.1	garterSnake__MAFF__XP_013910419.1	garterSnake__MAFG__XP_013916963.1	garterSnake__MAFK__XP_013916685.1	garterSnake__LOC106552296__XP_013926010.1	garterSnake__OTX1__XP_013919834.1	garterSnake__LOC106538813__XP_013908912.1,garterSnake__LOC106538819__XP_013908919.1	3.0	3.0	3.0
78	cornSnake	Pantherophis_guttatus	Squamata (lizards and snakes)	GCF	reptile	cornSnake__MAF__XP_034281304.1	cornSnake__LOC117677699__XP_034293968.1	cornSnake__MAFA__XP_034275836.1	cornSnake__MAFB__XP_034269821.1	cornSnake__MAFF__XP_034259519.1	cornSnake__MAFG__XP_034268786.1	cornSnake__MAFK__XP_034297459.1	cornSnake__NRL__XP_060540776.1	cornSnake__OTX1__XP_060545338.1	cornSnake__OTX2__XP_034289343.1	3.0	3.0	3.0
79	greenTurtle	Chelonia_mydas	Turtles	GCF	reptile	greenTurtle__MAF__XP_043381875.1	greenTurtle__CRX__XP_037740430.1	greenTurtle__MAFA__XP_043394915.1	greenTurtle__MAFB__XP_037771984.1	greenTurtle__MAFF__XP_043399227.1	greenTurtle__MAFG__XP_037770029.1	greenTurtle__MAFK__XP_007065416.2	greenTurtle__NRL__XP_037733020.2	greenTurtle__OTX1__XP_037752009.1	greenTurtle__OTX2__XP_043405691.1	3.0	3.0	3.0
80	redTurtle	Trachemys_scripta	Turtles	GCF	reptile	redTurtle__MAF__XP_034643984.1	redTurtle__CRX__XP_034648312.1	redTurtle__MAFA__XP_034619612.1	redTurtle__MAFB__XP_034643486.1	redTurtle__MAFF__XP_034632554.1	redTurtle__MAFG__XP_034645930.1	redTurtle__MAFK__XP_034638928.1		redTurtle__OTX1__XP_034622837.1	redTurtle__OTX2__XP_034626473.1	3.0	3.0	3.0
81	americanAlligator	Alligator_mississippiensis	Crocodiles	GCF	reptile	americanAlligator__MAF__XP_059569876.1	americanAlligator__LOC102576692__XP_006265011.1	americanAlligator__MAFA__XP_006262735.1	americanAlligator__MAFB__XP_006265382.1	americanAlligator__MAFF__XP_059582394.1	americanAlligator__MAFG__XP_006270717.1	americanAlligator__MAFK__XP_019350258.2	americanAlligator__NRL__XP_059586442.1	americanAlligator__OTX1__XP_019356250.2	americanAlligator__OTX2__XP_019335474.1	3.0	3.0	3.0
82	chineseAlligator	Alligator_sinensis	Crocodiles	GCF	reptile	chineseAlligator__LOC102381322__XP_025066811.1	chineseAlligator__LOC102370507__XP_025049174.1	chineseAlligator__MAFA__XP_006039548.2	chineseAlligator__MAFB__XP_006016713.1	chineseAlligator__MAFF__XP_014378316.1	chineseAlligator__MAFG__XP_006038228.1	chineseAlligator__MAFK__XP_025068149.1	chineseAlligator__NRL__XP_014381666.2		chineseAlligator__OTX2__XP_014372934.1	3.0	3.0	2.0
83	emu	Dromaius_novaehollandiae	Birds	GCF	bird	emu__MAF__XP_064375807.1	emu__LOC135325254__XP_064359194.1	emu__MAFA__XP_025969455.2	emu__MAFB__XP_025948812.1	emu__MAFF__XP_025957942.2	emu__MAFG__XP_064379007.1	emu__MAFK__XP_064376262.1		emu__OTX1__XP_064366196.1	emu__OTX2__XP_064369577.1	3.0	3.0	3.0
84	ostrich	Struthio_camelus	Birds	GCF	bird	ostrich__MAF__XP_068812426.1	ostrich__CRX__XP_068766418.1	ostrich__MAFA__XP_068789949.1	ostrich__MAFB__XP_009669433.1	ostrich__MAFF__XP_068798295.1	ostrich__MAFG__XP_009667074.2	ostrich__MAFK__XP_068764117.1		ostrich__OTX1__XP_068792634.1	ostrich__OTX2__XP_009668952.1	3.0	3.0	3.0
85	mallardDuck	Anas_platyrhynchos	Birds	GCF	bird	mallardDuck__MAF__XP_038041342.1	mallardDuck__LOC140000269__XP_071886214.1	mallardDuck__MAFA__XP_027308589.1	mallardDuck__MAFB__XP_005012103.1	mallardDuck__MAFF__XP_027306343.1	mallardDuck__MAFG__XP_005011602.1	mallardDuck__MAFK__XP_071880198.1		mallardDuck__OTX1__XP_038032674.1	mallardDuck__OTX2__XP_027315034.1	3.0	3.0	3.0
86	muscovyDuck	Cairina_moschata	Birds	GCF Near														
87	quail	Coturnix_japonica	Birds	GCF	bird	quail__MAF__XP_015729607.1		quail__MAFA__XP_015711959.1	quail__MAFB__XP_015736936.1	quail__MAFF__XP_015718579.1	quail__MAFG__XP_015735390.1	quail__MAFK__XP_015732262.1		quail__OTX1__XP_015712084.1	quail__OTX2__XP_015721371.1	3.0	3.0	2.0
88	chicken	Gallus_gallus	Birds	GCF	bird	chicken__MAF__XP_015148000.1		chicken__MAFA__NP_990356.1	chicken__MAFB__NP_001026023.1	chicken__MAFF__XP_046760163.1	chicken__MAFG__XP_015150912.1	chicken__MAFK__XP_040503249.1		chicken__OTX1__XP_015133598.2	chicken__OTX2__NP_989851.2	3.0	3.0	2.0
89	redStreamertail	Trochilus_polytmus	Birds	NoGenome														
90	blackStreamertail	Trochilus_scitulus	Birds	NoGenome														
91	hybridStreamertail	Trochilus_hybrid	Birds	NoGenome														
92	pigeon	Columba_livia	Birds	GCF	bird	pigeon__MAF__XP_064884597.1	pigeon__LOC102094696__XP_064900299.1	pigeon__MAFA__XP_064910682.1	pigeon__MAFB__XP_005502756.1	pigeon__MAFF__XP_064903426.1	pigeon__MAFG__XP_064890380.1	pigeon__MAFK__XP_064887576.1		pigeon__OTX1__XP_064915312.1	pigeon__OTX2__XP_064919169.1	3.0	3.0	3.0
93	kite	Elanus_caeruleus	Birds	GCF Near														
94	goldenEagle	Aquila_chrysaetos	Birds	GCF	bird	goldenEagle__MAF__XP_029880100.1		goldenEagle__MAFA__XP_029868500.1	goldenEagle__MAFB__XP_029866112.1	goldenEagle__MAFF__XP_029896324.1	goldenEagle__MAFG__XP_040979213.1	goldenEagle__MAFK__XP_029857514.1		goldenEagle__OTX1__XP_029879450.1	goldenEagle__OTX2__XP_029893759.1	3.0	3.0	2.0
95	vulture	Aegypius_monachus	Birds	GCF Near														
96	harpyEagle	Harpia_harpyja	Birds	GCF	bird	harpyEagle__MAF__XP_052651390.1	harpyEagle__LOC128138109__XP_052635385.1	harpyEagle__MAFA__XP_052644556.1	harpyEagle__MAFB__XP_052645446.1	harpyEagle__MAFF__XP_052646533.1	harpyEagle__MAFG__XP_052662950.1	harpyEagle__MAFK__XP_052628487.1		harpyEagle__OTX1__XP_052641625.1	harpyEagle__OTX2__XP_052639501.1	3.0	3.0	3.0
97	harrier	Circus_melanoleucos	Birds	GCF Near														
98	greyfacedBuzzard	Butastur_indicus	Birds	GCF Near														
99	commonBuzzard	Buteo_buteo	Birds	GCF	bird	commonBuzzard__MAF__XP_074896084.1	commonBuzzard__LOC142026825__XP_074876327.1	commonBuzzard__MAFA__XP_074880177.1	commonBuzzard__MAFB__XP_074915426.1	commonBuzzard__MAFF__XP_074907107.1	commonBuzzard__MAFG__XP_074900176.1	commonBuzzard__MAFK__XP_074914901.1		commonBuzzard__OTX1__XP_074892886.1	commonBuzzard__OTX2__XP_074887128.1	3.0	3.0	3.0
100	redTailHawk	Buteo_jamaicensis	Birds	GCF Near														
101	gosHwak	Astur_gentilis	Birds	GCF	bird	gosHwak__MAF__XP_049662322.1	gosHwak__LOC126037476__XP_049653753.1	gosHwak__MAFA__XP_049682097.1	gosHwak__MAFB__XP_049672993.1	gosHwak__MAFF__XP_049677759.1	gosHwak__MAFG__XP_049668419.1	gosHwak__MAFK__XP_049647588.1		gosHwak__OTX1__XP_049655724.1	gosHwak__OTX2__XP_049684633.1	3.0	3.0	3.0
102	coopersHawk	Accipiter_cooperii	Birds	Ensembl Near														
103	besra	Accipiter_virgatus	Birds	Ensembl Near														
104	sparrowHawk	Accipiter_nisus	Birds	Ensembl	bird	sparrowHawk__gene_ENSANIG00000002392__ENSANIP00000003522	sparrowHawk__gene_ENSANIG00000015598__ENSANIP00000022914,sparrowHawk__gene_ENSANIG00000016085__ENSANIP00000023696,sparrowHawk__gene_ENSANIG00000017996__ENSANIP00000026851	sparrowHawk__gene_ENSANIG00000009040__ENSANIP00000013306	sparrowHawk__gene_ENSANIG00000007633__ENSANIP00000011272		sparrowHawk__gene_ENSANIG00000017332__ENSANIP00000025770	sparrowHawk__gene_ENSANIG00000015949__ENSANIP00000023462		sparrowHawk__gene_ENSANIG00000004090__ENSANIP00000005991		3.0	2.0	2.0
105	barnOwl	Tyto_alba	Birds	GCF	bird	barnOwl__MAF__XP_032846531.2		barnOwl__MAFA__XP_042642191.1	barnOwl__MAFB__XP_032859530.2	barnOwl__MAFF__XP_042648826.1	barnOwl__MAFG__XP_032857737.1	barnOwl__MAFK__XP_032848226.1		barnOwl__OTX1__XP_042651876.1	barnOwl__OTX2__XP_042655204.1	3.0	3.0	2.0
106	grassOwl	Tyto_longimembris	Birds	GCF Near														
107	borealOwl	Aegolius_funereus	Birds	GCF Near														
108	littleOwl	Athene_noctua	Birds	GCF	bird	littleOwl__MAF__XP_074769062.1	littleOwl__CRX__XP_074786787.1	littleOwl__MAFA__XP_074754432.1	littleOwl__MAFB__XP_074776558.1	littleOwl__MAFF__XP_074758587.1	littleOwl__MAFG__XP_074778000.1	littleOwl__MAFK__XP_074774914.1		littleOwl__OTX1__XP_074783297.1	littleOwl__OTX2__XP_074765007.1	3.0	3.0	3.0
109	eurasianScopsOwl	Otus_scops	Birds	GCA														
110	indianScopsOwl	Otus_bakkamoena	Birds	NoGenome														
111	shortearOwl	Asio_flammeus	Birds	NoGenome														
112	longearOwl	Asio_otus	Birds	NoGenome														
113	screechOwl	Megascops_asio	Birds	GCA														
114	barredOwl	Strix_varia	Birds	GCF Near														
115	uralOwl	Strix_uralensis	Birds	GCF	bird	uralOwl__MAF__XP_074738276.1	uralOwl__LOC141938950__XP_074714081.1	uralOwl__MAFA__XP_074745166.1	uralOwl__MAFB__XP_074744481.1	uralOwl__MAFF__XP_074727268.1	uralOwl__MAFG__XP_074745849.1	uralOwl__MAFK__XP_074742748.1		uralOwl__OTX1__XP_074721005.1	uralOwl__OTX2__XP_074725217.1	3.0	3.0	3.0
116	tawnyOwl	Strix_aluco	Birds	GCF	bird	tawnyOwl__MAF__XP_074695275.1		tawnyOwl__MAFA__XP_074685104.1	tawnyOwl__MAFB__XP_074699417.1	tawnyOwl__MAFF__XP_074682748.1	tawnyOwl__MAFG__XP_074703746.1	tawnyOwl__MAFK__XP_074697581.1		tawnyOwl__OTX1__XP_074676687.1	tawnyOwl__OTX2__XP_074677150.1	3.0	3.0	2.0
117	eagleOwl	Bubo_bubo	Birds	Ensembl	bird	eagleOwl__gene_ENSBOBG00000000091__ENSBOBP00000000082	eagleOwl__gene_ENSBOBG00000007943__ENSBOBP00000012515	eagleOwl__gene_ENSBOBG00000014832__ENSBOBP00000025026	eagleOwl__gene_ENSBOBG00000006688__ENSBOBP00000010424	eagleOwl__gene_ENSBOBG00000006606__ENSBOBP00000010285	eagleOwl__gene_ENSBOBG00000014112__ENSBOBP00000023575	eagleOwl__gene_ENSBOBG00000007138__ENSBOBP00000011205			eagleOwl__gene_ENSBOBG00000012921__ENSBOBP00000021265	3.0	3.0	2.0
118	hornedOwl	Bubo_virginianus	Birds	GCA														
119	mousebird	Colius_striatus	Birds	GCF	bird	mousebird__MAF__XP_061863169.1	mousebird__OTX2__XP_061854290.1	mousebird__MAFA__XP_010203193.2	mousebird__MAFB__XP_061864958.1	mousebird__MAFF__XP_061868468.1	mousebird__MAFG__XP_061867004.1	mousebird__MAFK__XP_061848223.1		mousebird__OTX1__XP_061846423.1		3.0	3.0	2.0
120	hoopoe	Upupa_epops	Birds	GCF Near														
121	honeyguide	Indicator_indicator	Birds	GCF	bird	honeyguide__MAF__XP_054245698.1		honeyguide__MAFA__XP_054241450.1	honeyguide__MAFB__XP_054247952.1	honeyguide__MAFF__XP_054242609.1	honeyguide__MAFG__XP_054249713.1	honeyguide__MAFK__XP_054247354.1		honeyguide__OTX1__XP_054239553.1	honeyguide__OTX2__XP_054256273.1	3.0	3.0	2.0
122	woodpecker	Picus_canus	Birds	GCF Near														
123	budgerigar	Melopsittacus_undulatus	Birds	GCF	bird	budgerigar__MAF__XP_033928568.1	budgerigar__OTX2__XP_033918106.1	budgerigar__MAFA__XP_033921063.1	budgerigar__MAFB__XP_030903509.1	budgerigar__MAFF__XP_033918644.1	budgerigar__MAFG__XP_033923786.1	budgerigar__MAFK__XP_030901453.1		budgerigar__OTX1__XP_033916893.1		3.0	3.0	2.0
124	commonKestrel	Falco_tinnunculus	Birds	Ensembl	bird	commonKestrel__gene_ENSFTIG00000003636__ENSFTIP00000005211		commonKestrel__gene_ENSFTIG00000002193__ENSFTIP00000003181	commonKestrel__gene_ENSFTIG00000008212__ENSFTIP00000012252	commonKestrel__gene_ENSFTIG00000014670__ENSFTIP00000022774	commonKestrel__gene_ENSFTIG00000000206__ENSFTIP00000000282	commonKestrel__gene_ENSFTIG00000004082__ENSFTIP00000005895		commonKestrel__gene_ENSFTIG00000009220__ENSFTIP00000013841		3.0	3.0	1.0
125	peregrineFalcon	Falco_peregrinus	Birds	GCF	bird	peregrineFalcon__MAF__XP_055674912.1		peregrineFalcon__MAFA__XP_005235862.2	peregrineFalcon__MAFB__XP_005235943.1	peregrineFalcon__MAFF__XP_055665148.1	peregrineFalcon__MAFG__XP_055653462.1	peregrineFalcon__MAFK__XP_055660914.1		peregrineFalcon__OTX1__XP_027635620.2	peregrineFalcon__OTX2__XP_055649825.1	3.0	3.0	2.0
126	eurasianHobby	Falco_subbuteo	Birds	GCF Near														
127	hawaiianCrow	Corvus_hawaiiensis	Birds	GCF	bird	hawaiianCrow__MAF__XP_048173038.1	hawaiianCrow__LOC125334224__XP_048176825.1	hawaiianCrow__MAFA__XP_048143014.1	hawaiianCrow__MAFB__XP_048178000.1	hawaiianCrow__MAFF__XP_048158218.1		hawaiianCrow__MAFK__XP_048176356.1		hawaiianCrow__OTX1__XP_048155630.1	hawaiianCrow__OTX2__XP_048164168.1	3.0	2.0	3.0
128	carrionCrow	Corvus_corone	Birds	GCF Near														
129	hoodedCrow	Corvus_cornix	Birds	GCF	bird	hoodedCrow__MAF__XP_039414468.1	hoodedCrow__CRX__XP_039428352.1	hoodedCrow__MAFA__XP_039406043.1	hoodedCrow__MAFB__XP_010395328.1	hoodedCrow__MAFF__XP_039427476.1	hoodedCrow__MAFG__XP_039418133.1	hoodedCrow__MAFK__XP_010390714.1		hoodedCrow__OTX1__XP_039425961.1	hoodedCrow__OTX2__XP_039408898.1	3.0	3.0	3.0
130	whiteWagtail	Motacilla_alba	Birds	GCF	bird	whiteWagtail__MAF__XP_038004334.1		whiteWagtail__MAFA__XP_037985746.1	whiteWagtail__MAFB__XP_038015228.1	whiteWagtail__MAFF__XP_038009455.1	whiteWagtail__MAFG__XP_038012979.1	whiteWagtail__MAFK__XP_038006777.1		whiteWagtail__OTX1__XP_037990010.1	whiteWagtail__OTX2__XP_037994591.1	3.0	3.0	2.0
131	canary	Serinus_canaria	Birds	GCF	bird	canary__MAF__XP_050834999.1		canary__MAFA__XP_030085722.1	canary__MAFB__XP_009091206.1	canary__MAFF__XP_009084748.1	canary__MAFG__XP_030087135.1	canary__MAFK__XP_018771431.1		canary__OTX1__XP_050828896.1	canary__OTX2__XP_009099887.1	3.0	3.0	2.0
132	zebrafinch	Taeniopygia_guttata	Birds	GCF	bird	zebrafinch__MAF__XP_030138184.2	zebrafinch__CRX__XP_072777012.1	zebrafinch__MAFA__XP_030122661.1	zebrafinch__MAFB__XP_072773087.1	zebrafinch__MAFF__XP_030118873.1	zebrafinch__MAFG__XP_030143375.1	zebrafinch__MAFK__XP_072792010.1		zebrafinch__OTX1__XP_030125146.3	zebrafinch__OTX2__XP_030131074.1	3.0	3.0	3.0
133	platypus	Ornithorhynchus_anatinus	Mammals	GCF	mammal	platypus__MAF__XP_028908667.1		platypus__MAFA__XP_007656620.2	platypus__MAFB__XP_028926613.1	platypus__MAFF__XP_028935268.1	platypus__MAFG__XP_028912595.1	platypus__MAFK__XP_001514510.2	platypus__NRL__XP_028934270.1	platypus__OTX1__XP_028927478.1	platypus__CRX__XP_028922525.1,platypus__OTX2__XP_039769946.1	3.0	3.0	2.0
134	opossum	Monodelphis_domestica	Mammals	GCF	mammal	opossum__MAF__XP_016284180.1		opossum__MAFA__XP_056678923.1	opossum__MAFB__XP_007474403.2	opossum__MAFF__XP_056654910.1	opossum__MAFG__XP_007482908.1	opossum__MAFK__XP_007498385.1	opossum__NRL__XP_056666074.1	opossum__OTX1__XP_001374919.2	opossum__OTX2__XP_056666776.1	3.0	3.0	2.0
135	europeanHedgehog	Erinaceus_europaeus	Mammals	GCF	mammal	europeanHedgehog__MAF__XP_060041113.1	europeanHedgehog__CRX__XP_007538635.1	europeanHedgehog__MAFA__XP_007516052.1	europeanHedgehog__MAFB__XP_007521706.2	europeanHedgehog__MAFF__XP_060044945.1	europeanHedgehog__MAFG__XP_060027730.1	europeanHedgehog__MAFK__XP_007525129.1	europeanHedgehog__NRL__XP_016049314.2	europeanHedgehog__OTX1__XP_060043185.1	europeanHedgehog__OTX2__XP_007535826.1	3.0	3.0	3.0
136	africanHedgehog	Atelerix_algirus	Mammals	GCF Near														
137	sacwingedBat	Saccopteryx_bilineata	Mammals	GCF	mammal	sacwingedBat__MAF__XP_066098959.1	sacwingedBat__CRX__XP_066127770.1	sacwingedBat__MAFA__XP_066121610.1	sacwingedBat__MAFB__XP_066091476.1	sacwingedBat__MAFF__XP_066114419.1	sacwingedBat__MAFG__XP_066093539.1	sacwingedBat__MAFK__XP_066129634.1	sacwingedBat__NRL__XP_066133605.1	sacwingedBat__OTX1__XP_066123323.1	sacwingedBat__OTX2__XP_066132606.1	3.0	3.0	3.0
138	tombBat	Taphozous_melanopogon	Mammals	GCF Near														
139	daubentonBat	Myotis_daubentonii	Mammals	GCF	mammal	daubentonBat__MAF__XP_059523362.1	daubentonBat__LOC132216657__XP_059521972.1	daubentonBat__MAFA__XP_059528455.1	daubentonBat__MAFB__XP_059563059.1	daubentonBat__MAFF__XP_059537548.1	daubentonBat__MAFG__XP_059527539.1	daubentonBat__MAFK__XP_059555425.1	daubentonBat__NRL__XP_059564454.1	daubentonBat__OTX1__XP_059515653.1	daubentonBat__OTX2__XP_059551101.1	3.0	3.0	3.0
140	myotisBat	Myotis_laniger	Mammals	GCF Near														
141	roundleafBat	Hipposideros_armiger	Mammals	GCF	mammal	roundleafBat__MAF__XP_019490287.1	roundleafBat__CRX__XP_019490603.1	roundleafBat__MAFA__XP_019513343.1	roundleafBat__MAFB__XP_019492655.1	roundleafBat__MAFF__XP_019520114.1	roundleafBat__MAFG__XP_019517383.1	roundleafBat__MAFK__XP_019493117.1	roundleafBat__NRL__XP_019518658.1	roundleafBat__OTX1__XP_019491596.1	roundleafBat__OTX2__XP_019500461.1	3.0	3.0	3.0
142	fruitBat	Cynopterus_sphinx	Mammals	GCF Near														
143	egyptianBat	Rousettus_aegyptiacus	Mammals	GCF	mammal	egyptianBat__MAF__XP_016007494.2	egyptianBat__CRX__XP_016010792.1	egyptianBat__MAFA__XP_015994715.2	egyptianBat__MAFB__XP_015993032.1	egyptianBat__MAFF__XP_036093375.1	egyptianBat__MAFG__XP_016019320.1	egyptianBat__MAFK__XP_015974595.1	egyptianBat__NRL__XP_015976087.1	egyptianBat__OTX1__XP_016018485.1	egyptianBat__OTX2__XP_016011594.1	3.0	3.0	3.0
144	nectarBat	Eonycteris_spelaea	Mammals	GCF Near														
145	horse	Equus_caballus	Mammals	GCF	mammal	horse__MAF__XP_014593763.2	horse__CRX__XP_023507330.1	horse__MAFA__XP_023504885.1	horse__MAFB__XP_023482332.1	horse__MAFF__XP_023487201.1	horse__MAFG__XP_005597102.2	horse__MAFK__XP_023510876.1	horse__NRL__XP_001491313.1	horse__OTX1__XP_023474792.1	horse__OTX2__XP_014591350.1	3.0	3.0	3.0
146	pig	Sus_scrofa	Mammals	GCF	mammal	pig__MAF__XP_020952724.1	pig__CRX__XP_003127313.2	pig__MAFA__XP_020946195.1	pig__MAFB__XP_013840831.2	pig__MAFF__XP_013843663.1	pig__MAFG__XP_020922083.1	pig__MAFK__XP_003124297.1	pig__NRL__XP_001925889.3	pig__OTX1__XP_003125144.1	pig__OTX2__XP_005660049.1	3.0	3.0	3.0
147	minkeWhale	Balaenoptera_acutorostrata	Mammals	GCF	mammal	minkeWhale__MAF__XP_057389759.1	minkeWhale__LOC103005484__XP_007168269.1	minkeWhale__MAFA__XP_057388115.1	minkeWhale__MAFB__XP_057386227.1	minkeWhale__MAFF__XP_057413363.1	minkeWhale__MAFG__XP_028023182.1	minkeWhale__MAFK__XP_057385102.1	minkeWhale__NRL__XP_007180659.1	minkeWhale__OTX1__XP_007189783.2	minkeWhale__LOC103019289__XP_057384495.1,minkeWhale__OTX2__XP_007192978.1	3.0	3.0	3.0
148	bowheadWhale	Balaena_mysticetus	Mammals	GCF Near														
149	cow	Bos_taurus	Mammals	GCF	mammal	cow__MAF__XP_059733001.1	cow__CRX__NP_776329.1	cow__MAFA__XP_059730327.1	cow__MAFB__XP_002692508.1	cow__MAFF__XP_024847998.1	cow__MAFG__XP_059734011.1	cow__MAFK__XP_005225295.1	cow__NRL__XP_010807337.1	cow__OTX1__XP_005212853.1	cow__OTX2__XP_059746555.1	3.0	3.0	3.0
150	sheep	Ovis_aries	Mammals	GCF	mammal	sheep__MAF__XP_027833450.2	sheep__CRX__XP_012045975.3	sheep__MAFA__XP_027829230.1	sheep__MAFB__XP_012044596.3	sheep__MAFF__XP_042103658.1	sheep__MAFG__XP_042112177.1	sheep__MAFK__XP_027817076.1	sheep__NRL__XP_042108879.1	sheep__OTX1__XP_042101940.1	sheep__LOC101106129__XP_004020461.2,sheep__LOC114118382__XP_027834964.1,sheep__OTX2__XP_042108500.1	3.0	3.0	3.0
151	cat	Felis_catus	Mammals	GCF	mammal	cat__MAF__XP_023101135.2	cat__CRX__XP_044901347.1	cat__MAFA__XP_023104341.2	cat__MAFB__XP_023107022.1	cat__MAFF__XP_023113493.1	cat__MAFG__XP_019673944.2	cat__MAFK__XP_044903301.1	cat__NRL__XP_023111367.1	cat__OTX1__XP_044910197.1	cat__OTX2__XP_003987729.1	3.0	3.0	3.0
152	dog	Canis_familiaris	Mammals	GCF	mammal	dog__MAF__XP_038394157.1	dog__CRX__NP_001003049.1	dog__MAFA__XP_038411032.1	dog__MAFB__XP_038427303.1	dog__MAFF__XP_038407500.1	dog__MAFG__XP_038402227.1	dog__MAFK__XP_038395595.1	dog__NRL__XP_038399950.1	dog__OTX1__XP_038407327.1	dog__OTX2__XP_038399965.1	3.0	3.0	3.0
153	ferret	Mustela_furo	Mammals	GCF	mammal	ferret__MAF__XP_004754127.3	ferret__CRX__XP_004767515.1	ferret__MAFA__XP_044930139.1	ferret__MAFB__XP_012908766.2	ferret__MAFF__XP_004743278.1	ferret__MAFG__XP_004748742.1	ferret__MAFK__XP_044931115.1	ferret__NRL__XP_004755334.1	ferret__OTX1__XP_004742108.1	ferret__OTX2__XP_012911979.1	3.0	3.0	3.0
154	treeShrew	Tupaia_belangeri	Mammals	Custom	mammal	treeShrew__MAF__TSDBTID.15625.1	treeShrew__CRX__TSDBTID.18795.1	treeShrew__MAFA__TSDBTID.8045.1	treeShrew__MAFB__TSDBTID.5231.1	treeShrew__MAFF__TSDBTID.24461.1		treeShrew__MAFK__TSDBTID.12800.2	treeShrew__NRL__TSDBTID.22451.1	treeShrew__OTX1__TSDBTID.7135.1	treeShrew__OTX2__TSDBTID.21986.1	3.0	2.0	3.0
155	guineapig	Cavia_porcellus	Mammals	GCF	mammal	guineapig__Maf__XP_013000126.2	guineapig__Crx__XP_063109068.1	guineapig__Mafa__XP_005008726.2	guineapig__Mafb__XP_005002829.1	guineapig__Maff__XP_063099865.1	guineapig__Mafg__XP_005001512.1	guineapig__Mafk__XP_063090094.1	guineapig__Nrl__NP_001166521.1	guineapig__Otx1__XP_003467541.3	guineapig__Otx2__XP_063097393.1	3.0	3.0	3.0
156	groundSquirrel	Ictidomys_tridecemlineatus	Mammals	GCF	mammal		groundSquirrel__LOC101960714__XP_021589808.1	groundSquirrel__Mafa__XP_005316155.1	groundSquirrel__Mafb__XP_005329891.1	groundSquirrel__Maff__XP_005322482.1	groundSquirrel__Mafg__XP_021586965.2	groundSquirrel__Mafk__XP_005339892.1	groundSquirrel__Nrl__XP_040131621.1	groundSquirrel__Otx1__XP_005322113.1	groundSquirrel__Otx2__XP_040130602.1	2.0	3.0	3.0
157	chipmunk	Tamias_sibiricus	Mammals	GCA														
158	blindMoleRat	Nannospalax_galili	Mammals	GCF	mammal	blindMoleRat__Maf__XP_008833613.2	blindMoleRat__Crx__XP_008825396.1	blindMoleRat__Mafa__XP_008832750.1	blindMoleRat__Mafb__XP_008847806.1	blindMoleRat__Maff__XP_008849486.1	blindMoleRat__Mafg__XP_029416972.1	blindMoleRat__Mafk__XP_017658288.1	blindMoleRat__Nrl__XP_008838065.1	blindMoleRat__Otx1__XP_008848847.1	blindMoleRat__Otx2__XP_029422537.1	3.0	3.0	3.0
159	zokor	Myospalax_baileyi	Mammals	GCF Near														
160	hamster	Mesocricetus_auratus	Mammals	GCF	mammal	hamster__Maf__XP_040592400.1	hamster__Crx__XP_040590377.1	hamster__Mafa__XP_005086026.1	hamster__Mafb__XP_005082705.2	hamster__Maff__XP_040610079.1	hamster__Mafg__XP_012968772.1	hamster__Mafk__XP_005080042.1	hamster__Nrl__XP_005085649.1	hamster__Otx1__XP_040589169.1	hamster__Otx2__XP_040591726.1	3.0	3.0	3.0
161	deerMouse	Peromyscus_maniculatus	Mammals	GCF	mammal	deerMouse__Maf__XP_076428302.1	deerMouse__Crx__XP_006996974.1	deerMouse__Mafa__XP_076412222.1	deerMouse__Mafb__XP_015854992.2	deerMouse__Maff__XP_006979206.1	deerMouse__Mafg__XP_042139187.1	deerMouse__Mafk__XP_015864857.1	deerMouse__Nrl__XP_006988587.1	deerMouse__Otx1__XP_076402182.1	deerMouse__Otx2__XP_042140690.1	3.0	3.0	3.0
162	gerbil	Meriones_unguiculatus	Mammals	GCF	mammal	gerbil__Maf__XP_060247904.1	gerbil__LOC110555202__XP_021503974.1	gerbil__Mafa__XP_021515761.1	gerbil__Mafb__XP_021500039.1	gerbil__Maff__XP_021517277.2	gerbil__Mafg__XP_021493069.1	gerbil__Mafk__XP_021496398.1	gerbil__Nrl__XP_060247157.1	gerbil__Otx1__XP_021515851.1	gerbil__Otx2__XP_021508022.1	3.0	3.0	3.0
163	sandRat	Psammomys_obesus	Mammals	GCF	mammal	sandRat__Maf__XP_055477398.1	sandRat__Crx__XP_055471636.1	sandRat__Mafa__XP_055482483.1	sandRat__Mafb__XP_055458414.1	sandRat__Maff__XP_055458888.1	sandRat__Mafg__XP_055448662.1	sandRat__Mafk__XP_055454539.1	sandRat__Nrl__XP_055473835.1	sandRat__Otx1__XP_055468085.1	sandRat__Otx2__XP_055462205.1	3.0	3.0	3.0
164	grassMouse	Rhabdomys_pumilio	Mammals	Custom	mammal	grassMouse__Maf__Maf-T1		grassMouse__Mafa__Mafa-T1	grassMouse__Mafb__Mafb-T1	grassMouse__Maff__Maff-T1	grassMouse__Mafg__Mafg-T1	grassMouse__Mafk__Mafk-T1	grassMouse__Nrl__Nrl-T1	grassMouse__OTX1__Otx1-T1	grassMouse__OTX2__Otx2-T1	3.0	3.0	2.0
165	brownRat	Rattus_norvegicus	Mammals	GCF	mammal	brownRat__Maf__NP_062191.2	brownRat__Crx__NP_068627.2	brownRat__Mafa__NP_001386702.1	brownRat__Mafb__NP_062189.1	brownRat__Maff__NP_001124045.1	brownRat__Mafg__NP_071781.1	brownRat__Mafk__NP_663706.2	brownRat__Nrl__NP_001099506.1	brownRat__Otx1__NP_037241.2	brownRat__Otx2__NP_001094036.1	3.0	3.0	3.0
166	labMouse	Mus_musculus	Mammals	GCF	mammal	labMouse__Maf__NP_001020748.2	labMouse__Crx__NP_031796.1	labMouse__Mafa__NP_919331.1	labMouse__Mafb__NP_034788.1	labMouse__Maff__NP_034885.1	labMouse__Mafg__NP_034886.1	labMouse__Mafk__NP_034887.1	labMouse__Nrl__NP_032762.1	labMouse__Otx1__NP_035153.1	labMouse__Otx2__NP_001273411.1	3.0	3.0	3.0
167	marmoset	Callithrix_jacchus	Mammals	GCF	mammal	marmoset__MAF__XP_002761235.1	marmoset__CRX__XP_054105526.1	marmoset__MAFA__XP_008981332.2	marmoset__MAFB__XP_002747609.1	marmoset__MAFF__XP_035128467.1	marmoset__MAFG__XP_035158027.1	marmoset__MAFK__XP_035145692.2	marmoset__NRL__XP_035116064.1	marmoset__OTX1__XP_008978870.1	marmoset__OTX2__XP_035116504.1	3.0	3.0	3.0
168	nancymaMonkey	Aotus_nancymaae	Mammals	GCF	mammal	nancymaMonkey__MAF__XP_021526730.2	nancymaMonkey__CRX__XP_012302187.2	nancymaMonkey__MAFA__XP_021527743.2	nancymaMonkey__MAFB__XP_012310439.2	nancymaMonkey__MAFF__XP_012314355.1	nancymaMonkey__MAFG__XP_012308133.2	nancymaMonkey__MAFK__XP_012326328.2	nancymaMonkey__NRL__XP_064230808.1	nancymaMonkey__OTX1__XP_012332543.1	nancymaMonkey__OTX2__XP_012306408.1	3.0	3.0	3.0
169	oliveBaboon	Papio_anubis	Mammals	GCF	mammal	oliveBaboon__MAF__XP_003917264.3	oliveBaboon__CRX__XP_017808056.1	oliveBaboon__MAFA__XP_003919735.1	oliveBaboon__MAFB__XP_003904790.1	oliveBaboon__MAFF__XP_017800799.1	oliveBaboon__MAFG__XP_021784144.1	oliveBaboon__MAFK__XP_003895698.1	oliveBaboon__NRL__XP_009209537.1	oliveBaboon__OTX1__XP_003908766.1	oliveBaboon__OTX2__XP_031523944.1	3.0	3.0	3.0
170	crabMacaque	Macaca_fascicularis	Mammals	GCF	mammal	crabMacaque__MAF__XP_005592920.2	crabMacaque__CRX__XP_065390758.1	crabMacaque__MAFA__XP_015310804.3	crabMacaque__MAFB__XP_045218909.1	crabMacaque__MAFF__XP_005567368.3	crabMacaque__MAFG__XP_065388225.1	crabMacaque__MAFK__XP_065397606.1	crabMacaque__NRL__XP_065403554.1	crabMacaque__OTX1__XP_005575818.1	crabMacaque__OTX2__XP_005561397.1	3.0	3.0	3.0
171	rhesusMacaque	Macaca_mulatta	Mammals	GCF	mammal	rhesusMacaque__MAF__XP_014982165.2	rhesusMacaque__CRX__XP_014979851.1	rhesusMacaque__MAFA__XP_015001613.2	rhesusMacaque__MAFB__XP_001101624.3	rhesusMacaque__MAFF__XP_001092994.2	rhesusMacaque__MAFG__NP_001181498.1	rhesusMacaque__MAFK__XP_028701319.1	rhesusMacaque__NRL__XP_028707272.1	rhesusMacaque__OTX1__XP_001084150.1	rhesusMacaque__OTX2__NP_001171116.1	3.0	3.0	3.0
172	human	Homo_sapiens	Mammals	GCF	mammal	human__MAF__NP_005351.2	human__CRX__NP_000545.1	human__MAFA__NP_963883.2	human__MAFB__NP_005452.2	human__MAFF__NP_036455.1	human__MAFG__NP_002350.1	human__MAFK__NP_002351.1	human__NRL__NP_001341697.1,human__NRL__XP_054188315.1	human__OTX1__NP_055377.1	human__OTX2__NP_068374.1	3.0	3.0	3.0
