ProteinID	GeneGroup	ProteinLen
boxJellyfishDenovo__Unknown__TRINITY_DN1602_c0_g1_i1.p1	MAFL	260.0
boxJellyfishDenovo__Unknown__TRINITY_DN1602_c0_g1_i1.p1	MAFS	260.0
boxJellyfishDenovo__Unknown__TRINITY_DN35139_c0_g2_i1.p1	OTX	520.0
scallopDenovo__Unknown__TRINITY_DN657_c0_g1_i1.p1	MAFL	293.0
scallopDenovo__Unknown__TRINITY_DN657_c0_g1_i1.p1	MAFS	293.0
scallopDenovo__Unknown__TRINITY_DN5433_c1_g1_i2.p1	OTX	431.0
octopusDenovo__Unknown__TRINITY_DN5979_c0_g1_i1.p1	MAFL	266.0
octopusDenovo__Unknown__TRINITY_DN5979_c0_g1_i1.p1	MAFS	266.0
octopusDenovo__Unknown__TRINITY_DN7217_c0_g2_i2.p1	OTX	372.0
hawaiianSquidDenovo__Unknown__TRINITY_DN14340_c0_g2_i1.p2	MAFL	103.0
hawaiianSquidDenovo__Unknown__TRINITY_DN14340_c0_g2_i1.p2	MAFS	103.0
hawaiianSquidDenovo__Unknown__TRINITY_DN1268_c2_g1_i1.p1	OTX	403.0
reefSquidDenovo__Unknown__TRINITY_DN31639_c0_g1_i1.p1	OTX	122.0
spiderDenovo__Unknown__TRINITY_DN44266_c0_g1_i1.p1	MAFL	346.0
spiderDenovo__Unknown__TRINITY_DN29467_c0_g1_i1.p1	MAFS	142.0
spiderDenovo__Unknown__TRINITY_DN9937_c0_g1_i1.p1	OTX	358.0
norwayLobsterDenovo__Unknown__TRINITY_DN602_c0_g1_i25.p1	MAFL	140.0
norwayLobsterDenovo__Unknown__TRINITY_DN602_c0_g1_i25.p1	MAFS	140.0
norwayLobsterDenovo__Unknown__TRINITY_DN18427_c2_g2_i5.p1	OTX	504.0
drosophilaDenovo__Unknown__TRINITY_DN25296_c0_g1_i2.p1	MAFL	512.0
drosophilaDenovo__Unknown__TRINITY_DN25296_c0_g1_i2.p1	MAFS	512.0
drosophilaDenovo__Unknown__TRINITY_DN284_c0_g1_i5.p1	OTX	588.0
amphioxusDenovo__Unknown__TRINITY_DN2837_c0_g1_i3.p1	MAFL	350.0
amphioxusDenovo__Unknown__TRINITY_DN2837_c0_g1_i3.p1	MAFS	350.0
amphioxusDenovo__Unknown__TRINITY_DN28818_c0_g1_i5.p1	OTX	499.0
vaseTunicateDenovo__Unknown__TRINITY_DN8422_c0_g1_i2.p1	MAFL	430.0
vaseTunicateDenovo__Unknown__TRINITY_DN8422_c0_g1_i2.p1	MAFS	430.0
vaseTunicateDenovo__Unknown__TRINITY_DN5152_c0_g1_i2.p1	OTX	521.0
broadgilledHagfishDenovo__Unknown__TRINITY_DN4400_c1_g1_i51.p1	CRX	447.0
broadgilledHagfishDenovo__Unknown__TRINITY_DN2165_c0_g1_i4.p1	MAFF	164.0
broadgilledHagfishDenovo__Unknown__TRINITY_DN1106_c1_g1_i2.p1	OTX1	377.0
broadgilledHagfishDenovo__Unknown__TRINITY_DN4400_c1_g1_i51.p1	OTX2	447.0
pouchedLampreyDenovo__Unknown__TRINITY_DN4424_c2_g1_i1.p2	CMAF	252.0
pouchedLampreyDenovo__Unknown__TRINITY_DN583_c1_g1_i6.p1	CRX	410.0
pouchedLampreyDenovo__Unknown__TRINITY_DN6656_c0_g2_i2.p2	NRL	178.0
pouchedLampreyDenovo__Unknown__TRINITY_DN1833_c0_g1_i24.p2	OTX1	309.0
pouchedLampreyDenovo__Unknown__TRINITY_DN583_c1_g1_i6.p1	OTX2	410.0
shortheadLampreyDenovo__Unknown__TRINITY_DN86006_c0_g1_i1.p1	MAFG	152.0
shortheadLampreyDenovo__Unknown__TRINITY_DN10608_c0_g1_i1.p2	NRL	373.0
shortheadLampreyDenovo__Unknown__TRINITY_DN216_c1_g1_i9.p1	OTX1	482.0
seaLampreyDenovo__Unknown__TRINITY_DN7178_c1_g1_i1.p1	CMAF	411.0
seaLampreyDenovo__Unknown__TRINITY_DN18384_c0_g1_i3.p1	CRX	277.0
seaLampreyDenovo__Unknown__TRINITY_DN48567_c2_g2_i1.p2	MAFG	151.0
seaLampreyDenovo__Unknown__TRINITY_DN143252_c0_g2_i1.p1	NRL	105.0
seaLampreyDenovo__Unknown__TRINITY_DN18384_c0_g1_i3.p1	OTX2	277.0
arcticLampreyDenovo__Unknown__TRINITY_DN37071_c0_g1_i2.p1	CRX	346.0
arcticLampreyDenovo__Unknown__TRINITY_DN2921_c0_g1_i6.p1	OTX1	210.0
arcticLampreyDenovo__Unknown__TRINITY_DN37071_c0_g1_i2.p1	OTX2	346.0
bluespottedStingrayDenovo__Unknown__TRINITY_DN6522_c0_g2_i2.p1	CMAF	691.0
bluespottedStingrayDenovo__Unknown__TRINITY_DN20_c12_g1_i3.p2	CRX	294.0
bluespottedStingrayDenovo__Unknown__TRINITY_DN1087_c0_g1_i1.p2	MAFB	307.0
bluespottedStingrayDenovo__Unknown__TRINITY_DN3460_c0_g2_i1.p1	MAFG	163.0
bluespottedStingrayDenovo__Unknown__TRINITY_DN6273_c7_g1_i1.p1	MAFK	142.0
bluespottedStingrayDenovo__Unknown__TRINITY_DN8755_c0_g1_i1.p1	OTX1	321.0
bluespottedStingrayDenovo__Unknown__TRINITY_DN15987_c0_g1_i1.p1	OTX2	343.0
catsharkDenovo__Unknown__TRINITY_DN68612_c0_g1_i1.p1	CMAF	107.0
catsharkDenovo__Unknown__TRINITY_DN1784_c0_g1_i1.p1	CRX	328.0
catsharkDenovo__Unknown__TRINITY_DN50368_c1_g1_i1.p1	MAFA	160.0
catsharkDenovo__Unknown__TRINITY_DN58144_c0_g1_i1.p2	MAFB	184.0
catsharkDenovo__Unknown__TRINITY_DN33891_c0_g1_i1.p1	MAFF	181.0
catsharkDenovo__Unknown__TRINITY_DN86925_c0_g1_i1.p1	MAFG	163.0
catsharkDenovo__Unknown__TRINITY_DN4533_c0_g1_i2.p3	NRL	172.0
catsharkDenovo__Unknown__TRINITY_DN1816_c0_g1_i1.p1	OTX1	317.0
catsharkDenovo__Unknown__TRINITY_DN1784_c0_g1_i1.p1	OTX2	328.0
reefSharkDenovo__Unknown__TRINITY_DN3752_c0_g1_i9.p1	CRX	291.0
reefSharkDenovo__Unknown__TRINITY_DN17848_c0_g1_i1.p2	MAFA	102.0
reefSharkDenovo__Unknown__TRINITY_DN21881_c0_g1_i5.p2	MAFB	131.0
reefSharkDenovo__Unknown__TRINITY_DN9238_c0_g2_i2.p1	MAFF	172.0
reefSharkDenovo__Unknown__TRINITY_DN7961_c0_g1_i1.p1	MAFG	217.0
reefSharkDenovo__Unknown__TRINITY_DN7936_c0_g1_i1.p1	OTX1	317.0
reefSharkDenovo__Unknown__TRINITY_DN3752_c0_g1_i9.p1	OTX2	291.0
bambooSharkDenovo__Unknown__TRINITY_DN2442_c8_g1_i1.p1	CMAF	159.0
bambooSharkDenovo__Unknown__TRINITY_DN174_c0_g2_i7.p1	CRX	311.0
bambooSharkDenovo__Unknown__TRINITY_DN49467_c0_g1_i1.p2	MAFA	224.0
bambooSharkDenovo__Unknown__TRINITY_DN510_c3_g5_i3.p1	MAFB	333.0
bambooSharkDenovo__Unknown__TRINITY_DN10530_c0_g1_i1.p1	MAFF	159.0
bambooSharkDenovo__Unknown__TRINITY_DN94201_c0_g1_i4.p1	MAFG	163.0
bambooSharkDenovo__Unknown__TRINITY_DN9476_c6_g1_i1.p1	MAFK	180.0
bambooSharkDenovo__Unknown__TRINITY_DN74477_c0_g1_i2.p1	OTX1	316.0
bambooSharkDenovo__Unknown__TRINITY_DN1700_c1_g2_i7.p1	OTX2	291.0
nurseSharkDenovo__Unknown__TRINITY_DN7377_c0_g1_i1.p1	CMAF	209.0
nurseSharkDenovo__Unknown__TRINITY_DN1882_c0_g1_i8.p1	CRX	291.0
nurseSharkDenovo__Unknown__TRINITY_DN1428_c5_g1_i3.p1	MAFB	320.0
nurseSharkDenovo__Unknown__TRINITY_DN90521_c0_g1_i2.p1	MAFG	163.0
nurseSharkDenovo__Unknown__TRINITY_DN571_c0_g2_i2.p1	MAFK	141.0
nurseSharkDenovo__Unknown__TRINITY_DN3114_c0_g1_i7.p1	OTX1	169.0
nurseSharkDenovo__Unknown__TRINITY_DN1882_c0_g1_i8.p1	OTX2	291.0
bowfinDenovo__Unknown__TRINITY_DN10945_c0_g1_i2.p1	CMAF	320.0
bowfinDenovo__Unknown__TRINITY_DN8079_c0_g1_i2.p1	CRX	366.0
bowfinDenovo__Unknown__TRINITY_DN13789_c0_g1_i1.p1	MAFB	346.0
bowfinDenovo__Unknown__TRINITY_DN3926_c0_g1_i2.p1	MAFF	168.0
bowfinDenovo__Unknown__TRINITY_DN39931_c0_g1_i1.p1	MAFG	215.0
bowfinDenovo__Unknown__TRINITY_DN815_c0_g1_i2.p1	OTX1	330.0
bowfinDenovo__Unknown__TRINITY_DN692_c4_g2_i1.p1	OTX2	297.0
spottedGarDenovo__Unknown__TRINITY_DN4874_c0_g1_i3.p2	CMAF	330.0
spottedGarDenovo__Unknown__TRINITY_DN1707_c0_g1_i5.p1	CRX	439.0
spottedGarDenovo__Unknown__TRINITY_DN10751_c0_g1_i1.p1	MAFA	300.0
spottedGarDenovo__Unknown__TRINITY_DN3773_c0_g1_i1.p1	MAFB	390.0
spottedGarDenovo__Unknown__TRINITY_DN5067_c0_g1_i2.p1	MAFF	163.0
spottedGarDenovo__Unknown__TRINITY_DN5067_c0_g2_i5.p1	MAFG	221.0
spottedGarDenovo__Unknown__TRINITY_DN29427_c0_g1_i34.p1	MAFK	176.0
spottedGarDenovo__Unknown__TRINITY_DN95_c2_g2_i2.p1	NRL	300.0
spottedGarDenovo__Unknown__TRINITY_DN110_c4_g1_i6.p1	OTX1	339.0
spottedGarDenovo__Unknown__TRINITY_DN1707_c0_g1_i5.p1	OTX2	439.0
floridaGarDenovo__Unknown__TRINITY_DN46121_c0_g1_i1.p1	CMAF	322.0
floridaGarDenovo__Unknown__TRINITY_DN3169_c0_g1_i2.p1	CRX	378.0
floridaGarDenovo__Unknown__TRINITY_DN764_c0_g1_i1.p1	MAFB	390.0
floridaGarDenovo__Unknown__TRINITY_DN10496_c0_g4_i2.p2	MAFF	163.0
floridaGarDenovo__Unknown__TRINITY_DN1_c7_g1_i1.p1	NRL	106.0
floridaGarDenovo__Unknown__TRINITY_DN7066_c0_g1_i1.p1	OTX1	200.0
floridaGarDenovo__Unknown__TRINITY_DN3169_c0_g1_i2.p1	OTX2	378.0
eelDenovo__Unknown__TRINITY_DN49631_c1_g1_i1.p1	CMAF	324.0
eelDenovo__Unknown__TRINITY_DN598_c0_g1_i10.p1	CRX	349.0
eelDenovo__Unknown__TRINITY_DN22962_c0_g1_i1.p2	MAFA	289.0
eelDenovo__Unknown__TRINITY_DN10285_c0_g1_i4.p1	MAFB	378.0
eelDenovo__Unknown__TRINITY_DN17_c1_g1_i4.p1	MAFF	160.0
eelDenovo__Unknown__TRINITY_DN16734_c0_g1_i7.p2	MAFG	234.0
eelDenovo__Unknown__TRINITY_DN24239_c0_g1_i6.p1	MAFK	162.0
eelDenovo__Unknown__TRINITY_DN33521_c0_g2_i7.p1	NRL	263.0
zebrafishDenovo__Unknown__TRINITY_DN15784_c0_g1_i1.p1	CMAF	152.0
zebrafishDenovo__Unknown__TRINITY_DN3855_c0_g1_i5.p1	CRX	290.0
zebrafishDenovo__Unknown__TRINITY_DN52277_c0_g1_i1.p1	MAFA	114.0
zebrafishDenovo__Unknown__TRINITY_DN85309_c0_g1_i1.p1	MAFB	147.0
zebrafishDenovo__Unknown__TRINITY_DN24357_c0_g1_i1.p2	MAFF	109.0
zebrafishDenovo__Unknown__TRINITY_DN71006_c0_g1_i1.p2	MAFK	103.0
zebrafishDenovo__Unknown__TRINITY_DN112_c2_g1_i21.p1	NRL	413.0
zebrafishDenovo__Unknown__TRINITY_DN25331_c0_g1_i2.p1	OTX1	339.0
zebrafishDenovo__Unknown__TRINITY_DN3855_c0_g1_i5.p1	OTX2	290.0
yangtzeCatfishDenovo__Unknown__TRINITY_DN9366_c1_g1_i1.p2	CMAF	226.0
yangtzeCatfishDenovo__Unknown__TRINITY_DN418_c0_g3_i7.p1	CRX	265.0
yangtzeCatfishDenovo__Unknown__TRINITY_DN5320_c4_g1_i1.p1	MAFB	406.0
yangtzeCatfishDenovo__Unknown__TRINITY_DN8217_c0_g3_i7.p2	MAFF	160.0
yangtzeCatfishDenovo__Unknown__TRINITY_DN6074_c0_g1_i4.p1	MAFG	237.0
yangtzeCatfishDenovo__Unknown__TRINITY_DN2946_c1_g1_i1.p1	NRL	418.0
yangtzeCatfishDenovo__Unknown__TRINITY_DN6440_c1_g1_i1.p1	OTX1	353.0
yangtzeCatfishDenovo__Unknown__TRINITY_DN418_c0_g3_i7.p1	OTX2	265.0
northernPikeDenovo__Unknown__TRINITY_DN5580_c2_g2_i1.p1	CMAF	333.0
northernPikeDenovo__Unknown__TRINITY_DN508_c0_g1_i1.p1	CRX	304.0
northernPikeDenovo__Unknown__TRINITY_DN18254_c0_g1_i1.p1	MAFA	309.0
northernPikeDenovo__Unknown__TRINITY_DN4145_c2_g1_i2.p1	MAFB	467.0
northernPikeDenovo__Unknown__TRINITY_DN2890_c0_g2_i2.p2	MAFF	159.0
northernPikeDenovo__Unknown__TRINITY_DN2890_c0_g5_i1.p1	MAFG	171.0
northernPikeDenovo__Unknown__TRINITY_DN9584_c0_g1_i5.p1	MAFK	161.0
northernPikeDenovo__Unknown__TRINITY_DN451_c0_g1_i12.p1	NRL	438.0
northernPikeDenovo__Unknown__TRINITY_DN7752_c0_g2_i2.p1	OTX1	337.0
northernPikeDenovo__Unknown__TRINITY_DN508_c2_g1_i2.p1	OTX2	296.0
lanternFishDenovo__Unknown__TRINITY_DN576_c0_g1_i3.p1	CRX	293.0
lanternFishDenovo__Unknown__TRINITY_DN43567_c0_g1_i1.p2	NRL	101.0
lanternFishDenovo__Unknown__TRINITY_DN576_c0_g1_i3.p1	OTX2	293.0
codDenovo__Unknown__TRINITY_DN528_c1_g1_i1.p1	CRX	296.0
codDenovo__Unknown__TRINITY_DN342_c1_g1_i1.p1	MAFB	395.0
codDenovo__Unknown__TRINITY_DN200_c1_g1_i3.p1	NRL	472.0
codDenovo__Unknown__TRINITY_DN7360_c0_g1_i2.p1	OTX2	452.0
tunaDenovo__Unknown__TRINITY_DN177_c1_g1_i16.p1	CRX	450.0
tunaDenovo__Unknown__TRINITY_DN4544_c0_g1_i1.p1	MAFB	409.0
tunaDenovo__Unknown__TRINITY_DN2230_c0_g3_i1.p1	MAFF	207.0
tunaDenovo__Unknown__TRINITY_DN45236_c0_g1_i1.p1	MAFG	128.0
tunaDenovo__Unknown__TRINITY_DN33611_c0_g1_i1.p1	MAFK	128.0
tunaDenovo__Unknown__TRINITY_DN3893_c0_g1_i1.p1	NRL	253.0
tunaDenovo__Unknown__TRINITY_DN177_c1_g1_i16.p1	OTX2	450.0
cichlidDenovo__Unknown__TRINITY_DN43933_c0_g1_i1.p1	CMAF	141.0
cichlidDenovo__Unknown__TRINITY_DN7215_c0_g1_i1.p1	CRX	297.0
cichlidDenovo__Unknown__TRINITY_DN51_c1_g1_i1.p1	MAFB	424.0
cichlidDenovo__Unknown__TRINITY_DN48907_c0_g1_i1.p1	MAFF	159.0
cichlidDenovo__Unknown__TRINITY_DN244_c0_g1_i1.p1	NRL	428.0
cichlidDenovo__Unknown__TRINITY_DN5108_c0_g1_i1.p1	OTX1	108.0
cichlidDenovo__Unknown__TRINITY_DN7215_c0_g1_i1.p1	OTX2	297.0
yellowPeacockFishDenovo__Unknown__TRINITY_DN17161_c0_g1_i1.p1	CMAF	245.0
yellowPeacockFishDenovo__Unknown__TRINITY_DN4424_c0_g2_i1.p1	CRX	296.0
yellowPeacockFishDenovo__Unknown__TRINITY_DN83637_c0_g1_i1.p1	MAFA	145.0
yellowPeacockFishDenovo__Unknown__TRINITY_DN6718_c0_g1_i1.p1	MAFB	409.0
yellowPeacockFishDenovo__Unknown__TRINITY_DN4395_c0_g1_i2.p2	MAFF	159.0
yellowPeacockFishDenovo__Unknown__TRINITY_DN10960_c0_g1_i5.p1	MAFG	228.0
yellowPeacockFishDenovo__Unknown__TRINITY_DN97312_c0_g1_i1.p1	MAFK	156.0
yellowPeacockFishDenovo__Unknown__TRINITY_DN1945_c0_g1_i2.p1	NRL	431.0
yellowPeacockFishDenovo__Unknown__TRINITY_DN12787_c0_g1_i2.p1	OTX1	294.0
yellowPeacockFishDenovo__Unknown__TRINITY_DN4424_c0_g2_i1.p1	OTX2	296.0
triggerfishDenovo__Unknown__TRINITY_DN301_c0_g1_i2.p1	CRX	297.0
triggerfishDenovo__Unknown__TRINITY_DN8554_c0_g1_i2.p1	MAFF	158.0
triggerfishDenovo__Unknown__TRINITY_DN301_c0_g1_i2.p1	OTX2	297.0
giltheadBreamDenovo__Unknown__TRINITY_DN4044_c0_g1_i2.p1	CRX	356.0
giltheadBreamDenovo__Unknown__TRINITY_DN9304_c2_g2_i1.p1	MAFB	228.0
giltheadBreamDenovo__Unknown__TRINITY_DN3014_c0_g2_i1.p1	NRL	448.0
giltheadBreamDenovo__Unknown__TRINITY_DN4044_c0_g1_i2.p1	OTX2	356.0
bluegillDenovo__Unknown__TRINITY_DN9939_c0_g1_i1.p2	CMAF	388.0
bluegillDenovo__Unknown__TRINITY_DN2316_c1_g2_i1.p1	CRX	296.0
bluegillDenovo__Unknown__TRINITY_DN10979_c0_g1_i6.p1	MAFA	312.0
bluegillDenovo__Unknown__TRINITY_DN1031_c1_g1_i8.p1	MAFB	409.0
bluegillDenovo__Unknown__TRINITY_DN271_c0_g1_i4.p1	MAFF	208.0
bluegillDenovo__Unknown__TRINITY_DN3176_c1_g1_i2.p1	MAFG	183.0
bluegillDenovo__Unknown__TRINITY_DN16904_c1_g1_i2.p1	MAFK	161.0
bluegillDenovo__Unknown__TRINITY_DN114_c13_g1_i13.p1	NRL	429.0
bluegillDenovo__Unknown__TRINITY_DN2873_c0_g3_i1.p1	OTX1	289.0
bluegillDenovo__Unknown__TRINITY_DN2248_c1_g1_i4.p1	OTX2	357.0
chineseSalamanderDenovo__Unknown__TRINITY_DN7869_c2_g1_i1.p1	CMAF	197.0
chineseSalamanderDenovo__Unknown__TRINITY_DN1080_c0_g1_i1.p1	CRX	296.0
chineseSalamanderDenovo__Unknown__TRINITY_DN45281_c0_g1_i1.p1	MAFA	166.0
chineseSalamanderDenovo__Unknown__TRINITY_DN30536_c0_g1_i2.p1	MAFB	321.0
chineseSalamanderDenovo__Unknown__TRINITY_DN98594_c0_g1_i1.p2	MAFF	104.0
chineseSalamanderDenovo__Unknown__TRINITY_DN13272_c0_g1_i1.p1	MAFG	127.0
chineseSalamanderDenovo__Unknown__TRINITY_DN56040_c0_g1_i2.p1	MAFK	176.0
chineseSalamanderDenovo__Unknown__TRINITY_DN15256_c0_g3_i1.p1	NRL	273.0
chineseSalamanderDenovo__Unknown__TRINITY_DN10725_c1_g1_i4.p1	OTX1	279.0
chineseSalamanderDenovo__Unknown__TRINITY_DN94097_c0_g1_i1.p2	OTX2	106.0
redSalamanderDenovo__Unknown__TRINITY_DN19329_c0_g1_i1.p1	CMAF	332.0
redSalamanderDenovo__Unknown__TRINITY_DN1457_c1_g1_i8.p1	CRX	296.0
redSalamanderDenovo__Unknown__TRINITY_DN3785_c6_g1_i3.p1	MAFA	319.0
redSalamanderDenovo__Unknown__TRINITY_DN22393_c0_g1_i1.p1	MAFB	322.0
redSalamanderDenovo__Unknown__TRINITY_DN12403_c0_g1_i2.p2	MAFF	156.0
redSalamanderDenovo__Unknown__TRINITY_DN278064_c0_g1_i1.p1	MAFG	194.0
redSalamanderDenovo__Unknown__TRINITY_DN26937_c0_g1_i1.p1	MAFK	220.0
redSalamanderDenovo__Unknown__TRINITY_DN3202_c1_g1_i9.p1	NRL	285.0
redSalamanderDenovo__Unknown__TRINITY_DN2759_c0_g2_i1.p1	OTX1	331.0
redSalamanderDenovo__Unknown__TRINITY_DN271388_c0_g1_i1.p1	OTX2	117.0
westernFrogDenovo__Unknown__TRINITY_DN48255_c1_g1_i2.p1	CMAF	362.0
westernFrogDenovo__Unknown__TRINITY_DN4469_c1_g2_i2.p1	CRX	300.0
westernFrogDenovo__Unknown__TRINITY_DN144466_c0_g1_i1.p2	MAFA	290.0
westernFrogDenovo__Unknown__TRINITY_DN5068_c0_g1_i1.p1	MAFB	317.0
westernFrogDenovo__Unknown__TRINITY_DN3796_c0_g1_i25.p1	MAFF	149.0
westernFrogDenovo__Unknown__TRINITY_DN25049_c0_g1_i1.p1	MAFG	221.0
westernFrogDenovo__Unknown__TRINITY_DN5471_c0_g1_i11.p1	MAFK	201.0
westernFrogDenovo__Unknown__TRINITY_DN48255_c0_g1_i1.p1	NRL	263.0
westernFrogDenovo__Unknown__TRINITY_DN10263_c0_g1_i2.p1	OTX1	407.0
westernFrogDenovo__Unknown__TRINITY_DN500_c0_g1_i16.p1	OTX2	307.0
africanFrogDenovo__Unknown__TRINITY_DN1995_c0_g1_i8.p1	CMAF	397.0
africanFrogDenovo__Unknown__TRINITY_DN1648_c0_g1_i9.p1	CRX	368.0
africanFrogDenovo__Unknown__TRINITY_DN4799_c0_g1_i4.p1	MAFA	189.0
africanFrogDenovo__Unknown__TRINITY_DN4055_c0_g1_i9.p1	MAFB	314.0
africanFrogDenovo__Unknown__TRINITY_DN34057_c0_g1_i12.p1	MAFF	133.0
africanFrogDenovo__Unknown__TRINITY_DN37798_c0_g1_i1.p1	MAFG	164.0
africanFrogDenovo__Unknown__TRINITY_DN74455_c0_g1_i1.p1	MAFK	125.0
africanFrogDenovo__Unknown__TRINITY_DN6850_c0_g1_i4.p1	NRL	268.0
africanFrogDenovo__Unknown__TRINITY_DN35711_c0_g1_i11.p1	OTX2	309.0
tokayGeckoDenovo__Unknown__TRINITY_DN1916_c0_g1_i7.p1	CMAF	1171.0
tokayGeckoDenovo__Unknown__TRINITY_DN4063_c0_g1_i8.p1	CRX	291.0
tokayGeckoDenovo__Unknown__TRINITY_DN2203_c0_g1_i2.p5	MAFA	170.0
tokayGeckoDenovo__Unknown__TRINITY_DN307_c4_g1_i1.p2	MAFB	322.0
tokayGeckoDenovo__Unknown__TRINITY_DN2687_c0_g1_i2.p1	MAFF	181.0
tokayGeckoDenovo__Unknown__TRINITY_DN4607_c0_g1_i9.p1	MAFG	163.0
tokayGeckoDenovo__Unknown__TRINITY_DN6989_c0_g1_i1.p1	MAFK	194.0
tokayGeckoDenovo__Unknown__TRINITY_DN1067_c0_g1_i2.p1	NRL	266.0
tokayGeckoDenovo__Unknown__TRINITY_DN957_c7_g1_i1.p3	OTX1	122.0
tokayGeckoDenovo__Unknown__TRINITY_DN4063_c0_g1_i8.p1	OTX2	291.0
tawnyDragonDenovo__Unknown__TRINITY_DN1040_c26_g1_i1.p2	CMAF	165.0
tawnyDragonDenovo__Unknown__TRINITY_DN2840_c0_g1_i9.p2	CRX	293.0
tawnyDragonDenovo__Unknown__TRINITY_DN7913_c3_g1_i1.p3	MAFA	145.0
tawnyDragonDenovo__Unknown__TRINITY_DN1840_c1_g1_i1.p1	MAFB	325.0
tawnyDragonDenovo__Unknown__TRINITY_DN9032_c0_g1_i1.p1	MAFF	165.0
tawnyDragonDenovo__Unknown__TRINITY_DN5115_c0_g1_i4.p1	MAFG	207.0
tawnyDragonDenovo__Unknown__TRINITY_DN8715_c0_g1_i33.p1	MAFK	196.0
tawnyDragonDenovo__Unknown__TRINITY_DN174348_c0_g1_i1.p1	NRL	176.0
tawnyDragonDenovo__Unknown__TRINITY_DN29177_c0_g1_i6.p1	OTX1	172.0
tawnyDragonDenovo__Unknown__TRINITY_DN2840_c0_g1_i9.p2	OTX2	293.0
greenAnoleDenovo__Unknown__TRINITY_DN17345_c0_g1_i1.p2	CMAF	271.0
greenAnoleDenovo__Unknown__TRINITY_DN615_c1_g1_i2.p1	CRX	346.0
greenAnoleDenovo__Unknown__TRINITY_DN3642_c0_g1_i1.p2	MAFA	232.0
greenAnoleDenovo__Unknown__TRINITY_DN5789_c0_g1_i1.p2	MAFB	177.0
greenAnoleDenovo__Unknown__TRINITY_DN5970_c0_g1_i2.p1	MAFF	150.0
greenAnoleDenovo__Unknown__TRINITY_DN3426_c0_g4_i2.p1	MAFG	163.0
greenAnoleDenovo__Unknown__TRINITY_DN6663_c0_g1_i1.p1	MAFK	127.0
greenAnoleDenovo__Unknown__TRINITY_DN6610_c2_g1_i3.p1	NRL	268.0
greenAnoleDenovo__Unknown__TRINITY_DN615_c1_g1_i2.p1	OTX2	346.0
cobraDenovo__Unknown__TRINITY_DN21661_c0_g1_i1.p2	CMAF	131.0
cobraDenovo__Unknown__TRINITY_DN34587_c0_g1_i1.p1	CRX	329.0
cobraDenovo__Unknown__TRINITY_DN55440_c0_g1_i1.p1	MAFB	192.0
cobraDenovo__Unknown__TRINITY_DN26967_c0_g1_i1.p1	MAFF	284.0
cobraDenovo__Unknown__TRINITY_DN10102_c0_g1_i1.p1	OTX1	692.0
cobraDenovo__Unknown__TRINITY_DN34587_c0_g1_i1.p1	OTX2	329.0
garterSnakeDenovo__Unknown__TRINITY_DN14451_c0_g1_i1.p1	CMAF	225.0
garterSnakeDenovo__Unknown__TRINITY_DN588_c0_g1_i15.p1	CRX	448.0
garterSnakeDenovo__Unknown__TRINITY_DN1809_c0_g4_i1.p2	MAFA	315.0
garterSnakeDenovo__Unknown__TRINITY_DN2443_c0_g1_i1.p2	MAFB	343.0
garterSnakeDenovo__Unknown__TRINITY_DN1632_c0_g1_i2.p1	MAFF	150.0
garterSnakeDenovo__Unknown__TRINITY_DN40720_c0_g1_i1.p1	MAFG	189.0
garterSnakeDenovo__Unknown__TRINITY_DN63139_c0_g1_i1.p1	MAFK	200.0
garterSnakeDenovo__Unknown__TRINITY_DN7014_c0_g1_i5.p2	NRL	270.0
garterSnakeDenovo__Unknown__TRINITY_DN5126_c0_g1_i9.p1	OTX1	355.0
garterSnakeDenovo__Unknown__TRINITY_DN588_c0_g1_i15.p1	OTX2	448.0
americanAlligatorDenovo__Unknown__TRINITY_DN2819_c2_g1_i1.p1	CMAF	216.0
americanAlligatorDenovo__Unknown__TRINITY_DN223_c0_g1_i30.p1	CRX	291.0
americanAlligatorDenovo__Unknown__TRINITY_DN17678_c2_g1_i1.p1	MAFA	291.0
americanAlligatorDenovo__Unknown__TRINITY_DN6785_c1_g2_i1.p1	MAFB	181.0
americanAlligatorDenovo__Unknown__TRINITY_DN25409_c0_g1_i2.p2	MAFF	150.0
americanAlligatorDenovo__Unknown__TRINITY_DN16465_c2_g2_i1.p2	MAFG	163.0
americanAlligatorDenovo__Unknown__TRINITY_DN16465_c2_g1_i4.p1	MAFK	195.0
americanAlligatorDenovo__Unknown__TRINITY_DN39821_c0_g1_i1.p1	NRL	263.0
americanAlligatorDenovo__Unknown__TRINITY_DN3711_c0_g2_i2.p2	OTX1	143.0
americanAlligatorDenovo__Unknown__TRINITY_DN223_c0_g1_i30.p1	OTX2	291.0
emuDenovo__Unknown__TRINITY_DN6699_c1_g1_i1.p1	CMAF	196.0
emuDenovo__Unknown__TRINITY_DN526_c0_g2_i10.p1	CRX	405.0
emuDenovo__Unknown__TRINITY_DN535_c2_g3_i1.p1	MAFB	314.0
emuDenovo__Unknown__TRINITY_DN8089_c0_g1_i1.p1	MAFF	234.0
emuDenovo__Unknown__TRINITY_DN401_c0_g1_i1.p1	MAFK	194.0
emuDenovo__Unknown__TRINITY_DN535_c1_g3_i1.p1	OTX1	147.0
emuDenovo__Unknown__TRINITY_DN526_c0_g2_i10.p1	OTX2	405.0
ostrichDenovo__Unknown__TRINITY_DN9016_c0_g2_i1.p1	CMAF	199.0
ostrichDenovo__Unknown__TRINITY_DN1258_c0_g3_i1.p1	CRX	290.0
ostrichDenovo__Unknown__TRINITY_DN3741_c1_g2_i4.p2	MAFA	249.0
ostrichDenovo__Unknown__TRINITY_DN3741_c1_g3_i2.p1	MAFB	312.0
ostrichDenovo__Unknown__TRINITY_DN3272_c0_g1_i1.p2	MAFF	202.0
ostrichDenovo__Unknown__TRINITY_DN4561_c0_g1_i3.p2	MAFG	163.0
ostrichDenovo__Unknown__TRINITY_DN2430_c0_g1_i9.p2	MAFK	189.0
ostrichDenovo__Unknown__TRINITY_DN1258_c0_g2_i14.p1	OTX1	343.0
ostrichDenovo__Unknown__TRINITY_DN1258_c0_g3_i1.p1	OTX2	290.0
muscovyDuckDenovo__Unknown__TRINITY_DN2103_c0_g1_i8.p1	CMAF	328.0
muscovyDuckDenovo__Unknown__TRINITY_DN317_c0_g1_i6.p3	CRX	291.0
muscovyDuckDenovo__Unknown__TRINITY_DN5357_c1_g2_i1.p2	MAFA	338.0
muscovyDuckDenovo__Unknown__TRINITY_DN5357_c1_g1_i3.p2	MAFB	312.0
muscovyDuckDenovo__Unknown__TRINITY_DN1182_c4_g1_i1.p2	MAFF	150.0
muscovyDuckDenovo__Unknown__TRINITY_DN902_c1_g2_i2.p1	MAFG	163.0
muscovyDuckDenovo__Unknown__TRINITY_DN4141_c0_g1_i3.p1	MAFK	186.0
muscovyDuckDenovo__Unknown__TRINITY_DN317_c0_g3_i1.p1	OTX1	334.0
muscovyDuckDenovo__Unknown__TRINITY_DN317_c0_g1_i6.p3	OTX2	291.0
quailDenovo__Unknown__TRINITY_DN43442_c0_g2_i1.p1	CMAF	294.0
quailDenovo__Unknown__TRINITY_DN877_c1_g1_i9.p1	CRX	328.0
quailDenovo__Unknown__TRINITY_DN823_c1_g1_i1.p1	MAFA	287.0
quailDenovo__Unknown__TRINITY_DN823_c1_g3_i1.p2	MAFB	153.0
quailDenovo__Unknown__TRINITY_DN6091_c0_g1_i2.p2	MAFF	220.0
quailDenovo__Unknown__TRINITY_DN9611_c0_g1_i3.p1	MAFG	163.0
quailDenovo__Unknown__TRINITY_DN27831_c0_g1_i3.p1	MAFK	194.0
quailDenovo__Unknown__TRINITY_DN741_c1_g1_i5.p1	OTX1	316.0
quailDenovo__Unknown__TRINITY_DN4560_c1_g2_i1.p1	OTX2	214.0
chickenDenovo__Unknown__TRINITY_DN54315_c0_g1_i1.p1	CMAF	125.0
chickenDenovo__Unknown__TRINITY_DN21257_c0_g1_i1.p3	CRX	151.0
chickenDenovo__Unknown__TRINITY_DN12272_c1_g1_i1.p1	MAFA	183.0
chickenDenovo__Unknown__TRINITY_DN183466_c0_g1_i1.p2	MAFB	119.0
chickenDenovo__Unknown__TRINITY_DN18633_c0_g1_i1.p1	MAFF	285.0
chickenDenovo__Unknown__TRINITY_DN82238_c0_g1_i1.p1	MAFG	163.0
chickenDenovo__Unknown__TRINITY_DN55578_c0_g1_i1.p1	MAFK	182.0
chickenDenovo__Unknown__TRINITY_DN5230_c0_g1_i1.p1	OTX2	290.0
redStreamertailDenovo__Unknown__TRINITY_DN4914_c0_g1_i1.p1	CMAF	195.0
redStreamertailDenovo__Unknown__TRINITY_DN2868_c0_g1_i5.p1	CRX	290.0
redStreamertailDenovo__Unknown__TRINITY_DN13301_c0_g3_i2.p1	MAFA	290.0
redStreamertailDenovo__Unknown__TRINITY_DN13301_c0_g2_i1.p2	MAFB	311.0
redStreamertailDenovo__Unknown__TRINITY_DN9147_c0_g1_i1.p1	MAFF	269.0
redStreamertailDenovo__Unknown__TRINITY_DN12454_c0_g1_i1.p1	MAFG	224.0
redStreamertailDenovo__Unknown__TRINITY_DN48415_c0_g1_i2.p1	MAFK	184.0
redStreamertailDenovo__Unknown__TRINITY_DN68747_c0_g2_i5.p1	OTX1	334.0
redStreamertailDenovo__Unknown__TRINITY_DN2868_c0_g1_i5.p1	OTX2	290.0
blackStreamertailDenovo__Unknown__TRINITY_DN35522_c0_g1_i1.p1	CMAF	171.0
blackStreamertailDenovo__Unknown__TRINITY_DN2782_c0_g3_i1.p1	MAFA	290.0
blackStreamertailDenovo__Unknown__TRINITY_DN2782_c0_g2_i4.p2	MAFB	311.0
blackStreamertailDenovo__Unknown__TRINITY_DN4329_c0_g2_i2.p2	MAFF	150.0
blackStreamertailDenovo__Unknown__TRINITY_DN9692_c0_g1_i1.p1	MAFG	224.0
blackStreamertailDenovo__Unknown__TRINITY_DN7611_c0_g1_i2.p1	MAFK	191.0
blackStreamertailDenovo__Unknown__TRINITY_DN5602_c1_g1_i2.p1	OTX1	334.0
blackStreamertailDenovo__Unknown__TRINITY_DN11178_c0_g1_i5.p1	OTX2	257.0
hybridStreamertailDenovo__Unknown__TRINITY_DN25847_c0_g2_i1.p1	CMAF	180.0
hybridStreamertailDenovo__Unknown__TRINITY_DN2856_c0_g1_i6.p1	MAFA	290.0
hybridStreamertailDenovo__Unknown__TRINITY_DN2856_c0_g3_i1.p2	MAFB	281.0
hybridStreamertailDenovo__Unknown__TRINITY_DN4972_c0_g1_i4.p3	MAFF	150.0
hybridStreamertailDenovo__Unknown__TRINITY_DN160031_c0_g1_i1.p1	MAFG	163.0
hybridStreamertailDenovo__Unknown__TRINITY_DN6429_c0_g1_i2.p1	MAFK	189.0
hybridStreamertailDenovo__Unknown__TRINITY_DN9632_c2_g1_i2.p1	OTX1	334.0
hybridStreamertailDenovo__Unknown__TRINITY_DN2897_c0_g1_i6.p1	OTX2	290.0
pigeonDenovo__Unknown__TRINITY_DN2568_c2_g1_i1.p1	CMAF	190.0
pigeonDenovo__Unknown__TRINITY_DN1663_c0_g1_i35.p2	CRX	566.0
pigeonDenovo__Unknown__TRINITY_DN3003_c0_g1_i5.p1	MAFA	349.0
pigeonDenovo__Unknown__TRINITY_DN4010_c2_g1_i1.p2	MAFB	312.0
pigeonDenovo__Unknown__TRINITY_DN4784_c0_g1_i2.p2	MAFF	192.0
pigeonDenovo__Unknown__TRINITY_DN17169_c0_g1_i35.p6	MAFG	163.0
pigeonDenovo__Unknown__TRINITY_DN6590_c0_g1_i2.p1	OTX1	334.0
pigeonDenovo__Unknown__TRINITY_DN1663_c0_g1_i35.p2	OTX2	566.0
kiteDenovo__Unknown__TRINITY_DN7220_c0_g5_i1.p1	CMAF	247.0
kiteDenovo__Unknown__TRINITY_DN9052_c0_g2_i6.p2	CRX	536.0
kiteDenovo__Unknown__TRINITY_DN104870_c0_g1_i1.p1	MAFA	289.0
kiteDenovo__Unknown__TRINITY_DN5243_c1_g1_i2.p2	MAFB	312.0
kiteDenovo__Unknown__TRINITY_DN227_c1_g1_i1.p4	MAFF	150.0
kiteDenovo__Unknown__TRINITY_DN2790_c1_g1_i2.p2	MAFG	163.0
kiteDenovo__Unknown__TRINITY_DN2790_c1_g2_i7.p2	MAFK	193.0
kiteDenovo__Unknown__TRINITY_DN5577_c0_g2_i1.p1	OTX1	267.0
kiteDenovo__Unknown__TRINITY_DN9052_c0_g2_i6.p2	OTX2	536.0
vultureDenovo__Unknown__TRINITY_DN1591_c9_g1_i1.p1	CMAF	167.0
vultureDenovo__Unknown__TRINITY_DN675_c2_g1_i6.p1	MAFA	289.0
vultureDenovo__Unknown__TRINITY_DN675_c2_g2_i1.p2	MAFB	312.0
vultureDenovo__Unknown__TRINITY_DN3575_c0_g1_i1.p2	MAFF	173.0
vultureDenovo__Unknown__TRINITY_DN2269_c1_g3_i1.p2	MAFG	163.0
vultureDenovo__Unknown__TRINITY_DN4416_c1_g1_i4.p1	MAFK	190.0
vultureDenovo__Unknown__TRINITY_DN840_c0_g3_i1.p1	OTX1	258.0
vultureDenovo__Unknown__TRINITY_DN840_c0_g2_i1.p2	OTX2	271.0
harrierDenovo__Unknown__TRINITY_DN2231_c2_g2_i1.p2	CMAF	305.0
harrierDenovo__Unknown__TRINITY_DN11420_c0_g2_i6.p1	CRX	320.0
harrierDenovo__Unknown__TRINITY_DN835_c0_g2_i3.p2	MAFB	312.0
harrierDenovo__Unknown__TRINITY_DN3748_c0_g1_i5.p3	MAFF	151.0
harrierDenovo__Unknown__TRINITY_DN1038_c0_g1_i2.p2	MAFG	163.0
harrierDenovo__Unknown__TRINITY_DN1038_c0_g3_i1.p1	MAFK	196.0
harrierDenovo__Unknown__TRINITY_DN152_c0_g2_i1.p1	OTX1	296.0
harrierDenovo__Unknown__TRINITY_DN11420_c0_g2_i6.p1	OTX2	320.0
greyfacedBuzzardDenovo__Unknown__TRINITY_DN1263_c0_g2_i1.p2	CMAF	199.0
greyfacedBuzzardDenovo__Unknown__TRINITY_DN968_c0_g1_i6.p1	MAFA	289.0
greyfacedBuzzardDenovo__Unknown__TRINITY_DN968_c0_g2_i1.p2	MAFB	312.0
greyfacedBuzzardDenovo__Unknown__TRINITY_DN397_c0_g1_i3.p3	MAFF	151.0
greyfacedBuzzardDenovo__Unknown__TRINITY_DN10809_c0_g2_i7.p1	MAFG	178.0
greyfacedBuzzardDenovo__Unknown__TRINITY_DN10809_c0_g1_i1.p1	MAFK	110.0
greyfacedBuzzardDenovo__Unknown__TRINITY_DN1117_c2_g1_i1.p1	OTX1	144.0
greyfacedBuzzardDenovo__Unknown__TRINITY_DN2471_c0_g2_i1.p1	OTX2	290.0
redTailHawkDenovo__Unknown__TRINITY_DN88199_c0_g1_i1.p2	CMAF	161.0
redTailHawkDenovo__Unknown__TRINITY_DN3447_c1_g1_i1.p1	CRX	290.0
redTailHawkDenovo__Unknown__TRINITY_DN11161_c1_g1_i4.p2	MAFA	289.0
redTailHawkDenovo__Unknown__TRINITY_DN11161_c1_g3_i1.p2	MAFB	209.0
redTailHawkDenovo__Unknown__TRINITY_DN12211_c0_g1_i1.p2	MAFF	150.0
redTailHawkDenovo__Unknown__TRINITY_DN5369_c2_g1_i2.p2	MAFG	179.0
redTailHawkDenovo__Unknown__TRINITY_DN958_c1_g1_i1.p1	MAFK	114.0
redTailHawkDenovo__Unknown__TRINITY_DN80566_c0_g1_i1.p1	OTX1	176.0
redTailHawkDenovo__Unknown__TRINITY_DN3447_c1_g1_i1.p1	OTX2	290.0
coopersHawkDenovo__Unknown__TRINITY_DN941_c0_g1_i1.p4	CRX	367.0
coopersHawkDenovo__Unknown__TRINITY_DN4098_c0_g1_i3.p2	MAFA	289.0
coopersHawkDenovo__Unknown__TRINITY_DN4098_c0_g2_i1.p2	MAFB	295.0
coopersHawkDenovo__Unknown__TRINITY_DN96406_c0_g1_i1.p2	MAFF	151.0
coopersHawkDenovo__Unknown__TRINITY_DN5736_c0_g2_i1.p1	MAFG	163.0
coopersHawkDenovo__Unknown__TRINITY_DN5736_c0_g1_i2.p1	MAFK	193.0
coopersHawkDenovo__Unknown__TRINITY_DN941_c0_g1_i1.p4	OTX2	367.0
besraDenovo__Unknown__TRINITY_DN4430_c1_g2_i1.p2	CMAF	197.0
besraDenovo__Unknown__TRINITY_DN1166_c0_g1_i1.p4	CRX	350.0
besraDenovo__Unknown__TRINITY_DN150_c0_g1_i9.p1	MAFA	289.0
besraDenovo__Unknown__TRINITY_DN8404_c0_g1_i1.p2	MAFB	320.0
besraDenovo__Unknown__TRINITY_DN2833_c0_g1_i1.p2	MAFF	151.0
besraDenovo__Unknown__TRINITY_DN1175_c1_g1_i7.p1	MAFK	200.0
besraDenovo__Unknown__TRINITY_DN131_c4_g1_i1.p1	OTX1	212.0
besraDenovo__Unknown__TRINITY_DN257_c3_g1_i1.p1	OTX2	197.0
barnOwlDenovo__Unknown__TRINITY_DN12357_c0_g1_i1.p1	CMAF	154.0
barnOwlDenovo__Unknown__TRINITY_DN1489_c3_g2_i1.p1	CRX	341.0
barnOwlDenovo__Unknown__TRINITY_DN5433_c0_g4_i4.p1	MAFA	318.0
barnOwlDenovo__Unknown__TRINITY_DN5433_c0_g5_i1.p2	MAFB	187.0
barnOwlDenovo__Unknown__TRINITY_DN97191_c0_g1_i2.p3	MAFF	150.0
barnOwlDenovo__Unknown__TRINITY_DN85_c1_g1_i2.p1	MAFK	191.0
barnOwlDenovo__Unknown__TRINITY_DN600_c3_g1_i1.p3	OTX1	135.0
barnOwlDenovo__Unknown__TRINITY_DN1489_c3_g2_i1.p1	OTX2	341.0
grassOwlDenovo__Unknown__TRINITY_DN3346_c1_g5_i1.p1	CMAF	192.0
grassOwlDenovo__Unknown__TRINITY_DN2597_c0_g2_i3.p1	CRX	348.0
grassOwlDenovo__Unknown__TRINITY_DN1060_c0_g2_i4.p1	MAFA	369.0
grassOwlDenovo__Unknown__TRINITY_DN13745_c0_g1_i1.p2	MAFB	312.0
grassOwlDenovo__Unknown__TRINITY_DN6135_c1_g2_i2.p5	MAFF	150.0
grassOwlDenovo__Unknown__TRINITY_DN3390_c0_g1_i4.p2	MAFG	163.0
grassOwlDenovo__Unknown__TRINITY_DN7552_c1_g1_i3.p1	MAFK	210.0
grassOwlDenovo__Unknown__TRINITY_DN1634_c10_g1_i1.p3	OTX1	106.0
grassOwlDenovo__Unknown__TRINITY_DN2597_c0_g2_i3.p1	OTX2	348.0
borealOwlDenovo__Unknown__TRINITY_DN196784_c0_g1_i1.p1	CMAF	184.0
borealOwlDenovo__Unknown__TRINITY_DN2434_c0_g2_i1.p1	CRX	3598.0
borealOwlDenovo__Unknown__TRINITY_DN5782_c0_g1_i3.p1	MAFA	289.0
borealOwlDenovo__Unknown__TRINITY_DN15094_c0_g1_i1.p2	MAFB	287.0
borealOwlDenovo__Unknown__TRINITY_DN37190_c0_g1_i1.p1	MAFF	177.0
borealOwlDenovo__Unknown__TRINITY_DN53056_c0_g1_i1.p1	MAFG	163.0
borealOwlDenovo__Unknown__TRINITY_DN337_c1_g1_i1.p1	MAFK	191.0
borealOwlDenovo__Unknown__TRINITY_DN13169_c0_g1_i4.p1	OTX1	207.0
borealOwlDenovo__Unknown__TRINITY_DN2434_c0_g2_i1.p1	OTX2	3598.0
littleOwlDenovo__Unknown__TRINITY_DN7852_c6_g1_i1.p1	CMAF	255.0
littleOwlDenovo__Unknown__TRINITY_DN5436_c0_g1_i1.p1	CRX	221.0
littleOwlDenovo__Unknown__TRINITY_DN6483_c0_g1_i7.p2	MAFA	289.0
littleOwlDenovo__Unknown__TRINITY_DN6483_c0_g2_i1.p1	MAFB	312.0
littleOwlDenovo__Unknown__TRINITY_DN10802_c0_g1_i7.p3	MAFF	150.0
littleOwlDenovo__Unknown__TRINITY_DN1431_c1_g1_i3.p2	MAFG	163.0
littleOwlDenovo__Unknown__TRINITY_DN1431_c1_g2_i1.p1	MAFK	195.0
littleOwlDenovo__Unknown__TRINITY_DN5212_c2_g1_i1.p1	OTX1	293.0
littleOwlDenovo__Unknown__TRINITY_DN5436_c0_g1_i1.p1	OTX2	221.0
eurasianScopsOwlDenovo__Unknown__TRINITY_DN879_c2_g1_i2.p1	CMAF	207.0
eurasianScopsOwlDenovo__Unknown__TRINITY_DN2515_c0_g4_i1.p2	CRX	189.0
eurasianScopsOwlDenovo__Unknown__TRINITY_DN1996_c0_g1_i7.p2	MAFA	289.0
eurasianScopsOwlDenovo__Unknown__TRINITY_DN4554_c0_g1_i15.p2	MAFB	312.0
eurasianScopsOwlDenovo__Unknown__TRINITY_DN3313_c0_g1_i1.p1	MAFF	192.0
eurasianScopsOwlDenovo__Unknown__TRINITY_DN1943_c0_g1_i4.p1	MAFK	193.0
eurasianScopsOwlDenovo__Unknown__TRINITY_DN5778_c0_g2_i1.p1	OTX1	315.0
eurasianScopsOwlDenovo__Unknown__TRINITY_DN2515_c0_g1_i3.p1	OTX2	297.0
indianScopsOwlDenovo__Unknown__TRINITY_DN3192_c0_g1_i1.p1	CMAF	152.0
indianScopsOwlDenovo__Unknown__TRINITY_DN984_c0_g3_i6.p1	MAFA	289.0
indianScopsOwlDenovo__Unknown__TRINITY_DN984_c0_g1_i1.p2	MAFB	312.0
indianScopsOwlDenovo__Unknown__TRINITY_DN697_c0_g1_i2.p3	MAFF	206.0
indianScopsOwlDenovo__Unknown__TRINITY_DN2608_c3_g1_i2.p1	MAFG	163.0
indianScopsOwlDenovo__Unknown__TRINITY_DN2608_c0_g1_i3.p1	MAFK	191.0
indianScopsOwlDenovo__Unknown__TRINITY_DN28499_c0_g1_i2.p1	OTX1	315.0
indianScopsOwlDenovo__Unknown__TRINITY_DN1435_c0_g2_i4.p1	OTX2	290.0
shortearOwlDenovo__Unknown__TRINITY_DN26776_c0_g1_i1.p1	CMAF	153.0
shortearOwlDenovo__Unknown__TRINITY_DN5484_c0_g1_i4.p1	CRX	383.0
shortearOwlDenovo__Unknown__TRINITY_DN8216_c0_g1_i2.p2	MAFA	289.0
shortearOwlDenovo__Unknown__TRINITY_DN660_c0_g1_i25.p2	MAFB	312.0
shortearOwlDenovo__Unknown__TRINITY_DN186447_c0_g1_i1.p1	MAFF	203.0
shortearOwlDenovo__Unknown__TRINITY_DN10907_c0_g2_i1.p1	MAFG	163.0
shortearOwlDenovo__Unknown__TRINITY_DN10907_c0_g1_i2.p2	MAFK	178.0
shortearOwlDenovo__Unknown__TRINITY_DN181_c0_g1_i1.p3	OTX1	117.0
shortearOwlDenovo__Unknown__TRINITY_DN5484_c0_g1_i4.p1	OTX2	383.0
longearOwlDenovo__Unknown__TRINITY_DN6072_c0_g1_i1.p1	CMAF	207.0
longearOwlDenovo__Unknown__TRINITY_DN15173_c1_g1_i5.p1	CRX	194.0
longearOwlDenovo__Unknown__TRINITY_DN1510_c3_g1_i6.p2	MAFA	289.0
longearOwlDenovo__Unknown__TRINITY_DN1510_c3_g2_i1.p2	MAFB	268.0
longearOwlDenovo__Unknown__TRINITY_DN4268_c0_g3_i2.p1	MAFF	192.0
longearOwlDenovo__Unknown__TRINITY_DN2823_c1_g1_i1.p1	MAFG	163.0
longearOwlDenovo__Unknown__TRINITY_DN2823_c0_g2_i2.p1	MAFK	193.0
longearOwlDenovo__Unknown__TRINITY_DN1034_c0_g1_i1.p1	OTX1	315.0
longearOwlDenovo__Unknown__TRINITY_DN46_c3_g1_i3.p1	OTX2	290.0
screechOwlDenovo__Unknown__TRINITY_DN15528_c0_g1_i1.p1	CMAF	142.0
screechOwlDenovo__Unknown__TRINITY_DN740_c0_g2_i6.p1	CRX	290.0
screechOwlDenovo__Unknown__TRINITY_DN3374_c0_g1_i4.p1	MAFA	289.0
screechOwlDenovo__Unknown__TRINITY_DN3374_c0_g2_i1.p2	MAFB	312.0
screechOwlDenovo__Unknown__TRINITY_DN7326_c0_g1_i3.p1	MAFF	195.0
screechOwlDenovo__Unknown__TRINITY_DN15052_c0_g2_i1.p1	MAFG	163.0
screechOwlDenovo__Unknown__TRINITY_DN15052_c0_g1_i4.p2	MAFK	184.0
screechOwlDenovo__Unknown__TRINITY_DN11427_c1_g2_i1.p1	OTX1	276.0
screechOwlDenovo__Unknown__TRINITY_DN740_c0_g2_i6.p1	OTX2	290.0
barredOwlDenovo__Unknown__TRINITY_DN4571_c1_g1_i2.p1	CMAF	154.0
barredOwlDenovo__Unknown__TRINITY_DN31196_c0_g1_i3.p1	CRX	200.0
barredOwlDenovo__Unknown__TRINITY_DN5402_c0_g1_i5.p2	MAFA	289.0
barredOwlDenovo__Unknown__TRINITY_DN5402_c0_g3_i1.p1	MAFB	409.0
barredOwlDenovo__Unknown__TRINITY_DN5042_c0_g1_i1.p1	MAFF	197.0
barredOwlDenovo__Unknown__TRINITY_DN10510_c0_g3_i1.p1	MAFG	163.0
barredOwlDenovo__Unknown__TRINITY_DN10510_c0_g1_i4.p1	MAFK	191.0
barredOwlDenovo__Unknown__TRINITY_DN8093_c0_g1_i3.p1	NRL	429.0
barredOwlDenovo__Unknown__TRINITY_DN4621_c1_g1_i7.p1	OTX2	376.0
tawnyOwlDenovo__Unknown__TRINITY_DN2720_c0_g1_i5.p1	CRX	297.0
tawnyOwlDenovo__Unknown__TRINITY_DN92_c1_g1_i1.p2	MAFA	289.0
tawnyOwlDenovo__Unknown__TRINITY_DN13035_c0_g1_i1.p2	MAFB	312.0
tawnyOwlDenovo__Unknown__TRINITY_DN18693_c0_g1_i1.p1	MAFF	185.0
tawnyOwlDenovo__Unknown__TRINITY_DN5674_c0_g2_i1.p1	MAFG	163.0
tawnyOwlDenovo__Unknown__TRINITY_DN5674_c0_g1_i1.p1	MAFK	157.0
tawnyOwlDenovo__Unknown__TRINITY_DN3158_c0_g1_i9.p1	OTX1	437.0
tawnyOwlDenovo__Unknown__TRINITY_DN2720_c0_g1_i5.p1	OTX2	297.0
eagleOwlDenovo__Unknown__TRINITY_DN5775_c4_g1_i1.p1	CMAF	208.0
eagleOwlDenovo__Unknown__TRINITY_DN296_c1_g3_i6.p1	CRX	290.0
eagleOwlDenovo__Unknown__TRINITY_DN1503_c0_g3_i8.p2	MAFA	289.0
eagleOwlDenovo__Unknown__TRINITY_DN1503_c0_g2_i1.p1	MAFB	384.0
eagleOwlDenovo__Unknown__TRINITY_DN2538_c0_g1_i1.p2	MAFF	192.0
eagleOwlDenovo__Unknown__TRINITY_DN16114_c0_g1_i3.p1	MAFG	163.0
eagleOwlDenovo__Unknown__TRINITY_DN16114_c0_g2_i4.p1	MAFK	201.0
eagleOwlDenovo__Unknown__TRINITY_DN296_c1_g3_i6.p1	OTX2	290.0
hornedOwlDenovo__Unknown__TRINITY_DN9572_c0_g1_i1.p1	CMAF	152.0
hornedOwlDenovo__Unknown__TRINITY_DN76_c0_g2_i1.p3	CRX	160.0
hornedOwlDenovo__Unknown__TRINITY_DN6111_c0_g2_i1.p2	MAFB	312.0
hornedOwlDenovo__Unknown__TRINITY_DN3969_c0_g1_i1.p2	MAFF	192.0
hornedOwlDenovo__Unknown__TRINITY_DN6225_c0_g1_i1.p2	MAFG	106.0
hornedOwlDenovo__Unknown__TRINITY_DN6225_c1_g1_i7.p1	MAFK	157.0
hornedOwlDenovo__Unknown__TRINITY_DN1551_c1_g2_i1.p1	OTX1	159.0
hornedOwlDenovo__Unknown__TRINITY_DN1551_c1_g1_i4.p1	OTX2	353.0
hoopoeDenovo__Unknown__TRINITY_DN10526_c6_g1_i1.p1	CMAF	209.0
hoopoeDenovo__Unknown__TRINITY_DN6292_c1_g1_i1.p3	CRX	239.0
hoopoeDenovo__Unknown__TRINITY_DN11735_c0_g1_i1.p2	MAFA	171.0
hoopoeDenovo__Unknown__TRINITY_DN3174_c1_g1_i1.p2	MAFB	100.0
hoopoeDenovo__Unknown__TRINITY_DN3185_c0_g3_i1.p1	MAFF	209.0
hoopoeDenovo__Unknown__TRINITY_DN755_c0_g1_i71.p2	MAFG	244.0
hoopoeDenovo__Unknown__TRINITY_DN1239_c0_g1_i5.p1	MAFK	157.0
hoopoeDenovo__Unknown__TRINITY_DN3516_c2_g1_i7.p1	OTX1	336.0
hoopoeDenovo__Unknown__TRINITY_DN6292_c1_g1_i1.p3	OTX2	239.0
woodpeckerDenovo__Unknown__TRINITY_DN1110_c11_g1_i1.p1	CMAF	209.0
woodpeckerDenovo__Unknown__TRINITY_DN3851_c0_g3_i2.p2	CRX	141.0
woodpeckerDenovo__Unknown__TRINITY_DN2795_c1_g1_i1.p1	MAFA	290.0
woodpeckerDenovo__Unknown__TRINITY_DN235_c9_g1_i1.p1	MAFB	251.0
woodpeckerDenovo__Unknown__TRINITY_DN3984_c0_g1_i1.p2	MAFF	150.0
woodpeckerDenovo__Unknown__TRINITY_DN6025_c1_g1_i1.p1	MAFG	163.0
woodpeckerDenovo__Unknown__TRINITY_DN1751_c0_g1_i3.p1	MAFK	249.0
woodpeckerDenovo__Unknown__TRINITY_DN3851_c0_g1_i4.p1	OTX1	296.0
woodpeckerDenovo__Unknown__TRINITY_DN175_c5_g1_i2.p1	OTX2	216.0
budgerigarDenovo__Unknown__TRINITY_DN8103_c4_g1_i1.p1	CMAF	199.0
budgerigarDenovo__Unknown__TRINITY_DN1982_c0_g2_i5.p1	MAFA	289.0
budgerigarDenovo__Unknown__TRINITY_DN1982_c0_g3_i1.p1	MAFB	312.0
budgerigarDenovo__Unknown__TRINITY_DN6568_c0_g1_i3.p4	MAFF	163.0
budgerigarDenovo__Unknown__TRINITY_DN2964_c0_g1_i2.p1	MAFG	107.0
budgerigarDenovo__Unknown__TRINITY_DN2964_c1_g1_i3.p1	MAFK	242.0
budgerigarDenovo__Unknown__TRINITY_DN45182_c1_g1_i1.p1	OTX1	403.0
budgerigarDenovo__Unknown__TRINITY_DN2464_c0_g1_i4.p1	OTX2	415.0
commonKestrelDenovo__Unknown__TRINITY_DN3161_c1_g2_i1.p1	CMAF	187.0
commonKestrelDenovo__Unknown__TRINITY_DN680_c0_g1_i5.p1	CRX	290.0
commonKestrelDenovo__Unknown__TRINITY_DN3104_c0_g3_i1.p1	MAFB	452.0
commonKestrelDenovo__Unknown__TRINITY_DN3772_c0_g1_i2.p4	MAFF	150.0
commonKestrelDenovo__Unknown__TRINITY_DN4236_c1_g1_i1.p2	MAFG	163.0
commonKestrelDenovo__Unknown__TRINITY_DN30535_c0_g1_i2.p1	MAFK	189.0
commonKestrelDenovo__Unknown__TRINITY_DN4675_c0_g1_i2.p1	OTX1	312.0
commonKestrelDenovo__Unknown__TRINITY_DN680_c0_g1_i5.p1	OTX2	290.0
eurasianHobbyDenovo__Unknown__TRINITY_DN2872_c5_g1_i1.p1	CMAF	183.0
eurasianHobbyDenovo__Unknown__TRINITY_DN4604_c0_g2_i8.p2	CRX	288.0
eurasianHobbyDenovo__Unknown__TRINITY_DN2652_c1_g1_i3.p1	MAFA	289.0
eurasianHobbyDenovo__Unknown__TRINITY_DN18289_c2_g1_i1.p1	MAFB	447.0
eurasianHobbyDenovo__Unknown__TRINITY_DN1933_c1_g1_i4.p5	MAFF	159.0
eurasianHobbyDenovo__Unknown__TRINITY_DN2360_c0_g2_i3.p1	MAFK	158.0
eurasianHobbyDenovo__Unknown__TRINITY_DN9387_c1_g1_i3.p1	OTX1	293.0
eurasianHobbyDenovo__Unknown__TRINITY_DN4604_c0_g2_i8.p2	OTX2	288.0
carrionCrowDenovo__Unknown__TRINITY_DN4005_c0_g1_i1.p1	CMAF	152.0
carrionCrowDenovo__Unknown__TRINITY_DN5647_c0_g1_i1.p3	CRX	136.0
carrionCrowDenovo__Unknown__TRINITY_DN551_c0_g1_i1.p2	MAFA	289.0
carrionCrowDenovo__Unknown__TRINITY_DN551_c0_g2_i1.p1	MAFB	312.0
carrionCrowDenovo__Unknown__TRINITY_DN8472_c0_g1_i4.p1	MAFF	150.0
carrionCrowDenovo__Unknown__TRINITY_DN10479_c0_g1_i4.p3	MAFG	163.0
carrionCrowDenovo__Unknown__TRINITY_DN1241_c0_g1_i1.p3	MAFK	191.0
carrionCrowDenovo__Unknown__TRINITY_DN13513_c0_g1_i1.p1	OTX1	291.0
carrionCrowDenovo__Unknown__TRINITY_DN249_c1_g2_i2.p1	OTX2	297.0
hoodedCrowDenovo__Unknown__TRINITY_DN8765_c1_g2_i1.p1	CMAF	189.0
hoodedCrowDenovo__Unknown__TRINITY_DN9383_c0_g1_i7.p2	CRX	247.0
hoodedCrowDenovo__Unknown__TRINITY_DN1269_c0_g1_i4.p2	MAFA	289.0
hoodedCrowDenovo__Unknown__TRINITY_DN1269_c0_g2_i1.p1	MAFB	312.0
hoodedCrowDenovo__Unknown__TRINITY_DN5062_c0_g1_i3.p1	MAFF	150.0
hoodedCrowDenovo__Unknown__TRINITY_DN8811_c0_g1_i6.p4	MAFG	163.0
hoodedCrowDenovo__Unknown__TRINITY_DN860_c0_g1_i2.p3	MAFK	193.0
hoodedCrowDenovo__Unknown__TRINITY_DN9383_c0_g2_i2.p1	OTX1	188.0
hoodedCrowDenovo__Unknown__TRINITY_DN941_c1_g1_i3.p1	OTX2	297.0
whiteWagtailDenovo__Unknown__TRINITY_DN26_c2_g1_i2.p1	CMAF	190.0
whiteWagtailDenovo__Unknown__TRINITY_DN154_c1_g1_i5.p1	CRX	290.0
whiteWagtailDenovo__Unknown__TRINITY_DN2744_c0_g2_i1.p1	MAFB	312.0
whiteWagtailDenovo__Unknown__TRINITY_DN2388_c0_g1_i2.p4	MAFF	150.0
whiteWagtailDenovo__Unknown__TRINITY_DN5683_c0_g1_i4.p1	MAFG	163.0
whiteWagtailDenovo__Unknown__TRINITY_DN856_c1_g1_i2.p1	MAFK	202.0
whiteWagtailDenovo__Unknown__TRINITY_DN4836_c1_g1_i4.p1	OTX1	357.0
whiteWagtailDenovo__Unknown__TRINITY_DN154_c1_g1_i5.p1	OTX2	290.0
canaryDenovo__Unknown__TRINITY_DN821_c1_g1_i1.p1	CMAF	190.0
canaryDenovo__Unknown__TRINITY_DN1082_c0_g2_i1.p1	CRX	290.0
canaryDenovo__Unknown__TRINITY_DN5639_c0_g3_i2.p2	MAFA	289.0
canaryDenovo__Unknown__TRINITY_DN5639_c0_g1_i2.p1	MAFB	312.0
canaryDenovo__Unknown__TRINITY_DN666_c0_g1_i1.p3	MAFF	150.0
canaryDenovo__Unknown__TRINITY_DN5851_c0_g1_i1.p1	MAFG	163.0
canaryDenovo__Unknown__TRINITY_DN5851_c0_g2_i1.p1	MAFK	187.0
canaryDenovo__Unknown__TRINITY_DN15387_c0_g2_i1.p1	OTX1	336.0
canaryDenovo__Unknown__TRINITY_DN1082_c0_g2_i1.p1	OTX2	290.0
zebrafinchDenovo__Unknown__TRINITY_DN1857_c0_g3_i1.p1	CMAF	383.0
zebrafinchDenovo__Unknown__TRINITY_DN10782_c0_g1_i34.p1	CRX	317.0
zebrafinchDenovo__Unknown__TRINITY_DN665_c0_g1_i7.p2	MAFA	289.0
zebrafinchDenovo__Unknown__TRINITY_DN665_c0_g3_i1.p3	MAFB	235.0
zebrafinchDenovo__Unknown__TRINITY_DN8261_c0_g1_i5.p1	MAFF	150.0
zebrafinchDenovo__Unknown__TRINITY_DN4465_c0_g1_i9.p5	MAFG	163.0
zebrafinchDenovo__Unknown__TRINITY_DN2005_c0_g2_i2.p1	MAFK	187.0
zebrafinchDenovo__Unknown__TRINITY_DN8388_c2_g2_i1.p2	OTX1	285.0
zebrafinchDenovo__Unknown__TRINITY_DN8388_c2_g1_i1.p1	OTX2	217.0
opossumDenovo__Unknown__TRINITY_DN6872_c0_g2_i1.p1	CMAF	150.0
opossumDenovo__Unknown__TRINITY_DN50648_c0_g1_i3.p1	CRX	290.0
opossumDenovo__Unknown__TRINITY_DN6872_c0_g1_i2.p1	MAFB	380.0
opossumDenovo__Unknown__TRINITY_DN427_c0_g1_i3.p1	NRL	152.0
opossumDenovo__Unknown__TRINITY_DN2911_c0_g1_i3.p1	OTX1	475.0
opossumDenovo__Unknown__TRINITY_DN50648_c0_g1_i3.p1	OTX2	290.0
tombBatDenovo__Unknown__TRINITY_DN5718_c1_g1_i3.p1	CMAF	272.0
tombBatDenovo__Unknown__TRINITY_DN1225_c1_g1_i35.p1	CRX	437.0
tombBatDenovo__Unknown__TRINITY_DN21905_c0_g1_i1.p1	MAFA	140.0
tombBatDenovo__Unknown__TRINITY_DN25551_c0_g2_i1.p2	MAFB	189.0
tombBatDenovo__Unknown__TRINITY_DN7550_c0_g2_i9.p1	MAFK	223.0
tombBatDenovo__Unknown__TRINITY_DN5718_c1_g1_i3.p1	NRL	272.0
tombBatDenovo__Unknown__TRINITY_DN3752_c0_g3_i5.p1	OTX1	384.0
tombBatDenovo__Unknown__TRINITY_DN129_c0_g1_i61.p2	OTX2	290.0
myotisBatDenovo__Unknown__TRINITY_DN13887_c0_g3_i2.p1	CMAF	229.0
myotisBatDenovo__Unknown__TRINITY_DN124_c0_g1_i6.p1	CRX	300.0
myotisBatDenovo__Unknown__TRINITY_DN155749_c0_g3_i1.p2	MAFB	145.0
myotisBatDenovo__Unknown__TRINITY_DN46536_c0_g1_i1.p2	MAFF	157.0
myotisBatDenovo__Unknown__TRINITY_DN142985_c0_g1_i1.p1	MAFG	321.0
myotisBatDenovo__Unknown__TRINITY_DN428_c0_g1_i6.p1	NRL	238.0
myotisBatDenovo__Unknown__TRINITY_DN1682_c0_g1_i3.p1	OTX1	289.0
myotisBatDenovo__Unknown__TRINITY_DN620_c0_g1_i8.p1	OTX2	290.0
roundleafBatDenovo__Unknown__TRINITY_DN2744_c0_g4_i5.p1	CMAF	144.0
roundleafBatDenovo__Unknown__TRINITY_DN1376_c0_g1_i4.p1	CRX	300.0
roundleafBatDenovo__Unknown__TRINITY_DN279243_c0_g1_i1.p2	MAFB	103.0
roundleafBatDenovo__Unknown__TRINITY_DN16162_c0_g1_i1.p1	MAFF	101.0
roundleafBatDenovo__Unknown__TRINITY_DN10795_c0_g1_i5.p1	MAFG	164.0
roundleafBatDenovo__Unknown__TRINITY_DN5718_c0_g1_i17.p1	NRL	158.0
roundleafBatDenovo__Unknown__TRINITY_DN29_c0_g1_i1.p1	OTX1	437.0
roundleafBatDenovo__Unknown__TRINITY_DN560_c0_g2_i2.p1	OTX2	290.0
fruitBatDenovo__Unknown__TRINITY_DN66218_c0_g1_i2.p2	CMAF	102.0
fruitBatDenovo__Unknown__TRINITY_DN828_c0_g1_i2.p1	CRX	300.0
fruitBatDenovo__Unknown__TRINITY_DN8295_c1_g1_i1.p1	MAFF	229.0
fruitBatDenovo__Unknown__TRINITY_DN2219_c0_g2_i4.p1	NRL	156.0
fruitBatDenovo__Unknown__TRINITY_DN136703_c0_g1_i1.p1	OTX2	197.0
nectarBatDenovo__Unknown__TRINITY_DN9159_c0_g1_i1.p1	CMAF	167.0
nectarBatDenovo__Unknown__TRINITY_DN4685_c0_g1_i3.p1	CRX	300.0
nectarBatDenovo__Unknown__TRINITY_DN278_c2_g1_i1.p2	MAFB	307.0
nectarBatDenovo__Unknown__TRINITY_DN154_c0_g1_i2.p1	MAFF	134.0
nectarBatDenovo__Unknown__TRINITY_DN136_c0_g1_i1.p1	MAFG	163.0
nectarBatDenovo__Unknown__TRINITY_DN1103_c0_g1_i4.p1	NRL	238.0
nectarBatDenovo__Unknown__TRINITY_DN3304_c3_g1_i3.p1	OTX1	356.0
nectarBatDenovo__Unknown__TRINITY_DN43961_c0_g1_i1.p1	OTX2	298.0
horseDenovo__Unknown__TRINITY_DN5851_c2_g1_i1.p1	CMAF	265.0
horseDenovo__Unknown__TRINITY_DN18979_c0_g2_i5.p1	CRX	350.0
horseDenovo__Unknown__TRINITY_DN947_c0_g1_i5.p2	MAFA	241.0
horseDenovo__Unknown__TRINITY_DN10619_c1_g1_i1.p1	MAFB	324.0
horseDenovo__Unknown__TRINITY_DN1673_c0_g1_i2.p5	MAFG	163.0
horseDenovo__Unknown__TRINITY_DN3320_c0_g1_i2.p1	NRL	290.0
horseDenovo__Unknown__TRINITY_DN887_c2_g1_i8.p1	OTX1	356.0
pigDenovo__Unknown__TRINITY_DN1008_c3_g1_i1.p1	CMAF	209.0
pigDenovo__Unknown__TRINITY_DN1074_c0_g1_i2.p1	CRX	380.0
pigDenovo__Unknown__TRINITY_DN10608_c0_g2_i1.p2	MAFB	228.0
pigDenovo__Unknown__TRINITY_DN27559_c0_g1_i1.p1	MAFF	228.0
pigDenovo__Unknown__TRINITY_DN9744_c1_g2_i2.p1	MAFG	239.0
pigDenovo__Unknown__TRINITY_DN9744_c1_g1_i3.p4	MAFK	157.0
pigDenovo__Unknown__TRINITY_DN620_c0_g1_i16.p1	NRL	263.0
pigDenovo__Unknown__TRINITY_DN715_c0_g1_i4.p1	OTX2	298.0
bowheadWhaleDenovo__Unknown__TRINITY_DN2161_c4_g1_i1.p1	CMAF	184.0
bowheadWhaleDenovo__Unknown__TRINITY_DN1153_c9_g1_i1.p1	CRX	377.0
bowheadWhaleDenovo__Unknown__TRINITY_DN27949_c0_g1_i1.p3	MAFB	165.0
bowheadWhaleDenovo__Unknown__TRINITY_DN5181_c0_g1_i3.p3	MAFG	184.0
bowheadWhaleDenovo__Unknown__TRINITY_DN1186_c0_g1_i9.p1	NRL	263.0
bowheadWhaleDenovo__Unknown__TRINITY_DN70539_c0_g1_i1.p2	OTX1	142.0
bowheadWhaleDenovo__Unknown__TRINITY_DN2151_c0_g1_i6.p1	OTX2	290.0
cowDenovo__Unknown__TRINITY_DN18834_c3_g1_i1.p1	CMAF	282.0
cowDenovo__Unknown__TRINITY_DN1029_c0_g1_i5.p1	CRX	300.0
cowDenovo__Unknown__TRINITY_DN22950_c0_g1_i1.p1	MAFB	324.0
cowDenovo__Unknown__TRINITY_DN11642_c0_g1_i1.p1	MAFF	169.0
cowDenovo__Unknown__TRINITY_DN8518_c0_g1_i1.p2	MAFG	283.0
cowDenovo__Unknown__TRINITY_DN8518_c0_g2_i3.p3	MAFK	158.0
cowDenovo__Unknown__TRINITY_DN18834_c3_g1_i1.p1	NRL	282.0
cowDenovo__Unknown__TRINITY_DN413_c0_g1_i5.p1	OTX2	378.0
catDenovo__Unknown__TRINITY_DN44643_c3_g1_i3.p1	CMAF	303.0
catDenovo__Unknown__TRINITY_DN1955_c0_g1_i6.p1	CRX	343.0
catDenovo__Unknown__TRINITY_DN25123_c0_g2_i1.p1	MAFB	139.0
catDenovo__Unknown__TRINITY_DN2726_c0_g1_i3.p1	MAFF	171.0
catDenovo__Unknown__TRINITY_DN2726_c0_g2_i3.p1	MAFG	186.0
catDenovo__Unknown__TRINITY_DN44643_c3_g1_i3.p1	NRL	303.0
catDenovo__Unknown__TRINITY_DN3222_c0_g1_i1.p1	OTX1	207.0
catDenovo__Unknown__TRINITY_DN1413_c0_g1_i8.p1	OTX2	298.0
dogDenovo__Unknown__TRINITY_DN271073_c0_g1_i1.p1	CMAF	116.0
dogDenovo__Unknown__TRINITY_DN931_c0_g1_i16.p1	CRX	298.0
dogDenovo__Unknown__TRINITY_DN8598_c0_g1_i1.p1	MAFG	157.0
dogDenovo__Unknown__TRINITY_DN931_c0_g1_i16.p1	OTX2	298.0
groundSquirrelDenovo__Unknown__TRINITY_DN20967_c0_g1_i1.p1	CMAF	290.0
groundSquirrelDenovo__Unknown__TRINITY_DN1475_c0_g1_i5.p1	CRX	300.0
groundSquirrelDenovo__Unknown__TRINITY_DN50601_c0_g1_i1.p1	MAFA	104.0
groundSquirrelDenovo__Unknown__TRINITY_DN2585_c2_g1_i1.p1	MAFB	191.0
groundSquirrelDenovo__Unknown__TRINITY_DN9766_c0_g1_i5.p1	MAFF	154.0
groundSquirrelDenovo__Unknown__TRINITY_DN4278_c0_g1_i1.p1	MAFG	192.0
groundSquirrelDenovo__Unknown__TRINITY_DN36295_c1_g1_i1.p1	MAFK	157.0
groundSquirrelDenovo__Unknown__TRINITY_DN5166_c0_g1_i6.p1	NRL	238.0
groundSquirrelDenovo__Unknown__TRINITY_DN3863_c1_g1_i29.p1	OTX2	337.0
zokorDenovo__Unknown__TRINITY_DN1863_c0_g1_i4.p1	CRX	337.0
zokorDenovo__Unknown__TRINITY_DN51399_c0_g1_i1.p1	MAFG	122.0
zokorDenovo__Unknown__TRINITY_DN1136_c0_g1_i5.p1	MAFK	172.0
zokorDenovo__Unknown__TRINITY_DN279_c0_g1_i21.p1	NRL	229.0
zokorDenovo__Unknown__TRINITY_DN41325_c1_g1_i8.p1	OTX2	329.0
sandRatDenovo__Unknown__TRINITY_DN161_c4_g1_i1.p1	CMAF	186.0
sandRatDenovo__Unknown__TRINITY_DN441_c1_g2_i6.p1	CRX	349.0
sandRatDenovo__Unknown__TRINITY_DN273514_c0_g1_i1.p1	MAFA	111.0
sandRatDenovo__Unknown__TRINITY_DN6054_c1_g1_i1.p1	MAFB	407.0
sandRatDenovo__Unknown__TRINITY_DN5807_c0_g2_i3.p2	MAFF	151.0
sandRatDenovo__Unknown__TRINITY_DN2383_c0_g1_i7.p1	MAFG	165.0
sandRatDenovo__Unknown__TRINITY_DN5807_c0_g1_i1.p3	MAFK	157.0
sandRatDenovo__Unknown__TRINITY_DN505_c2_g2_i5.p1	NRL	234.0
sandRatDenovo__Unknown__TRINITY_DN288_c2_g1_i1.p2	OTX1	297.0
sandRatDenovo__Unknown__TRINITY_DN3448_c0_g1_i13.p1	OTX2	298.0
brownRatDenovo__Unknown__TRINITY_DN62859_c0_g1_i1.p2	CMAF	126.0
brownRatDenovo__Unknown__TRINITY_DN587_c0_g1_i1.p1	CRX	381.0
brownRatDenovo__Unknown__TRINITY_DN120753_c0_g1_i1.p2	MAFB	133.0
brownRatDenovo__Unknown__TRINITY_DN10390_c0_g1_i3.p1	MAFG	193.0
brownRatDenovo__Unknown__TRINITY_DN179795_c0_g1_i1.p2	MAFK	111.0
brownRatDenovo__Unknown__TRINITY_DN35_c0_g1_i1.p1	NRL	181.0
brownRatDenovo__Unknown__TRINITY_DN769_c0_g1_i30.p1	OTX2	330.0
labMouseDenovo__Unknown__TRINITY_DN33128_c0_g1_i1.p3	CMAF	103.0
labMouseDenovo__Unknown__TRINITY_DN815_c0_g1_i2.p1	CRX	452.0
labMouseDenovo__Unknown__TRINITY_DN78582_c0_g1_i1.p2	MAFB	126.0
labMouseDenovo__Unknown__TRINITY_DN3886_c0_g1_i2.p1	MAFG	220.0
labMouseDenovo__Unknown__TRINITY_DN2_c0_g1_i2.p1	NRL	238.0
labMouseDenovo__Unknown__TRINITY_DN2938_c0_g1_i1.p1	OTX2	290.0
marmosetDenovo__Unknown__TRINITY_DN553_c0_g1_i16.p1	CMAF	179.0
marmosetDenovo__Unknown__TRINITY_DN5403_c0_g1_i13.p1	CRX	300.0
marmosetDenovo__Unknown__TRINITY_DN91344_c0_g1_i1.p3	MAFA	130.0
marmosetDenovo__Unknown__TRINITY_DN151009_c0_g1_i1.p1	MAFB	475.0
marmosetDenovo__Unknown__TRINITY_DN5994_c1_g1_i1.p1	MAFF	165.0
marmosetDenovo__Unknown__TRINITY_DN63898_c0_g1_i5.p1	MAFK	221.0
marmosetDenovo__Unknown__TRINITY_DN4866_c0_g1_i4.p1	NRL	294.0
marmosetDenovo__Unknown__TRINITY_DN1525_c0_g2_i2.p1	OTX1	356.0
marmosetDenovo__Unknown__TRINITY_DN25299_c0_g1_i29.p1	OTX2	298.0
nancymaMonkeyDenovo__Unknown__TRINITY_DN5405_c0_g1_i3.p2	CMAF	125.0
nancymaMonkeyDenovo__Unknown__TRINITY_DN575_c0_g1_i5.p1	CRX	300.0
nancymaMonkeyDenovo__Unknown__TRINITY_DN4340_c1_g1_i2.p1	MAFG	380.0
nancymaMonkeyDenovo__Unknown__TRINITY_DN9414_c0_g1_i5.p1	MAFK	175.0
nancymaMonkeyDenovo__Unknown__TRINITY_DN463_c0_g2_i3.p1	NRL	226.0
nancymaMonkeyDenovo__Unknown__TRINITY_DN163_c0_g1_i7.p1	OTX2	298.0
oliveBaboonDenovo__Unknown__TRINITY_DN2996_c0_g1_i3.p1	CRX	435.0
oliveBaboonDenovo__Unknown__TRINITY_DN34300_c0_g1_i1.p1	NRL	125.0
oliveBaboonDenovo__Unknown__TRINITY_DN2996_c0_g1_i3.p1	OTX2	435.0
crabMacaqueDenovo__Unknown__TRINITY_DN4999_c0_g4_i1.p1	CMAF	199.0
crabMacaqueDenovo__Unknown__TRINITY_DN562_c0_g3_i8.p1	CRX	357.0
crabMacaqueDenovo__Unknown__TRINITY_DN24195_c0_g1_i1.p2	MAFA	152.0
crabMacaqueDenovo__Unknown__TRINITY_DN4772_c6_g1_i1.p1	MAFB	324.0
crabMacaqueDenovo__Unknown__TRINITY_DN21938_c0_g4_i1.p1	MAFF	151.0
crabMacaqueDenovo__Unknown__TRINITY_DN6099_c0_g1_i7.p1	MAFG	245.0
crabMacaqueDenovo__Unknown__TRINITY_DN6099_c0_g2_i2.p1	MAFK	223.0
crabMacaqueDenovo__Unknown__TRINITY_DN3324_c0_g1_i5.p1	NRL	240.0
crabMacaqueDenovo__Unknown__TRINITY_DN4021_c0_g2_i1.p1	OTX1	527.0
crabMacaqueDenovo__Unknown__TRINITY_DN2132_c0_g1_i46.p1	OTX2	298.0
rhesusMacaqueDenovo__Unknown__TRINITY_DN7101_c0_g1_i1.p1	CMAF	147.0
rhesusMacaqueDenovo__Unknown__TRINITY_DN1307_c16_g1_i11.p1	CRX	379.0
rhesusMacaqueDenovo__Unknown__TRINITY_DN261237_c0_g1_i1.p2	MAFB	116.0
rhesusMacaqueDenovo__Unknown__TRINITY_DN783_c0_g1_i6.p1	NRL	173.0
rhesusMacaqueDenovo__Unknown__TRINITY_DN189059_c0_g1_i1.p1	OTX1	143.0
rhesusMacaqueDenovo__Unknown__TRINITY_DN1841_c0_g2_i1.p1	OTX2	330.0
humanDenovo__Unknown__TRINITY_DN1615_c0_g1_i3.p1	CMAF	136.0
humanDenovo__Unknown__TRINITY_DN663_c0_g1_i33.p1	CRX	463.0
humanDenovo__Unknown__TRINITY_DN152954_c0_g1_i1.p2	MAFB	102.0
humanDenovo__Unknown__TRINITY_DN10086_c0_g1_i2.p1	MAFG	122.0
humanDenovo__Unknown__TRINITY_DN1334_c0_g1_i6.p1	NRL	238.0
humanDenovo__Unknown__TRINITY_DN983_c0_g1_i13.p1	OTX2	290.0
