SampleID	SampleShortID	SampleSubID	Source	RunType	OrganismSerial	OrganismID	OrganismName	CommonName	Category	NumberSamples	Habitat	Nocturnality	NumMacula	NumFovea	NumFoveola	GenomeAvailable	AnnotationAvailable	ZoonomiaPresence	Order	Genus	Species	NNRL_LibraryID	SRA_BioProjectID	SRA_RunID	SRA_Downloaded	SRA_BioSampleID	SRA_ExperimentID	Notes	Life stage	Sex	NocturnalityComments	GenomeAssemblyENSEMBL	GenomeAccessionENSEMBL	GenusAlternativeENSEMBL	GenomeNCBI	GenomeAccessionNCBI	GenomeAssemblyNCBI	GenomeENSEMBL	AnnotationNCBI	AnnotationENSEMBL	GenomeZoonomia	AnnotationZoonomia	ZoonomiaComment	EarlyChordateSet	SpeciesCode	ActualOrganismID	source	gtf_url	cds_url	ReferencePaper	DOI	GenomeAnnotationInRefPaper
Accipiter_cooperii_0	ACCO0	0	Mine	PE	70	Accipiter_cooperii	Accipiter cooperii	Cooper's hawk	Bird	1		Diurnal				Species	Genus	TOGA	Accipitriformes	Accipiter	cooperii	R42019-283						Wild			https://animaldiversity.org/accounts/Accipiter_cooperii/	Accipiter_nisus_ver1.0	GCA_004320145.1	Accipiter nisus	Species	GCF_929443795.1	bAccGen1.1	Genus	Genus	Genus	Genus	Genus	Accipiter gentilis; Accipiter gentilis atricapillus		bacoop							
Lethenteron_camtschaticum_0	LECA0	0	SRA	SE	16	Lethenteron_camtschaticum	Lethenteron camtschaticum	Arctic lamprey	Lamprey	1		Unknown				No	No		Petromyzontiformes	Lethenteron	camtschaticum		PRJDB5164	DRR088844		SAMD00061199	DRX082667		adult	Female					No			No	No	No				x	llcamt					NoReferencePaper		
Chiloscyllium_punctatum_1	CHPU1	1	SRA	PE	21	Chiloscyllium_punctatum	Chiloscyllium punctatum	Brownbanded bamboo shark	Cartilaginous fish	3		Nocturnal				Species	Species		Orectolobiformes	Chiloscyllium	punctatum		PRJDB6260	DRR111719		SAMD00098931	DRX104786		Juvenile		"https://www.thainationalparks.com/species/chiloscyllium-punctatum#:~:text=These%20sharks%20are%20nocturnal%20animals,for%20up%20to%2012%20hrs."				Species	GCA_003427335.1	Cpunctatum_v1.0	No	Species	No				x	ccpunc					NoReferencePaper		
Chiloscyllium_punctatum_0	CHPU0	0	SRA	SE	21	Chiloscyllium_punctatum	Chiloscyllium punctatum	Brownbanded bamboo shark	Cartilaginous fish	3		Nocturnal				Species	Species		Orectolobiformes	Chiloscyllium	punctatum		PRJDB6260	DRR111741	Yes	SAMD00098952	DRX104808		Juvenile		"https://www.thainationalparks.com/species/chiloscyllium-punctatum#:~:text=These%20sharks%20are%20nocturnal%20animals,for%20up%20to%2012%20hrs."				Species	GCA_003427335.1	Cpunctatum_v1.0	No	Species	No				x	ccpunc					NoReferencePaper		
Scyliorhinus_torazame_0	SCTO0	0	SRA	SE	18	Scyliorhinus_torazame	Scyliorhinus torazame	Cloudy catshark	Cartilaginous fish	2		Nocturnal				Species	Species		Carcharhiniformes	Scyliorhinus	torazame		PRJDB6260	DRR111795		SAMD00099004	DRX104862		Adult		https://www.researchgate.net/publication/257644974_Bioaccumulation_of_PCBs_and_DDE_in_cloudy_catshark_Scyliorhinus_torazame_caught_in_four_locations_around_Japan				Species	GCA_003427355.1	Storazame_v1.0	No	Species	No				x	cstora					NoReferencePaper		
Scyliorhinus_torazame_1	SCTO1	1	SRA	SE	18	Scyliorhinus_torazame	Scyliorhinus torazame	Cloudy catshark	Cartilaginous fish	2		Nocturnal				Species	Species		Carcharhiniformes	Scyliorhinus	torazame		PRJDB6260	DRR111817		SAMD00099026	DRX104884		Adult		https://www.researchgate.net/publication/257644974_Bioaccumulation_of_PCBs_and_DDE_in_cloudy_catshark_Scyliorhinus_torazame_caught_in_four_locations_around_Japan				Species	GCA_003427355.1	Storazame_v1.0	No	Species	No				x	cstora					NoReferencePaper		
Alligator_mississippiensis_1	ALMI1	1	Mine	PE	46	Alligator_mississippiensis	Alligator mississippiensis	American alligator	Reptile	2		Both				Species	Species		Crocodilia	Alligator	mississippiensis	R42019-250						Museum							Species	GCF_000281125.3	ASM28112v4	No	Species	No				x	ramiss							
Callithrix_jacchus_0	CAJA0	0	SRA	PE	103	Callithrix_jacchus	Callithrix jacchus	Common marmoset	Mammal	3		Unknown				Species	Species	Species	Primates	Callithrix	jacchus		PRJDB9547	DRR220046		SAMD00213357	DRX210359	almost 4 yo		Male		mCalJac1.pat.X	GCA_011100555.1		Species	GCF_011100555.1	mCalJa1.2.pat.X	Species	Species	Species	Species	Species			mcjacc					NoReferencePaper		
Drosophila_melanogaster_2	DRME2	2	SRA	PE	4	Drosophila_melanogaster	Drosophila melanogaster	Fruit fly	Arthropod	4		Unknown				Species	Species		Diptera	Drosophila	melanogaster		PRJEB22205	ERR2617944		SAMEA4715949	ERX2634551	eye		Female					Species	GCF_000001215.4	Release_6_plus_ISO1_MT	Species	Species	Species				x	admela					Leader_Dow_2018_FlyAtlas2New	https://doi.org/10.1093/nar/gkx976	
Anolis_carolinensis_0	ANCA0	0	Mine	PE	45	Anolis_carolinensis	Anolis carolinensis	Green anole	Reptile	4		Diurnal				Species	Species		Squamata	Anolis	carolinensis	R42019-242						Commercial			https://www.thesprucepets.com/green-anoles-pets-1236900	AnoCar2.0v2	GCA_000090745.2		Species	GCF_000090745.1	AnoCar2.0	Species	Species	Species				x	racaro							
Anolis_carolinensis_1	ANCA1	1	Mine	PE	45	Anolis_carolinensis	Anolis carolinensis	Green anole	Reptile	4		Diurnal				Species	Species		Squamata	Anolis	carolinensis	R42019-243						Commercial			https://www.thesprucepets.com/green-anoles-pets-1236900	AnoCar2.0v2	GCA_000090745.2		Species	GCF_000090745.1	AnoCar2.0	Species	Species	Species				x	racaro							
Anolis_carolinensis_2	ANCA2	2	Mine	PE	45	Anolis_carolinensis	Anolis carolinensis	Green anole	Reptile	4		Diurnal				Species	Species		Squamata	Anolis	carolinensis	R42019-241						Commercial			https://www.thesprucepets.com/green-anoles-pets-1236900	AnoCar2.0v2	GCA_000090745.2		Species	GCF_000090745.1	AnoCar2.0	Species	Species	Species				x	racaro							
Drosophila_melanogaster_1	DRME1	1	SRA	PE	4	Drosophila_melanogaster	Drosophila melanogaster	Fruit fly	Arthropod	4		Unknown				Species	Species		Diptera	Drosophila	melanogaster		PRJEB22205	ERR2617945		SAMEA4715950	ERX2634552	eye		Female					Species	GCF_000001215.4	Release_6_plus_ISO1_MT	Species	Species	Species				x	admela					Leader_Dow_2018_FlyAtlas2New	https://doi.org/10.1093/nar/gkx976	
Drosophila_melanogaster_3	DRME3	3	SRA	PE	4	Drosophila_melanogaster	Drosophila melanogaster	Fruit fly	Arthropod	4		Unknown				Species	Species		Diptera	Drosophila	melanogaster		PRJEB22205	ERR2617946		SAMEA4715951	ERX2634553	eye		Male					Species	GCF_000001215.4	Release_6_plus_ISO1_MT	Species	Species	Species				x	admela					Leader_Dow_2018_FlyAtlas2New	https://doi.org/10.1093/nar/gkx976	
Drosophila_melanogaster_0	DRME0	0	SRA	PE	4	Drosophila_melanogaster	Drosophila melanogaster	Fruit fly	Arthropod	4		Unknown				Species	Species		Diptera	Drosophila	melanogaster		PRJEB22205	ERR2617947		SAMEA4715952	ERX2634554	eye		Male					Species	GCF_000001215.4	Release_6_plus_ISO1_MT	Species	Species	Species				x	admela					Leader_Dow_2018_FlyAtlas2New	https://doi.org/10.1093/nar/gkx976	
Equus_caballus_1	EQCA1	1	SRA	PE	94	Equus_caballus	Equus caballus	Horse	Mammal	2		Unknown				Species	Species	Species	Perissodactyla	Equus	caballus		PRJEB26787	ERR258415 (ERR2584154+ERR2584155)		SAMEA104728763	ERX2600986	Combined				Eburgeri_3.2	GCA_900186335.2		Species	GCF_002863925.1	EquCab3.0	Species	Species	Species	Species	Species			mecaba					Heath_Finno_2025_ComprehensiveAlleleSpecific	https://doi.org/10.1186/s12864-025-11240-6	
Equus_caballus_0	EQCA0	0	SRA	PE	94	Equus_caballus	Equus caballus	Horse	Mammal	2		Unknown				Species	Species	Species	Perissodactyla	Equus	caballus		PRJEB26787	ERR258420 (ERR2584206+ERR2584207)		SAMEA104728805	ERX2600987	Combined				Eburgeri_3.2	GCA_900186335.2		Species	GCF_002863925.1	EquCab3.0	Species	Species	Species	Species	Species			mecaba					Heath_Finno_2025_ComprehensiveAlleleSpecific	https://doi.org/10.1186/s12864-025-11240-6	
Archocentrus_centrarchus_0	ARCE0	0	SRA	PE	36	Archocentrus_centrarchus	Archocentrus centrarchus	Flier cichlid	Fish	3		Unknown				Species	Species		Perciformes	Archocentrus	centrarchus		PRJEB32048	ERR3264108		SAMEA5552187	ERX3290752								Species	GCF_007364275.1	fArcCen1	No	Species	No					facent					Harer_Torres-Dowdall_2018_ConvergentPhenotypicEvolution	https://doi.org/10.1002/evl3.71	OpsinSequencesMappedtoReference
Archocentrus_centrarchus_2	ARCE2	2	SRA	PE	36	Archocentrus_centrarchus	Archocentrus centrarchus	Flier cichlid	Fish	3		Unknown				Species	Species		Perciformes	Archocentrus	centrarchus		PRJEB32048	ERR3264123		SAMEA5552202	ERX3290767								Species	GCF_007364275.1	fArcCen1	No	Species	No					facent					Harer_Torres-Dowdall_2018_ConvergentPhenotypicEvolution	https://doi.org/10.1002/evl3.71	OpsinSequencesMappedtoReference
Archocentrus_centrarchus_1	ARCE1	1	SRA	PE	36	Archocentrus_centrarchus	Archocentrus centrarchus	Flier cichlid	Fish	3		Unknown				Species	Species		Perciformes	Archocentrus	centrarchus		PRJEB32048	ERR3264147		SAMEA5552226	ERX3290791								Species	GCF_007364275.1	fArcCen1	No	Species	No					facent					Harer_Torres-Dowdall_2018_ConvergentPhenotypicEvolution	https://doi.org/10.1002/evl3.71	OpsinSequencesMappedtoReference
Alligator_mississippiensis_0	ALMI0	0	SRA	PE	46	Alligator_mississippiensis	Alligator mississippiensis	American alligator	Reptile	2		Both				Species	Species		Crocodilia	Alligator	mississippiensis		PRJNA159843	SRR3208140	Yes	SAMN04528913	SRX1616877								Species	GCF_000281125.3	ASM28112v4	No	Species	No				x	ramiss					StJohn_Ray_2012_SequencingThreeCrocodilian	https://doi.org/10.1186/gb-2012-13-1-415	Juvenile eye; no annotation
Columba_livia_3	COLI3	3	SRA	PE	52	Columba_livia	Columba livia	Rock dove	Bird	4		Diurnal				Species	Species	TOGA	Columbiformes	Columba	livia		PRJNA167554	SRR5878856		SAMN07417937	SRX3046080								Species	GCF_000337935.1	Cliv_1.0	No	Species	No	Species	Species			bclivi	Columba_livia	NCBI	https://ftp.ncbi.nlm.nih.gov/genomes/all/GCF/000/337/935/GCF_000337935.1_Cliv_1.0/GCF_000337935.1_Cliv_1.0_genomic.gtf.gz	https://ftp.ncbi.nlm.nih.gov/genomes/all/GCF/000/337/935/GCF_000337935.1_Cliv_1.0/GCF_000337935.1_Cliv_1.0_cds_from_genomic.fna.gz	Shapiro_Wang_2013_GenomicDiversityEvolution	https://doi.org/10.1126/science.1230422	
Corvus_corone_1	COCR1	1	SRA	PE	59	Corvus_corone	Corvus corone corone	Carrion crow	Bird	3		Diurnal				Genus	Genus	TOGA	Passeriformes	Corvus	corone		PRJNA192205	SRR2106782		SAMN03890330	SRX1100650					bCorMon1.pri	GCA_009650955.1	Corvus moneduloides	Genus	GCF_000691975.1	ASM69197v1	Genus	Genus	Genus	Genus	Genus	Corvus hawaiiensis		bccoro	Corvus_brachyrhynchos	NCBI	https://ftp.ncbi.nlm.nih.gov/genomes/all/GCF/000/691/975/GCF_000691975.1_ASM69197v1/GCF_000691975.1_ASM69197v1_genomic.gtf.gz	https://ftp.ncbi.nlm.nih.gov/genomes/all/GCF/000/691/975/GCF_000691975.1_ASM69197v1/GCF_000691975.1_ASM69197v1_cds_from_genomic.fna.gz	Poelstra_Wolf_2014_GenomicLandscapeUnderlying;Weissensteiner_Wolf_2017_CombinationShortreadLongread	10.1101/gr.215095.116;https://doi.org/10.1126/science.1253226	
Bos_taurus_0	BOTA0	0	Mine	PE	96	Bos_taurus	Bos taurus	Cow	Mammal	3		Unknown				Species	Species	Species	Artiodactyla	Bos	taurus	R42019-251						Commercial				ARS-UCD1.2	GCA_002263795.2		Species	GCF_002263795.2	ARS-UCD1.3	Species	Species	Species	Species	Species			mbtaur							
Bos_taurus_1	BOTA1	1	Mine	PE	96	Bos_taurus	Bos taurus	Cow	Mammal	3		Unknown				Species	Species	Species	Artiodactyla	Bos	taurus	R42019-252						Commercial				ARS-UCD1.2	GCA_002263795.2		Species	GCF_002263795.2	ARS-UCD1.3	Species	Species	Species	Species	Species			mbtaur							
Bos_taurus_2	BOTA2	2	Mine	PE	96	Bos_taurus	Bos taurus	Cow	Mammal	3		Unknown				Species	Species	Species	Artiodactyla	Bos	taurus	R42019-253						Commercial				ARS-UCD1.2	GCA_002263795.2		Species	GCF_002263795.2	ARS-UCD1.3	Species	Species	Species	Species	Species			mbtaur							
Branchiostoma_floridae_0	BRFL0	0	Mine	PE	9	Branchiostoma_floridae	Branchiostoma floridae	Florida lancelet (Amphioxus)	Amphioxus	3		Nocturnal				Species	Genus		Amphioxiformes	Branchiostoma	floridae	R42019-298						Commercial			https://www.sciencedirect.com/topics/agricultural-and-biological-sciences/branchiostoma-floridae				Species	GCF_001625305.1	Haploidv18h27	No	Genus	No				x	abflor							
Branchiostoma_floridae_1	BRFL1	1	Mine	PE	9	Branchiostoma_floridae	Branchiostoma floridae	Florida lancelet (Amphioxus)	Amphioxus	3		Nocturnal				Species	Genus		Amphioxiformes	Branchiostoma	floridae	R42019-299						Commercial			https://www.sciencedirect.com/topics/agricultural-and-biological-sciences/branchiostoma-floridae				Species	GCF_001625305.1	Haploidv18h27	No	Genus	No				x	abflor							
Branchiostoma_floridae_2	BRFL2	2	Mine	PE	9	Branchiostoma_floridae	Branchiostoma floridae	Florida lancelet (Amphioxus)	Amphioxus	3		Nocturnal				Species	Genus		Amphioxiformes	Branchiostoma	floridae	R42019-300						Commercial			https://www.sciencedirect.com/topics/agricultural-and-biological-sciences/branchiostoma-floridae				Species	GCF_001625305.1	Haploidv18h27	No	Genus	No				x	abflor							
Corvus_corone_0	COCR0	0	SRA	PE	59	Corvus_corone	Corvus corone corone	Carrion crow	Bird	3		Diurnal				Genus	Genus	TOGA	Passeriformes	Corvus	corone		PRJNA192205	SRR2107343		SAMN03890349	SRX1101125					bCorMon1.pri	GCA_009650955.1	Corvus moneduloides	Genus	GCF_000691975.1	ASM69197v1	Genus	Genus	Genus	Genus	Genus	Corvus hawaiiensis		bccoro	Corvus_brachyrhynchos	NCBI	https://ftp.ncbi.nlm.nih.gov/genomes/all/GCF/000/691/975/GCF_000691975.1_ASM69197v1/GCF_000691975.1_ASM69197v1_genomic.gtf.gz	https://ftp.ncbi.nlm.nih.gov/genomes/all/GCF/000/691/975/GCF_000691975.1_ASM69197v1/GCF_000691975.1_ASM69197v1_cds_from_genomic.fna.gz	Poelstra_Wolf_2014_GenomicLandscapeUnderlying;Weissensteiner_Wolf_2017_CombinationShortreadLongread	10.1101/gr.215095.116;https://doi.org/10.1126/science.1253226	
Bubo_virginianus_0	BUVI0	0	Mine	PE	81	Bubo_virginianus	Bubo virginianus	Great horned owl	Bird	1		Nocturnal				Genus	No		Strigiformes	Bubo	virginianus	R42019-286						Wild							Genus			No	No	No					bbvirg							
Corvus_cornix_1	COCX1	1	SRA	PE	60	Corvus_cornix	Corvus cornix cornix	Hooded crow	Bird	3		Diurnal				Species	Species	TOGA	Passeriformes	Corvus	cornix		PRJNA192205	SRR2107367		SAMN03890353	SRX1101160				may exhibit some nocturnal activity as well.	bCorMon1.pri	GCA_009650955.1	Corvus moneduloides	Species	GCF_000738735.5	ASM73873v5	Genus	Species	Genus	Species	Species			bccorn	Corvus_cornix_cornix	NCBI	https://ftp.ncbi.nlm.nih.gov/genomes/all/GCF/000/738/735/GCF_000738735.5_ASM73873v5/GCF_000738735.5_ASM73873v5_genomic.gtf.gz	https://ftp.ncbi.nlm.nih.gov/genomes/all/GCF/000/738/735/GCF_000738735.5_ASM73873v5/GCF_000738735.5_ASM73873v5_cds_from_genomic.fna.gz	Poelstra_Wolf_2014_GenomicLandscapeUnderlying;Weissensteiner_Wolf_2017_CombinationShortreadLongread	10.1101/gr.215095.116;https://doi.org/10.1126/science.1253226	
Buteo_jamaicensis_0	BUJA0	0	Mine	PE	69	Buteo_jamaicensis	Buteo jamaicensis	Red-tailed Hawk	Bird	1		Diurnal				Species	Genus	TOGA	Accipitriformes	Buteo	jamaicensis	R42019-285						Wild			"Although red-tailed hawks are not nocturnal, they typically take advantage of the twilight hours to spot their favorite prey. They can see black and white well enough to also hunt at dusk, when nocturnal wildlife, especially rodents, begin to awaken and move around. Hunting around dusk provides the hawk with a greater choice of prey."	ButJap1.0	GCA_010312235.1	Buteo japonicus	Species			Genus	No	Genus	Genus	Genus	Buteo japonicus		bbjama	Buteo_japonicus	ENSEMBL	https://ftp.ensembl.org/pub/release-110/gtf/buteo_japonicus/Buteo_japonicus.ButJap1.0.110.gtf.gz	https://ftp.ensembl.org/pub/release-110/fasta/buteo_japonicus/cds/Buteo_japonicus.ButJap1.0.cds.all.fa.gz			
Corvus_cornix_0	COCX0	0	SRA	PE	60	Corvus_cornix	Corvus cornix cornix	Hooded crow	Bird	3		Diurnal				Species	Species	TOGA	Passeriformes	Corvus	cornix		PRJNA192205	SRR1928171		SAMN02997751	SRX967626				may exhibit some nocturnal activity as well.	bCorMon1.pri	GCA_009650955.1	Corvus moneduloides	Species	GCF_000738735.5	ASM73873v5	Genus	Species	Genus	Species	Species			bccorn	Corvus_cornix_cornix	NCBI	https://ftp.ncbi.nlm.nih.gov/genomes/all/GCF/000/738/735/GCF_000738735.5_ASM73873v5/GCF_000738735.5_ASM73873v5_genomic.gtf.gz	https://ftp.ncbi.nlm.nih.gov/genomes/all/GCF/000/738/735/GCF_000738735.5_ASM73873v5/GCF_000738735.5_ASM73873v5_cds_from_genomic.fna.gz	Poelstra_Wolf_2014_GenomicLandscapeUnderlying;Weissensteiner_Wolf_2017_CombinationShortreadLongread	10.1101/gr.215095.116;https://doi.org/10.1126/science.1253226	
Corvus_cornix_2	COCX2	2	SRA	PE	60	Corvus_cornix	Corvus cornix cornix	Hooded crow	Bird	3		Diurnal				Species	Species	TOGA	Passeriformes	Corvus	cornix		PRJNA192205	SRR1947388		SAMN02997747	SRX973953				may exhibit some nocturnal activity as well.	bCorMon1.pri	GCA_009650955.1	Corvus moneduloides	Species	GCF_000738735.5	ASM73873v5	Genus	Species	Genus	Species	Species			bccorn	Corvus_cornix_cornix	NCBI	https://ftp.ncbi.nlm.nih.gov/genomes/all/GCF/000/738/735/GCF_000738735.5_ASM73873v5/GCF_000738735.5_ASM73873v5_genomic.gtf.gz	https://ftp.ncbi.nlm.nih.gov/genomes/all/GCF/000/738/735/GCF_000738735.5_ASM73873v5/GCF_000738735.5_ASM73873v5_cds_from_genomic.fna.gz	Poelstra_Wolf_2014_GenomicLandscapeUnderlying;Weissensteiner_Wolf_2017_CombinationShortreadLongread	10.1101/gr.215095.116;https://doi.org/10.1126/science.1253226	
Corvus_corone_2	COCR2	2	SRA	PE	59	Corvus_corone	Corvus corone corone	Carrion crow	Bird	3		Diurnal				Genus	Genus	TOGA	Passeriformes	Corvus	corone		PRJNA192205	SRR1947392		SAMN02997743	SRX973957					bCorMon1.pri	GCA_009650955.1	Corvus moneduloides	Genus	GCF_000691975.1	ASM69197v1	Genus	Genus	Genus	Genus	Genus	Corvus hawaiiensis		bccoro	Corvus_brachyrhynchos	NCBI	https://ftp.ncbi.nlm.nih.gov/genomes/all/GCF/000/691/975/GCF_000691975.1_ASM69197v1/GCF_000691975.1_ASM69197v1_genomic.gtf.gz	https://ftp.ncbi.nlm.nih.gov/genomes/all/GCF/000/691/975/GCF_000691975.1_ASM69197v1/GCF_000691975.1_ASM69197v1_cds_from_genomic.fna.gz	Poelstra_Wolf_2014_GenomicLandscapeUnderlying;Weissensteiner_Wolf_2017_CombinationShortreadLongread	10.1101/gr.215095.116;https://doi.org/10.1126/science.1253226	
Balaena_mysticetus_0	BAMY0	0	SRA	PE	97	Balaena_mysticetus	Balaena mysticetus	Bowhead whale	Mammal	1		Unknown				Species	Species	TOGA	Artiodactyla	Balaena	mysticetus		PRJNA194091	SRR1685417		SAMN03225712	SRX790350								No			No	No	No	Species	Species			mbmyst					Keane_DeMagalhaes_2015_InsightsEvolutionLongevity	https://doi.org/10.1016/j.celrep.2014.12.008	
Monodelphis_domestica_0	MODO0	0	SRA	PE	86	Monodelphis_domestica	Monodelphis domestica	Gray short-tailed opossum	Mammal	1		Unknown				Species	Species	TOGA	Didelphimorphia	Monodelphis	domestica		PRJNA200320	SRR915908		SAMN02169186	SRX312221					ASM229v1	GCA_000002295.1		Species	GCF_027887165.1	mMonDom1.pri	Species	Species	Species	Species	Species			mmdome					NoReferencePaper		
Lepisosteus_oculatus_0	LEOC0	0	SRA	PE	23	Lepisosteus_oculatus	Lepisosteus oculatus	Spotted gar	Fish	1		Nocturnal				Species	Species		Lepisosteiformes	Lepisosteus	oculatus		PRJNA247500	SRR1288 (SRR1288001+SRR1288144)		SAMN02781072	SRX543385	Combined			https://animaldiversity.org/accounts/Lepisosteus_oculatus/	LepOcu1	GCA_000242695.1		Species	GCF_000242695.1	LepOcu1	Species	Species	Species				x	flocul					NoReferencePaper		
Taphozous_melanopogon_0	TAME0	0	SRA	PE	87	Taphozous_melanopogon	Taphozous melanopogon	Black-bearded tomb bat	Mammal	1		Unknown				No	No		Chiroptera	Taphozous	melanopogon		PRJNA255191	SRR1515271		SAMN02911655	SRX652795								No			No	No	No					mtmela					NoReferencePaper		
Eonycteris_spelaea_0	EOSP0	0	SRA	PE	90	Eonycteris_spelaea	Eonycteris spelaea	Cave nectar bat	Mammal	1		Unknown				Species	No		Chiroptera	Eonycteris	spelaea		PRJNA255191	SRR1515272		SAMN02911651	SRX652846								Species			No	No	No					mespel					NoReferencePaper		
Canis_familiaris_4	CAFA4	4	NNRL	SE	92	Canis_familiaris	Canis familiaris	Dog	Mammal	5		Unknown				Species	Species	Species	Carnivora	Canis	familiaris	R32012-175						AS315				Dog10K_Boxer_Tasha	GCA_000002285.4		Species	GCF_000002285.5	Dog10K_Boxer_Tasha	Species	Species	Species	Species	Species	Canis lupus familiaris		mcfami							
Myotis_laniger_0	MYLA0	0	SRA	PE	88	Myotis_laniger	Myotis laniger	Chinese water myotis	Mammal	1		Unknown				Genus	Genus	TOGA	Chiroptera	Myotis	laniger		PRJNA255191	SRR1515273		SAMN02911652	SRX652876	Name confusion				Myoluc2.0	GCA_000147115.1	Myotis lucifugus	Genus	GCF_014108235.1	mMyoMyo1.p	Genus	Genus	Genus	Genus	Genus	Myotis lucifugus; Myotis brandtii; Myotis davidii; Myotis myotis; Myotis septentrionalis		mmlani					NoReferencePaper		
Cynopterus_sphinx_0	CYSP0	0	SRA	PE	91	Cynopterus_sphinx	Cynopterus sphinx	Greater short-nosed fruit bat	Mammal	1		Unknown				Species	No		Chiroptera	Cynopterus	sphinx		PRJNA255191	SRR1515274		SAMN02911653	SRX652877								Species			No	No	No					mcsphi					NoReferencePaper		
Hipposideros_armiger_0	HIAR0	0	SRA	PE	89	Hipposideros_armiger	Hipposideros armiger	Great roundleaf bat	Mammal	1		Unknown				Species	Species	Species	Chiroptera	Hipposideros	armiger		PRJNA255191	SRR1515275		SAMN02911654	SRX652879								Species	GCF_001890085.2	ASM189008v1	No	Species	No	Species	Species			mharmi					NoReferencePaper		
Mizuhopecten_yessoensis_2	MIYE2	2	SRA	PE	5	Mizuhopecten_yessoensis	Mizuhopecten yessoensis	Yesso scallop	Mollusc	3		Unknown				Species	Species		Pectinida	Mizuhopecten	yessoensis		PRJNA259405	SRR4415811		SAMN05915721	SRX2238793								Species	GCF_002113885.1	ASM211388v2	No	Species	No					mmyess					Wang_Bao_2017_ScallopGenomeProvides	https://doi.org/10.1038/s41559-017-0120	
Ciona_intestinalis_0	CIIN0	0	Mine	PE	10	Ciona_intestinalis	Ciona intestinalis	Vase tunicate	Tunicate	1		Unknown				Species	Species		Enterogona	Ciona	intestinalis	R42019-297						Lab				KH	GCA_000224145.1		Species	GCF_000224145.3	KH	Species	Species	Species				x	tcinte							
Mizuhopecten_yessoensis_1	MIYE1	1	SRA	PE	5	Mizuhopecten_yessoensis	Mizuhopecten yessoensis	Yesso scallop	Mollusc	3		Unknown				Species	Species		Pectinida	Mizuhopecten	yessoensis		PRJNA259405	SRR4415812		SAMN05915721	SRX2238794								Species	GCF_002113885.1	ASM211388v2	No	Species	No					mmyess					Wang_Bao_2017_ScallopGenomeProvides	https://doi.org/10.1038/s41559-017-0120	
Columba_livia_0	COLI0	0	Mine	PE	52	Columba_livia	Columba livia	Rock dove	Bird	4		Diurnal				Species	Species	TOGA	Columbiformes	Columba	livia	R42019-275						Wild							Species	GCF_000337935.1	Cliv_1.0	No	Species	No	Species	Species			bclivi	Columba_livia	NCBI	https://ftp.ncbi.nlm.nih.gov/genomes/all/GCF/000/337/935/GCF_000337935.1_Cliv_1.0/GCF_000337935.1_Cliv_1.0_genomic.gtf.gz	https://ftp.ncbi.nlm.nih.gov/genomes/all/GCF/000/337/935/GCF_000337935.1_Cliv_1.0/GCF_000337935.1_Cliv_1.0_cds_from_genomic.fna.gz			
Columba_livia_1	COLI1	1	Mine	PE	52	Columba_livia	Columba livia	Rock dove	Bird	4		Diurnal				Species	Species	TOGA	Columbiformes	Columba	livia	R42019-274						Wild							Species	GCF_000337935.1	Cliv_1.0	No	Species	No	Species	Species			bclivi	Columba_livia	NCBI	https://ftp.ncbi.nlm.nih.gov/genomes/all/GCF/000/337/935/GCF_000337935.1_Cliv_1.0/GCF_000337935.1_Cliv_1.0_genomic.gtf.gz	https://ftp.ncbi.nlm.nih.gov/genomes/all/GCF/000/337/935/GCF_000337935.1_Cliv_1.0/GCF_000337935.1_Cliv_1.0_cds_from_genomic.fna.gz			
Columba_livia_2	COLI2	2	Mine	PE	52	Columba_livia	Columba livia	Rock dove	Bird	4		Diurnal				Species	Species	TOGA	Columbiformes	Columba	livia	R42019-273						Wild							Species	GCF_000337935.1	Cliv_1.0	No	Species	No	Species	Species			bclivi	Columba_livia	NCBI	https://ftp.ncbi.nlm.nih.gov/genomes/all/GCF/000/337/935/GCF_000337935.1_Cliv_1.0/GCF_000337935.1_Cliv_1.0_genomic.gtf.gz	https://ftp.ncbi.nlm.nih.gov/genomes/all/GCF/000/337/935/GCF_000337935.1_Cliv_1.0/GCF_000337935.1_Cliv_1.0_cds_from_genomic.fna.gz			
Mizuhopecten_yessoensis_0	MIYE0	0	SRA	PE	5	Mizuhopecten_yessoensis	Mizuhopecten yessoensis	Yesso scallop	Mollusc	3		Unknown				Species	Species		Pectinida	Mizuhopecten	yessoensis		PRJNA259405	SRR4428736		SAMN05915721	SRX2250256								Species	GCF_002113885.1	ASM211388v2	No	Species	No					mmyess					Wang_Bao_2017_ScallopGenomeProvides	https://doi.org/10.1038/s41559-017-0120	
Aotus_nancymaae_0	AONA0	0	SRA	PE	104	Aotus_nancymaae	Aotus nancymaae	Nancy Ma's night monkey	Mammal	1		Nocturnal				Species	Species	Species	Primates	Aotus	nancymaae		PRJNA280454	SRR1981991		SAMN03464295	SRX1000889				"https://animaldiversity.org/accounts/Aotus_nancymaae/#:~:text=Because%20of%20the%20nocturnal%20nature,1999%2C%20Moynihan%2C%201976)."	Anan_2.0	GCA_000952055.2		Species	GCF_000952055.2	Anan_2.0	Species	Species	Species	Species	Species			mananc					NoReferencePaper		
Myospalax_baileyi_0	MYBA0	0	SRA	PE	98	Myospalax_baileyi	Myospalax baileyi	Zokor	Mammal	1		Unknown				No	No		Rodentia	Myospalax	baileyi		PRJNA282349	SRR3036368		SAMN03568806	SRX1009939	Species name confusion							No			No	No	No					mmbail					Shao_Zhang_2015_GeneticAdaptationsPlateau	https://doi.org/10.1038/srep17262	
Octopus_bimaculoides_0	OCBI0	0	SRA	PE	6	Octopus_bimaculoides	Octopus bimaculoides	California two-spot octopus	Mollusc	1		Nocturnal				Species	Species		Octopoda	Octopus	bimaculoides		PRJNA285380	SRR2047116		SAMN03744434	SRX1045414				"https://caseagrant.ucsd.edu/seafood-profiles/california-two-spot-octopus#:~:text=Highly%20developed%20eyes%20support%20its,%2C%20sea%20lions%2C%20and%20humans."				Species	GCF_001194135.2	ASM119413v2	No	Species	No				x	mobima					Albertin_Rokhsar_2015_OctopusGenomeEvolution	https://doi.org/10.1038/nature14668	
Eptatretus_cirrhatus_2	EPCI2	2	SRA	PE	11	Eptatretus_cirrhatus	Eptatretus cirrhatus	Broadgilled hagfish	Hagfish	5		Nocturnal				Genus	Genus		Myxiniformes	Eptatretus	cirrhatus		PRJNA292033	SRR2146912		SAMN03960112	SRX1134573	Both eyes			http://genomewiki.ucsc.edu/index.php/Opsin_evolution:_key_critters_(deuterostomes)	Eburgeri_3.2	GCA_900186335.2	Eptatretus burgeri	Genus			Genus	No	Genus				x	hecirr					Lamb_Hunt_2016_EvolutionVertebratePhototransduction	https://doi.org/10.1093/molbev/msw095	
Eptatretus_cirrhatus_0	EPCI0	0	SRA	PE	11	Eptatretus_cirrhatus	Eptatretus cirrhatus	Broadgilled hagfish	Hagfish	5		Nocturnal				Genus	Genus		Myxiniformes	Eptatretus	cirrhatus		PRJNA292033	SRR2146913		SAMN03960113	SRX1134574	Both eyes			http://genomewiki.ucsc.edu/index.php/Opsin_evolution:_key_critters_(deuterostomes)	Eburgeri_3.2	GCA_900186335.2	Eptatretus burgeri	Genus			Genus	No	Genus				x	hecirr					Lamb_Hunt_2016_EvolutionVertebratePhototransduction	https://doi.org/10.1093/molbev/msw095	
Eptatretus_cirrhatus_3	EPCI3	3	SRA	PE	11	Eptatretus_cirrhatus	Eptatretus cirrhatus	Broadgilled hagfish	Hagfish	5		Nocturnal				Genus	Genus		Myxiniformes	Eptatretus	cirrhatus		PRJNA292033	SRR2146914		SAMN03960114	SRX1134575	Both eyes			http://genomewiki.ucsc.edu/index.php/Opsin_evolution:_key_critters_(deuterostomes)	Eburgeri_3.2	GCA_900186335.2	Eptatretus burgeri	Genus			Genus	No	Genus				x	hecirr					Lamb_Hunt_2016_EvolutionVertebratePhototransduction	https://doi.org/10.1093/molbev/msw095	
Coturnix_japonica_0	COJA0	0	Mine	PE	51	Coturnix_japonica	Coturnix japonica	Japanese quail	Bird	3		Diurnal				Species	Species	TOGA	Galliformes	Coturnix	japonica	R42019-248						Lab			may exhibit some crepuscular (dawn and dusk) activity as well	Coturnix_japonica_2.0	GCA_001577835.1		Species	GCF_001577835.2	Coturnix_japonica_2.1	Species	Species	Species	Species	Species			bcjapo	Coturnix_japonica	NCBI	https://ftp.ncbi.nlm.nih.gov/genomes/all/GCF/001/577/835/GCF_001577835.2_Coturnix_japonica_2.1/GCF_001577835.2_Coturnix_japonica_2.1_genomic.gtf.gz	https://ftp.ncbi.nlm.nih.gov/genomes/all/GCF/001/577/835/GCF_001577835.2_Coturnix_japonica_2.1/GCF_001577835.2_Coturnix_japonica_2.1_cds_from_genomic.fna.gz			
Coturnix_japonica_1	COJA1	1	Mine	PE	51	Coturnix_japonica	Coturnix japonica	Japanese quail	Bird	3		Diurnal				Species	Species	TOGA	Galliformes	Coturnix	japonica	R42019-249						Lab			may exhibit some crepuscular (dawn and dusk) activity as well	Coturnix_japonica_2.0	GCA_001577835.1		Species	GCF_001577835.2	Coturnix_japonica_2.1	Species	Species	Species	Species	Species			bcjapo	Coturnix_japonica	NCBI	https://ftp.ncbi.nlm.nih.gov/genomes/all/GCF/001/577/835/GCF_001577835.2_Coturnix_japonica_2.1/GCF_001577835.2_Coturnix_japonica_2.1_genomic.gtf.gz	https://ftp.ncbi.nlm.nih.gov/genomes/all/GCF/001/577/835/GCF_001577835.2_Coturnix_japonica_2.1/GCF_001577835.2_Coturnix_japonica_2.1_cds_from_genomic.fna.gz			
Coturnix_japonica_2	COJA2	2	Mine	PE	51	Coturnix_japonica	Coturnix japonica	Japanese quail	Bird	3		Diurnal				Species	Species	TOGA	Galliformes	Coturnix	japonica	R42019-247						Lab			may exhibit some crepuscular (dawn and dusk) activity as well	Coturnix_japonica_2.0	GCA_001577835.1		Species	GCF_001577835.2	Coturnix_japonica_2.1	Species	Species	Species	Species	Species			bcjapo	Coturnix_japonica	NCBI	https://ftp.ncbi.nlm.nih.gov/genomes/all/GCF/001/577/835/GCF_001577835.2_Coturnix_japonica_2.1/GCF_001577835.2_Coturnix_japonica_2.1_genomic.gtf.gz	https://ftp.ncbi.nlm.nih.gov/genomes/all/GCF/001/577/835/GCF_001577835.2_Coturnix_japonica_2.1/GCF_001577835.2_Coturnix_japonica_2.1_cds_from_genomic.fna.gz			
Eptatretus_cirrhatus_4	EPCI4	4	SRA	PE	11	Eptatretus_cirrhatus	Eptatretus cirrhatus	Broadgilled hagfish	Hagfish	5		Nocturnal				Genus	Genus		Myxiniformes	Eptatretus	cirrhatus		PRJNA292033	SRR2146915		SAMN03960115	SRX1134576	Both eyes			http://genomewiki.ucsc.edu/index.php/Opsin_evolution:_key_critters_(deuterostomes)	Eburgeri_3.2	GCA_900186335.2	Eptatretus burgeri	Genus			Genus	No	Genus				x	hecirr					Lamb_Hunt_2016_EvolutionVertebratePhototransduction	https://doi.org/10.1093/molbev/msw095	
Eptatretus_cirrhatus_1	EPCI1	1	SRA	PE	11	Eptatretus_cirrhatus	Eptatretus cirrhatus	Broadgilled hagfish	Hagfish	5		Nocturnal				Genus	Genus		Myxiniformes	Eptatretus	cirrhatus		PRJNA292033	SRR2146916		SAMN03960116	SRX1134577	Both eyes			http://genomewiki.ucsc.edu/index.php/Opsin_evolution:_key_critters_(deuterostomes)	Eburgeri_3.2	GCA_900186335.2	Eptatretus burgeri	Genus			Genus	No	Genus				x	hecirr					Lamb_Hunt_2016_EvolutionVertebratePhototransduction	https://doi.org/10.1093/molbev/msw095	
Geotria_australis_0	GEAU0	0	SRA	PE	13	Geotria_australis	Geotria australis	Pouched lamprey	Lamprey	3		Unknown				No	No		Petromyzontiformes	Geotria	australis		PRJNA292033	SRR2146917		SAMN03960117	SRX1134578								No			No	No	No					lgaust					Lamb_Hunt_2016_EvolutionVertebratePhototransduction	https://doi.org/10.1093/molbev/msw095	
Danio_rerio_0	DARE0	0	NNRL	PE	26	Danio_rerio	Danio rerio	Zebrafish	Fish	3		Unknown				Species	Species		Cypriniformes	Danio	rerio	R42017-233							adult			GRCz11	GCA_000002035.4		Species	GCF_000002035.6	GRCz11	Species	Species	Species					fdreri							
Danio_rerio_1	DARE1	1	NNRL	PE	26	Danio_rerio	Danio rerio	Zebrafish	Fish	3		Unknown				Species	Species		Cypriniformes	Danio	rerio	R42017-234							adult			GRCz11	GCA_000002035.4		Species	GCF_000002035.6	GRCz11	Species	Species	Species					fdreri							
Danio_rerio_2	DARE2	2	NNRL	PE	26	Danio_rerio	Danio rerio	Zebrafish	Fish	3		Unknown				Species	Species		Cypriniformes	Danio	rerio	R42017-235							adult			GRCz11	GCA_000002035.4		Species	GCF_000002035.6	GRCz11	Species	Species	Species					fdreri							
Geotria_australis_1	GEAU1	1	SRA	PE	13	Geotria_australis	Geotria australis	Pouched lamprey	Lamprey	3		Unknown				No	No		Petromyzontiformes	Geotria	australis		PRJNA292033	SRR2146918		SAMN03960118	SRX1134582								No			No	No	No					lgaust					Lamb_Hunt_2016_EvolutionVertebratePhototransduction	https://doi.org/10.1093/molbev/msw095	
Geotria_australis_2	GEAU2	2	SRA	PE	13	Geotria_australis	Geotria australis	Pouched lamprey	Lamprey	3		Unknown				No	No		Petromyzontiformes	Geotria	australis		PRJNA292033	SRR2146919		SAMN03960119	SRX1134583								No			No	No	No					lgaust					Lamb_Hunt_2016_EvolutionVertebratePhototransduction	https://doi.org/10.1093/molbev/msw095	
Mordacia_mordax_0	MOMO0	0	SRA	PE	12	Mordacia_mordax	Mordacia mordax	Short-headed lamprey	Lamprey	1		Unknown				No	No		Petromyzontiformes	Mordacia	mordax		PRJNA292033	SRR2146922		SAMN03960120	SRX1134586	"Both eyes, 4 individuals"							No			No	No	No					lmmord					Lamb_Hunt_2016_EvolutionVertebratePhototransduction	https://doi.org/10.1093/molbev/msw095	
Chiloscyllium_punctatum_2	CHPU2	2	SRA	PE	21	Chiloscyllium_punctatum	Chiloscyllium punctatum	Brownbanded bamboo shark	Cartilaginous fish	3		Nocturnal				Species	Species		Orectolobiformes	Chiloscyllium	punctatum		PRJNA292033	SRR2146928		SAMN03960121	SRX1134589		Juvenile		"https://www.thainationalparks.com/species/chiloscyllium-punctatum#:~:text=These%20sharks%20are%20nocturnal%20animals,for%20up%20to%2012%20hrs."				Species	GCA_003427335.1	Cpunctatum_v1.0	No	Species	No				x	ccpunc					Lamb_Hunt_2016_EvolutionVertebratePhototransduction	https://doi.org/10.1093/molbev/msw095	
Carcharhinus_amblyrhynchos_0	CAAM0	0	SRA	PE	19	Carcharhinus_amblyrhynchos	Carcharhinus amblyrhynchos	Grey reef shark	Cartilaginous fish	1		Unknown				No	No		Carcharhiniformes	Carcharhinus	amblyrhynchos		PRJNA292033	SRR2146929		SAMN03960122 	SRX1134590								No			No	No	No					ccambl					Lamb_Hunt_2016_EvolutionVertebratePhototransduction	https://doi.org/10.1093/molbev/msw095	
Neotrygon_kuhlii_0	NEKU0	0	SRA	PE	17	Neotrygon_kuhlii	Neotrygon kuhlii	Blue-spotted stingray	Cartilaginous fish	1		Unknown				No	No		Myliobatiformes	Neotrygon	kuhlii		PRJNA292033	SRR2146930		SAMN03960123	SRX1134591								No			No	No	No					cnkuhl					Lamb_Hunt_2016_EvolutionVertebratePhototransduction	https://doi.org/10.1093/molbev/msw095	
Amia_calva_0	AMCA0	0	SRA	PE	22	Amia_calva	Amia calva	Bowfin	Fish	1		Nocturnal				Species	Species		Amiiformes	Amia	calva		PRJNA292033	SRR2146931	Yes	SAMN03960124	SRX1134592				https://www.softschools.com/facts/animals/bowfin_facts/1117/				Species	GCA_016984155.1	BGI_Acal_1.1	No	Species	No				x	facalv					Lamb_Hunt_2016_EvolutionVertebratePhototransduction	https://doi.org/10.1093/molbev/msw095	
Lepisosteus_platyrhincus_0	LEPL0	0	SRA	PE	24	Lepisosteus_platyrhincus	Lepisosteus platyrhincus	Florida gar	Fish	1		Diurnal				Genus	Genus		Lepisosteiformes	Lepisosteus	platyrhincus		PRJNA292033	SRR2146933		SAMN03960125	SRX1134593				"https://eol.org/pages/848957#:~:text=Lepisosteus%20platyrhincus%20De%20Kay%201842&text=They%20are%20native%20to%20The,They%20have%20sexual%20reproduction."	LepOcu1	GCA_000242695.1	Lepisosteus oculatus	Genus	GCF_000242695.1	LepOcu1	Genus	Genus	Genus				x	flplat					Lamb_Hunt_2016_EvolutionVertebratePhototransduction	https://doi.org/10.1093/molbev/msw095	
Nephrops_norvegicus_1	NENO1	1	SRA	PE	3	Nephrops_norvegicus	Nephrops norvegicus	Norway lobster	Arthropod	2		Unknown				No	No		Decapoda	Nephrops	norvegicus		PRJNA293452	SRR2388552		SAMN04003013	SRX1238927	Sample: Darkness							No			No	No	No					annorv					Sbragaglia_Aguzzi_2015_IdentificationCharacterizationDiel	https://doi.org/10.1371/journal.pone.0141893	
Nephrops_norvegicus_0	NENO0	0	SRA	PE	3	Nephrops_norvegicus	Nephrops norvegicus	Norway lobster	Arthropod	2		Unknown				No	No		Decapoda	Nephrops	norvegicus		PRJNA293452	SRR2388448		SAMN04003013	SRX1257754	Sample: Light							No			No	No	No					annorv					Sbragaglia_Aguzzi_2015_IdentificationCharacterizationDiel	https://doi.org/10.1371/journal.pone.0141893	
Xenopus_laevis_0	XELA0	0	SRA	SE	40	Xenopus_laevis	Xenopus laevis	African clawed frog	Amphibian	3		Unknown				Species	Species		Anura	Xenopus	laevis		PRJNA311315	SRR3157346		SAMN04481654	SRX1568298	Total retina				UCB_Xtro_10.0	GCA_000004195.4		Species	GCF_017654675.1	Xenopus_laevis_v10.1	Genus	Species	Genus					axlaev					Whitworth_Watson_2017_TranslationalProfilingRetinal	https://doi.org/10.1016/j.ydbio.2016.06.003	
Xenopus_laevis_2	XELA2	2	SRA	SE	40	Xenopus_laevis	Xenopus laevis	African clawed frog	Amphibian	3		Unknown				Species	Species		Anura	Xenopus	laevis		PRJNA311315	SRR3157347		SAMN04481655	SRX1568299	Na√Øve (non-surgical)				UCB_Xtro_10.0	GCA_000004195.4		Species	GCF_017654675.1	Xenopus_laevis_v10.1	Genus	Species	Genus					axlaev					Whitworth_Watson_2017_TranslationalProfilingRetinal	https://doi.org/10.1016/j.ydbio.2016.06.003	
Xenopus_laevis_1	XELA1	1	SRA	SE	40	Xenopus_laevis	Xenopus laevis	African clawed frog	Amphibian	3		Unknown				Species	Species		Anura	Xenopus	laevis		PRJNA311315	SRR3157356		SAMN04481664	SRX1568308	Day 11 control left eye				UCB_Xtro_10.0	GCA_000004195.4		Species	GCF_017654675.1	Xenopus_laevis_v10.1	Genus	Species	Genus					axlaev					Whitworth_Watson_2017_TranslationalProfilingRetinal	https://doi.org/10.1016/j.ydbio.2016.06.003	
Alatina_alata_0	ALAL0	0	SRA	PE	1	Alatina_alata	Alatina alata	Sea wasp	Jellyfish	1		Unknown				Species	No		Carybdeida	Alatina	alata		PRJNA312373	SRR3278480		SAMN04569896	SRX1652825	rhopalium							Species			No	No	No					jaalat					LewisAmes_Collins_2016_NewTranscriptomeTranscriptome	https://bmcgenomics.biomedcentral.com/articles/10.1186/s12864-016-2944-3	Denovo assembly
Felis_catus_0	FECA0	0	SRA	PE	93	Felis_catus	Felis catus	Cat	Mammal	2		Unknown				Species	Species	Species	Carnivora	Felis	catus		PRJNA312519	SRR3200457		SAMN04498538	SRX1610310					Felis_catus_9.0	GCA_000181335.4		Species	GCF_018350175.1	F.catus_Fca126_mat1.0	Species	Species	Species	Species	Species			mfcatu					Visser_Merritt_2019_IdentificationQuantificationDomestic	https://doi.org/10.1111/jvp.12708	
Felis_catus_1	FECA1	1	SRA	PE	93	Felis_catus	Felis catus	Cat	Mammal	2		Unknown				Species	Species	Species	Carnivora	Felis	catus		PRJNA312519	SRR3200465		SAMN04498540	SRX1610318					Felis_catus_9.0	GCA_000181335.4		Species	GCF_018350175.1	F.catus_Fca126_mat1.0	Species	Species	Species	Species	Species			mfcatu					Visser_Merritt_2019_IdentificationQuantificationDomestic	https://doi.org/10.1111/jvp.12708	
Circus_melanoleucos_0	CIME0	0	SRA	PE	67	Circus_melanoleucos	Circus melanoleucos	Pied harrier	Bird	1		Nocturnal				Genus	No		Accipitriformes	Circus	melanoleucos		PRJNA314290	SRR3203217		SAMN04531182	SRX1612720	retina and cochlea							Genus			No	No	No					bcmela					NoReferencePaper		
Asio_otus_0	ASOT0	0	SRA	PE	80	Asio_otus	Asio otus	Long-eared owl	Bird	2		Nocturnal				No	No		Strigiformes	Asio	otus		PRJNA314290	SRR3203220		SAMN04531183	SRX1612722	retina and cochlea			"https://www.woodlandtrust.org.uk/trees-woods-and-wildlife/animals/birds/long-eared-owl/#:~:text=The%20best%20time%20to%20spot,see%20them%20on%20the%20wing."				No			No	No	No					baotus					NoReferencePaper		
Tyto_longimembris_0	TYLO0	0	SRA	PE	73	Tyto_longimembris	Tyto longimembris	Eastern grass owl	Bird	1		Nocturnal				Genus	Genus		Strigiformes	Tyto	longimembris		PRJNA314290	SRR3203222		SAMN04531185	SRX1612725	retina and cochlea							Genus	GCF_018691265.1	T.alba_DEE_v4.0	No	Genus	No					btlong	Tyto_alba	NCBI	https://ftp.ncbi.nlm.nih.gov/genomes/all/GCF/018/691/265/GCF_018691265.1_T.alba_DEE_v4.0/GCF_018691265.1_T.alba_DEE_v4.0_genomic.gtf.gz	https://ftp.ncbi.nlm.nih.gov/genomes/all/GCF/018/691/265/GCF_018691265.1_T.alba_DEE_v4.0/GCF_018691265.1_T.alba_DEE_v4.0_cds_from_genomic.fna.gz	NoReferencePaper		
Upupa_epops_0	UPEP0	0	SRA	PE	71	Upupa_epops	Upupa epops	Eurasian hoopoe	Bird	1		Diurnal				Species	Species	TOGA	Bucerotiformes	Upupa	epops		PRJNA314290	SRR3203224		SAMN04531186	SRX1612727	retina and cochlea							Species	GCA_013397515.1	ASM1339751v1	No	Species	No	Species	Species			buepop					NoReferencePaper		
Bubo_bubo_0	BUBU0	0	SRA	PE	82	Bubo_bubo	Bubo bubo	Eurasian eagle-owl	Bird	1		Nocturnal				Species	Species		Strigiformes	Bubo	bubo		PRJNA314290	SRR3203225		SAMN04531374	SRX1612728	retina and cochlea				BubBub1.0	GCA_010303855.1		Species			Species	No	Species					bbbubo	Bubo_bubo	ENSEMBL	https://ftp.ensembl.org/pub/release-110/gtf/bubo_bubo/Bubo_bubo.BubBub1.0.110.gtf.gz	https://ftp.ensembl.org/pub/release-110/fasta/bubo_bubo/cds/Bubo_bubo.BubBub1.0.cds.all.fa.gz	NoReferencePaper		
Elanus_caeruleus_0	ELCA0	0	SRA	PE	65	Elanus_caeruleus	Elanus caeruleus	Black-winged kite	Bird	1		Diurnal				Genus	No		Accipitriformes	Elanus	caeruleus		PRJNA314290	SRR3203227		SAMN04531378	SRX1612730	retina and cochlea			may exhibit some crepuscular (dawn and dusk) activity as well				Genus			No	No	No					becaer					NoReferencePaper		
Otus_scops_0	OTSC0	0	SRA	PE	77	Otus_scops	Otus scops	Eurasian scops owl	Bird	1		Nocturnal				Genus	Genus	TOGA	Strigiformes	Otus	scops		PRJNA314290	SRR3203230		SAMN04531379	SRX1612733	retina and cochlea				OtuSun1.0	GCA_010365825.1	Otus sunia	Genus			Genus	No	Genus	Genus	Genus	Otus sunia		boscop	Otus_sunia	ENSEMBL	https://ftp.ensembl.org/pub/release-110/gtf/otus_sunia/Otus_sunia.OtuSun1.0.110.gtf.gz	https://ftp.ensembl.org/pub/release-110/fasta/otus_sunia/cds/Otus_sunia.OtuSun1.0.cds.all.fa.gz	NoReferencePaper		
Falco_tinnunculus_0	FATI0	0	SRA	PE	56	Falco_tinnunculus	Falco tinnunculus	Common kestrel	Bird	1		Diurnal				Species	Species	TOGA	Falconiformes	Falco	tinnunculus		PRJNA314290	SRR3203231		SAMN04531380	SRX1612734	retina and cochlea				FalTin1.0	GCA_010332995.1		Species	GCF_015220075.1	bFalRus1.pri	Species	Genus	Species	Species	Species			bftinn	Falco_tinnunculus	ENSEMBL	https://ftp.ensembl.org/pub/release-110/gtf/falco_tinnunculus/Falco_tinnunculus.FalTin1.0.110.gtf.gz	https://ftp.ensembl.org/pub/release-110/fasta/falco_tinnunculus/cds/Falco_tinnunculus.FalTin1.0.cds.all.fa.gz	NoReferencePaper		
Butastur_indicus_0	BUIN0	0	SRA	PE	66	Butastur_indicus	Butastur indicus	Grey-faced buzzard	Bird	1		Diurnal				Species	No		Accipitriformes	Butastur	indicus		PRJNA314290	SRR3203233		SAMN04531381	SRX1612736	retina and cochlea			may exhibit some nocturnal activity as well.				Species			No	No	No					bbindi					NoReferencePaper		
Gallus_gallus_0	GAGA0	0	NNRL	SE	50	Gallus_gallus	Gallus gallus	Chicken	Bird	3		Diurnal				Species	Species		Galliformes	Gallus	gallus	R22011-042						wt-1day			may exhibit some crepuscular (dawn and dusk) activity as well	bGalGal1.mat.broiler.GRCg7b	GCA_016699485.1		Species	GCF_016699485.2	bGalGal1.mat.broiler.GRCg7b	Species	Species	Species				x	bggall	Gallus_gallus	NCBI	https://ftp.ncbi.nlm.nih.gov/genomes/all/GCF/016/699/485/GCF_016699485.2_bGalGal1.mat.broiler.GRCg7b/GCF_016699485.2_bGalGal1.mat.broiler.GRCg7b_genomic.gtf.gz	https://ftp.ncbi.nlm.nih.gov/genomes/all/GCF/016/699/485/GCF_016699485.2_bGalGal1.mat.broiler.GRCg7b/GCF_016699485.2_bGalGal1.mat.broiler.GRCg7b_cds_from_genomic.fna.gz			
Gallus_gallus_1	GAGA1	1	NNRL	SE	50	Gallus_gallus	Gallus gallus	Chicken	Bird	3		Diurnal				Species	Species		Galliformes	Gallus	gallus	R22011-043						wt-5day			may exhibit some crepuscular (dawn and dusk) activity as well	bGalGal1.mat.broiler.GRCg7b	GCA_016699485.1		Species	GCF_016699485.2	bGalGal1.mat.broiler.GRCg7b	Species	Species	Species				x	bggall	Gallus_gallus	NCBI	https://ftp.ncbi.nlm.nih.gov/genomes/all/GCF/016/699/485/GCF_016699485.2_bGalGal1.mat.broiler.GRCg7b/GCF_016699485.2_bGalGal1.mat.broiler.GRCg7b_genomic.gtf.gz	https://ftp.ncbi.nlm.nih.gov/genomes/all/GCF/016/699/485/GCF_016699485.2_bGalGal1.mat.broiler.GRCg7b/GCF_016699485.2_bGalGal1.mat.broiler.GRCg7b_cds_from_genomic.fna.gz			
Gallus_gallus_2	GAGA2	2	NNRL	SE	50	Gallus_gallus	Gallus gallus	Chicken	Bird	3		Diurnal				Species	Species		Galliformes	Gallus	gallus	R22011-044						wt-10day			may exhibit some crepuscular (dawn and dusk) activity as well	bGalGal1.mat.broiler.GRCg7b	GCA_016699485.1		Species	GCF_016699485.2	bGalGal1.mat.broiler.GRCg7b	Species	Species	Species				x	bggall	Gallus_gallus	NCBI	https://ftp.ncbi.nlm.nih.gov/genomes/all/GCF/016/699/485/GCF_016699485.2_bGalGal1.mat.broiler.GRCg7b/GCF_016699485.2_bGalGal1.mat.broiler.GRCg7b_genomic.gtf.gz	https://ftp.ncbi.nlm.nih.gov/genomes/all/GCF/016/699/485/GCF_016699485.2_bGalGal1.mat.broiler.GRCg7b/GCF_016699485.2_bGalGal1.mat.broiler.GRCg7b_cds_from_genomic.fna.gz			
Accipiter_virgatus_0	ACVI0	0	SRA	PE	68	Accipiter_virgatus	Accipiter virgatus	Besra	Bird	1		Diurnal				Species	Genus		Accipitriformes	Accipiter	virgatus		PRJNA314290	SRR3203234		SAMN04531382	SRX1612738	retina and cochlea			https://www.nature.com/articles/s41598-019-38680-x	Accipiter_nisus_ver1.0	GCA_004320145.1	Accipiter nisus	Species	GCF_929443795.1	bAccGen1.1	Genus	Genus	Genus					bavirg	Accipiter_nisus	ENSEMBL	https://ftp.ensembl.org/pub/release-110/gtf/accipiter_nisus/Accipiter_nisus.Accipiter_nisus_ver1.0.110.gtf.gz	https://ftp.ensembl.org/pub/release-110/fasta/accipiter_nisus/cds/Accipiter_nisus.Accipiter_nisus_ver1.0.cds.all.fa.gz	NoReferencePaper		
Aegypius_monachus_0	AEMO0	0	SRA	PE	64	Aegypius_monachus	Aegypius monachus	Cinereous vulture	Bird	1		Nocturnal				Species	No		Accipitriformes	Aegypius	monachus		PRJNA314290	SRR3203236		SAMN04531383	SRX1612739	retina and cochlea							Species			No	No	No					bamona					NoReferencePaper		
Falco_subbuteo_0	FASU0	0	SRA	PE	57	Falco_subbuteo	Falco subbuteo	Eurasian hobby	Bird	1		Diurnal				Genus	Genus		Falconiformes	Falco	subbuteo		PRJNA314290	SRR3203238		SAMN04531384	SRX1612742	retina and cochlea			may exhibit some crepuscular (dawn and dusk) activity as well	FalTin1.0	GCA_010332995.1		Genus	GCF_023638135.1	bFalBia1.pri	No	Genus	No					bfsubb	Falco_rusticolus	NCBI	https://ftp.ncbi.nlm.nih.gov/genomes/all/GCF/015/220/075/GCF_015220075.1_bFalRus1.pri/GCF_015220075.1_bFalRus1.pri_genomic.gtf.gz	https://ftp.ncbi.nlm.nih.gov/genomes/all/GCF/015/220/075/GCF_015220075.1_bFalRus1.pri/GCF_015220075.1_bFalRus1.pri_cds_from_genomic.fna.gz	NoReferencePaper		
Picus_canus_0	PICA0	0	SRA	PE	72	Picus_canus	Picus canus	Grey-headed woodpecker	Bird	1		Diurnal				No	No		Piciformes	Picus	canus		PRJNA314290	SRR3203240		SAMN04531385	SRX1612743	retina and cochlea			may exhibit some crepuscular (dawn and dusk) activity as well				No			No	No	No					bpcanu					NoReferencePaper		
Ginglymostoma_cirratum_0	GICI0	0	NNRL	PE	20	Ginglymostoma_cirratum	Ginglymostoma cirratum	Nurse shark	Cartilaginous fish	2		Unknown				Species	No		Orectolobiformes	Ginglymostoma	cirratum	R42015-560						Shark-ret1 (subset trimmed reads from 349025481)							Species			No	No	No					cgcirr							
Ginglymostoma_cirratum_1	GICI1	1	NNRL	PE	20	Ginglymostoma_cirratum	Ginglymostoma cirratum	Nurse shark	Cartilaginous fish	2		Unknown				Species	No		Orectolobiformes	Ginglymostoma	cirratum	R42015-561						Shark-ret2-1							Species			No	No	No					cgcirr							
Gymnothorax_saxicola_0	GYSA0	0	Mine	PE	25	Gymnothorax_saxicola	Gymnothorax saxicola	Ocellated moray eel	Fish	3		Unknown				Genus	Genus		Anguilliformes	Gymnothorax	saxicola	R42019-261						Commercial; maybe wild?							Genus	GCA_029692085.1	GJAV_1.0	No	Genus	No					fgsaxi							
Gymnothorax_saxicola_1	GYSA1	1	Mine	PE	25	Gymnothorax_saxicola	Gymnothorax saxicola	Ocellated moray eel	Fish	3		Unknown				Genus	Genus		Anguilliformes	Gymnothorax	saxicola	R42019-262						Commercial; maybe wild?							Genus	GCA_029692085.1	GJAV_1.0	No	Genus	No					fgsaxi							
Gymnothorax_saxicola_2	GYSA2	2	Mine	PE	25	Gymnothorax_saxicola	Gymnothorax saxicola	Ocellated moray eel	Fish	3		Unknown				Genus	Genus		Anguilliformes	Gymnothorax	saxicola	R42019-260						Commercial; maybe wild?							Genus	GCA_029692085.1	GJAV_1.0	No	Genus	No					fgsaxi							
Athene_noctua_0	ATNO0	0	SRA	PE	76	Athene_noctua	Athene noctua	Little owl	Bird	1		Nocturnal				Genus	Genus		Strigiformes	Athene	noctua		PRJNA314290	SRR3203242		SAMN04531386	SRX1612744	retina and cochlea			"https://en.wikipedia.org/wiki/Little_owl#:~:text=Athene%20noctua,-(Scopoli%2C%201769)&text=It%20is%20a%20small%2C%20cryptically,other%20invertebrates%20and%20small%20vertebrates."	athCun1	GCA_003259725.1	Athene cunicularia	Genus	GCF_003259725.1	athCun1	Genus	Genus	Genus					banoct	Athene_cunicularia	NCBI	https://ftp.ncbi.nlm.nih.gov/genomes/all/GCF/003/259/725/GCF_003259725.1_athCun1/GCF_003259725.1_athCun1_genomic.gtf.gz	https://ftp.ncbi.nlm.nih.gov/genomes/all/GCF/003/259/725/GCF_003259725.1_athCun1/GCF_003259725.1_athCun1_cds_from_genomic.fna.gz	NoReferencePaper		
Otus_bakkamoena_0	OTBA0	0	SRA	PE	78	Otus_bakkamoena	Otus bakkamoena	Indian scops owl	Bird	1		Nocturnal				Genus	Genus		Strigiformes	Otus	bakkamoena		PRJNA314290	SRR3203243		SAMN04531388	SRX1612745	retina and cochlea				OtuSun1.0	GCA_010365825.1	Otus sunia	Genus			Genus	No	Genus					bobakk	Otus_sunia	ENSEMBL	https://ftp.ensembl.org/pub/release-110/gtf/otus_sunia/Otus_sunia.OtuSun1.0.110.gtf.gz	https://ftp.ensembl.org/pub/release-110/fasta/otus_sunia/cds/Otus_sunia.OtuSun1.0.cds.all.fa.gz	NoReferencePaper		
Homo_sapiens_0	HOSA0	0	NNRL	PE	108	Homo_sapiens	Homo sapiens	Human	Mammal	6		Diurnal				Species	Species	Species	Primates	Homo	sapiens	R42017-002						68044Norm-87HM-Ret				GRCh38.p13	GCA_000001405.28		Species	GCF_000001405.40	GRCh38.p14	Species	Species	Species	Species	Species		x	mhsapi							
Homo_sapiens_1	HOSA1	1	NNRL	PE	108	Homo_sapiens	Homo sapiens	Human	Mammal	6		Diurnal				Species	Species	Species	Primates	Homo	sapiens	R42017-004						68427Norm-92CF-Ret				GRCh38.p13	GCA_000001405.28		Species	GCF_000001405.40	GRCh38.p14	Species	Species	Species	Species	Species		x	mhsapi							
Homo_sapiens_2	HOSA2	2	NNRL	PE	108	Homo_sapiens	Homo sapiens	Human	Mammal	6		Diurnal				Species	Species	Species	Primates	Homo	sapiens	R42017-007						68044Norm-87HM-FovMac				GRCh38.p13	GCA_000001405.28		Species	GCF_000001405.40	GRCh38.p14	Species	Species	Species	Species	Species		x	mhsapi							
Homo_sapiens_3	HOSA3	3	NNRL	PE	108	Homo_sapiens	Homo sapiens	Human	Mammal	6		Diurnal				Species	Species	Species	Primates	Homo	sapiens	R42017-010						68427Norm-92CF-FovMac				GRCh38.p13	GCA_000001405.28		Species	GCF_000001405.40	GRCh38.p14	Species	Species	Species	Species	Species		x	mhsapi							
Homo_sapiens_4	HOSA4	4	NNRL	PE	108	Homo_sapiens	Homo sapiens	Human	Mammal	6		Diurnal				Species	Species	Species	Primates	Homo	sapiens	R42017-011						01-6-8433_CM				GRCh38.p13	GCA_000001405.28		Species	GCF_000001405.40	GRCh38.p14	Species	Species	Species	Species	Species		x	mhsapi							
Homo_sapiens_5	HOSA5	5	NNRL	PE	108	Homo_sapiens	Homo sapiens	Human	Mammal	6		Diurnal				Species	Species	Species	Primates	Homo	sapiens	R42017-012						02S-125_CF				GRCh38.p13	GCA_000001405.28		Species	GCF_000001405.40	GRCh38.p14	Species	Species	Species	Species	Species		x	mhsapi							
Canis_familiaris_3	CAFA3	3	SRA	PE	92	Canis_familiaris	Canis familiaris	Dog	Mammal	5		Unknown				Species	Species	Species	Carnivora	Canis	familiaris		PRJNA327075	SRR3727711		SAMN05300665	SRX1884097					Dog10K_Boxer_Tasha	GCA_000002285.4		Species	GCF_000002285.5	Dog10K_Boxer_Tasha	Species	Species	Species	Species	Species	Canis lupus familiaris		mcfami					NoReferencePaper		
Ictidomys_tridecemlineatus_1	ICTR1	1	SRA	PE	99	Ictidomys_tridecemlineatus	Ictidomys tridecemlineatus	13-lined Ground Squirrel	Mammal	3		Unknown				Species	Species	Species	Rodentia	Ictidomys	tridecemlineatus		PRJNA335655	SRR3957257		SAMN05449770	SRX1981366					SpeTri2.0	GCA_000236235.1		Species	GCF_016881025.1	HiC_Itri_2	Species	Species	Species	Species	Species			mitrid					Mustafi_Palczewski_2016_TranscriptomeAnalysisReveals	https://doi.org/10.1093/hmg/ddw268	
Ictidomys_tridecemlineatus_0	ICTR0	0	SRA	PE	99	Ictidomys_tridecemlineatus	Ictidomys tridecemlineatus	13-lined Ground Squirrel	Mammal	3		Unknown				Species	Species	Species	Rodentia	Ictidomys	tridecemlineatus		PRJNA335655	SRR3957258		SAMN05449769	SRX1981367					SpeTri2.0	GCA_000236235.1		Species	GCF_016881025.1	HiC_Itri_2	Species	Species	Species	Species	Species			mitrid					Mustafi_Palczewski_2016_TranscriptomeAnalysisReveals	https://doi.org/10.1093/hmg/ddw268	
Ictidomys_tridecemlineatus_2	ICTR2	2	SRA	PE	99	Ictidomys_tridecemlineatus	Ictidomys tridecemlineatus	13-lined Ground Squirrel	Mammal	3		Unknown				Species	Species	Species	Rodentia	Ictidomys	tridecemlineatus		PRJNA335655	SRR3957259		SAMN05449768	SRX1981368					SpeTri2.0	GCA_000236235.1		Species	GCF_016881025.1	HiC_Itri_2	Species	Species	Species	Species	Species			mitrid					Mustafi_Palczewski_2016_TranscriptomeAnalysisReveals	https://doi.org/10.1093/hmg/ddw268	
Macaca_fascicularis_3	MAFA3	3	SRA	PE	107	Macaca_fascicularis	Macaca fascicularis	Crab-eating macaque	Mammal	4		Unknown				Species	Species	Species	Primates	Macaca	fascicularis		PRJNA335657	SRR3957242		SAMN05449785	SRX1981351					Macaca_fascicularis_6.0	GCA_011100615.1		Species	GCF_012559485.2	MFA1912RKSv2	Species	Species	Species	Species	Species			mmfasc					Mustafi_Palczewski_2016_TranscriptomeAnalysisReveals	https://doi.org/10.1093/hmg/ddw268	
Lepomis_macrochirus_0	LEMA0	0	Mine	PE	35	Lepomis_macrochirus	Lepomis macrochirus	Bluegill	Fish	2		Unknown				Species	No		Perciformes	Lepomis	macrochirus	R42019-292						Commercial							Species			No	No	No					flmacr						https://doi.org/10.1093/hmg/ddw268	
Lepomis_macrochirus_1	LEMA1	1	Mine	PE	35	Lepomis_macrochirus	Lepomis macrochirus	Bluegill	Fish	2		Unknown				Species	No		Perciformes	Lepomis	macrochirus	R42019-293						Commercial							Species			No	No	No					flmacr						https://doi.org/10.1093/hmg/ddw268	
Macaca_fascicularis_2	MAFA2	2	SRA	PE	107	Macaca_fascicularis	Macaca fascicularis	Crab-eating macaque	Mammal	4		Unknown				Species	Species	Species	Primates	Macaca	fascicularis		PRJNA335657	SRR3957243		SAMN05449784	SRX1981352					Macaca_fascicularis_6.0	GCA_011100615.1		Species	GCF_012559485.2	MFA1912RKSv2	Species	Species	Species	Species	Species			mmfasc					Mustafi_Palczewski_2016_TranscriptomeAnalysisReveals	https://doi.org/10.1093/hmg/ddw268	
Macaca_fascicularis_0	MAFA0	0	SRA	PE	107	Macaca_fascicularis	Macaca fascicularis	Crab-eating macaque	Mammal	4		Unknown				Species	Species	Species	Primates	Macaca	fascicularis		PRJNA335657	SRR3957244		SAMN05449783	SRX1981353					Macaca_fascicularis_6.0	GCA_011100615.1		Species	GCF_012559485.2	MFA1912RKSv2	Species	Species	Species	Species	Species			mmfasc					Mustafi_Palczewski_2016_TranscriptomeAnalysisReveals	https://doi.org/10.1093/hmg/ddw268	
Macaca_fascicularis_1	MAFA1	1	SRA	PE	107	Macaca_fascicularis	Macaca fascicularis	Crab-eating macaque	Mammal	4		Unknown				Species	Species	Species	Primates	Macaca	fascicularis		PRJNA335657	SRR3957245		SAMN05449782	SRX1981354					Macaca_fascicularis_6.0	GCA_011100615.1		Species	GCF_012559485.2	MFA1912RKSv2	Species	Species	Species	Species	Species			mmfasc					Mustafi_Palczewski_2016_TranscriptomeAnalysisReveals	https://doi.org/10.1093/hmg/ddw268	
Lethenteron_japonicum_0	LEJA0	0	SRA	PE	15	Lethenteron_japonicum	Lethenteron japonicum	Japanese lamprey	Lamprey	1		Unknown				Genus	No		Petromyzontiformes	Lethenteron	japonicum		PRJNA349779	SRR5223763		SAMN05933006	SRX2532946	name confusion	adult						Genus			No	No	No					lljapo					NoReferencePaper		
Andrias_davidianus_0	ANDA0	0	SRA	PE	37	Andrias_davidianus	Andrias davidianus	Chinese giant salamander	Amphibian	1		Nocturnal				No	No		Urodela	Andrias	davidianus		PRJNA350354	SRR4449169		SAMN05938515	SRX2267620				"http://www.edgeofexistence.org/species/chinese-giant-salamander/#:~:text=Habitat%20and%20Ecology&text=External%20fertilization%20of%20the%20eggs,daytime%20during%20the%20breeding%20season."				No			No	No	No					aadavi					Geng_Xu_2017_ReferenceGeneSet	https://doi.org/10.1093/gigascience/gix006	TrinityBasedPipeline
Canis_familiaris_1	CAFA1	1	SRA	SE	92	Canis_familiaris	Canis familiaris	Dog	Mammal	5		Unknown				Species	Species	Species	Carnivora	Canis	familiaris		PRJNA382537	SRR5443379		SAMN06708667	SRX2732742					Dog10K_Boxer_Tasha	GCA_000002285.4		Species	GCF_000002285.5	Dog10K_Boxer_Tasha	Species	Species	Species	Species	Species	Canis lupus familiaris		mcfami					Sudharsan_Beltran_2017_InvolvementInnateImmune	https://doi.org/10.1038/s41598-017-18236-7	
Macaca_mulatta_0	MAMU0	0	NNRL	PE	106	Macaca_mulatta	Macaca mulatta	Rhesus macaque	Mammal	3		Unknown				Species	Species	Species	Primates	Macaca	mulatta	R42015-026						Macaque_1				Mmul_10	GCA_003339765.3		Species	GCF_003339765.1	Mmul_10	Species	Species	Species	Species	Species			mmmula							
Macaca_mulatta_1	MAMU1	1	NNRL	PE	106	Macaca_mulatta	Macaca mulatta	Rhesus macaque	Mammal	3		Unknown				Species	Species	Species	Primates	Macaca	mulatta	R42015-027						Macaque_2				Mmul_10	GCA_003339765.3		Species	GCF_003339765.1	Mmul_10	Species	Species	Species	Species	Species			mmmula							
Macaca_mulatta_2	MAMU2	2	NNRL	PE	106	Macaca_mulatta	Macaca mulatta	Rhesus macaque	Mammal	3		Unknown				Species	Species	Species	Primates	Macaca	mulatta	R42015-028						Macaque_3				Mmul_10	GCA_003339765.3		Species	GCF_003339765.1	Mmul_10	Species	Species	Species	Species	Species			mmmula							
Megascops_asio_0	MEAS0	0	Mine	PE	83	Megascops_asio	Megascops asio	Eastern screech owl	Bird	1		Nocturnal				No	No		Strigiformes	Megascops	asio	R42019-288						Wild							No			No	No	No					bmasio							
Melopsittacus_undulatus_0	MEUN0	0	Mine	PE	58	Melopsittacus_undulatus	Melopsittacus undulatus	Budgerigar	Bird	3		Diurnal				Species	Species	TOGA	Psittaciformes	Melopsittacus	undulatus	R42019-279						Lab			may exhibit some crepuscular (dawn and dusk) activity as well	bMelUnd1.mat.Z	GCA_012275295.1		Species	GCF_012275295.1	bMelUnd1.mat.Z	Species	Species	Species	Species	Species			bmundu	Melopsittacus_undulatus	NCBI	https://ftp.ncbi.nlm.nih.gov/genomes/all/GCF/012/275/295/GCF_012275295.1_bMelUnd1.mat.Z/GCF_012275295.1_bMelUnd1.mat.Z_genomic.gtf.gz	https://ftp.ncbi.nlm.nih.gov/genomes/all/GCF/012/275/295/GCF_012275295.1_bMelUnd1.mat.Z/GCF_012275295.1_bMelUnd1.mat.Z_cds_from_genomic.fna.gz			
Melopsittacus_undulatus_1	MEUN1	1	Mine	PE	58	Melopsittacus_undulatus	Melopsittacus undulatus	Budgerigar	Bird	3		Diurnal				Species	Species	TOGA	Psittaciformes	Melopsittacus	undulatus	R42019-278						Lab			may exhibit some crepuscular (dawn and dusk) activity as well	bMelUnd1.mat.Z	GCA_012275295.1		Species	GCF_012275295.1	bMelUnd1.mat.Z	Species	Species	Species	Species	Species			bmundu	Melopsittacus_undulatus	NCBI	https://ftp.ncbi.nlm.nih.gov/genomes/all/GCF/012/275/295/GCF_012275295.1_bMelUnd1.mat.Z/GCF_012275295.1_bMelUnd1.mat.Z_genomic.gtf.gz	https://ftp.ncbi.nlm.nih.gov/genomes/all/GCF/012/275/295/GCF_012275295.1_bMelUnd1.mat.Z/GCF_012275295.1_bMelUnd1.mat.Z_cds_from_genomic.fna.gz			
Melopsittacus_undulatus_2	MEUN2	2	Mine	PE	58	Melopsittacus_undulatus	Melopsittacus undulatus	Budgerigar	Bird	3		Diurnal				Species	Species	TOGA	Psittaciformes	Melopsittacus	undulatus	R42019-277						Lab			may exhibit some crepuscular (dawn and dusk) activity as well	bMelUnd1.mat.Z	GCA_012275295.1		Species	GCF_012275295.1	bMelUnd1.mat.Z	Species	Species	Species	Species	Species			bmundu	Melopsittacus_undulatus	NCBI	https://ftp.ncbi.nlm.nih.gov/genomes/all/GCF/012/275/295/GCF_012275295.1_bMelUnd1.mat.Z/GCF_012275295.1_bMelUnd1.mat.Z_genomic.gtf.gz	https://ftp.ncbi.nlm.nih.gov/genomes/all/GCF/012/275/295/GCF_012275295.1_bMelUnd1.mat.Z/GCF_012275295.1_bMelUnd1.mat.Z_cds_from_genomic.fna.gz			
Canis_familiaris_2	CAFA2	2	SRA	SE	92	Canis_familiaris	Canis familiaris	Dog	Mammal	5		Unknown				Species	Species	Species	Carnivora	Canis	familiaris		PRJNA382537	SRR5443380		SAMN06708675	SRX2732743					Dog10K_Boxer_Tasha	GCA_000002285.4		Species	GCF_000002285.5	Dog10K_Boxer_Tasha	Species	Species	Species	Species	Species	Canis lupus familiaris		mcfami					Sudharsan_Beltran_2017_InvolvementInnateImmune	https://doi.org/10.1038/s41598-017-18236-7	
Canis_familiaris_0	CAFA0	0	SRA	SE	92	Canis_familiaris	Canis familiaris	Dog	Mammal	5		Unknown				Species	Species	Species	Carnivora	Canis	familiaris		PRJNA382537	SRR5443381		SAMN06708674	SRX2732744					Dog10K_Boxer_Tasha	GCA_000002285.4		Species	GCF_000002285.5	Dog10K_Boxer_Tasha	Species	Species	Species	Species	Species	Canis lupus familiaris		mcfami					Sudharsan_Beltran_2017_InvolvementInnateImmune	https://doi.org/10.1038/s41598-017-18236-7	
Papio_anubis_2	PAAN2	2	SRA	SE	105	Papio_anubis	Papio anubis	Olive baboon	Mammal	3		Unknown				Species	Species	Species	Primates	Papio	anubis		PRJNA386932	SRR5570466		SAMN07131846	SRX2829655	5-6yo; ZT10		Male		Panubis1.0	GCA_008728515.1		Species	GCF_008728515.1	Panubis1.0	Species	Species	Species	Species	Species			mpanub					Mure_Panda_2018_DiurnalTranscriptomeAtlas	https://doi.org/10.1126/science.aao0318	
Papio_anubis_1	PAAN1	1	SRA	SE	105	Papio_anubis	Papio anubis	Olive baboon	Mammal	3		Unknown				Species	Species	Species	Primates	Papio	anubis		PRJNA386932	SRR5570467		SAMN07131845	SRX2829656	5-6yo; ZT12		Male		Panubis1.0	GCA_008728515.1		Species	GCF_008728515.1	Panubis1.0	Species	Species	Species	Species	Species			mpanub					Mure_Panda_2018_DiurnalTranscriptomeAtlas	https://doi.org/10.1126/science.aao0318	
Papio_anubis_0	PAAN0	0	SRA	SE	105	Papio_anubis	Papio anubis	Olive baboon	Mammal	3		Unknown				Species	Species	Species	Primates	Papio	anubis		PRJNA386932	SRR5570468		SAMN07131844	SRX2829657	5-6yo; ZT14		Male		Panubis1.0	GCA_008728515.1		Species	GCF_008728515.1	Panubis1.0	Species	Species	Species	Species	Species			mpanub					Mure_Panda_2018_DiurnalTranscriptomeAtlas	https://doi.org/10.1126/science.aao0318	
Papio_anubis_3	PAAN3	3	SRA	SE	105	Papio_anubis	Papio anubis	Olive baboon	Mammal	3		Unknown				Species	Species	Species	Primates	Papio	anubis		PRJNA386932	SRR5570461		SAMN07131851	SRX2829650					Panubis1.0	GCA_008728515.1		Species	GCF_008728515.1	Panubis1.0	Species	Species	Species	Species	Species			mpanub					Mure_Panda_2018_DiurnalTranscriptomeAtlas	https://doi.org/10.1126/science.aao0318	
Mus_musculus_0	MUMU0	0	NNRL	SE	100	Mus_musculus	Mus musculus	Mouse	Mammal	3		Nocturnal				Species	Species	Species	Rodentia	Mus	musculus	R12009-001						C57BL/6			"https://www.nature.com/articles/s41598-020-67859-w#:~:text=musculus%2C%20and%20wild%20M.,group%20and%20individual%20housing%20conditions."	GRCm39	GCA_000001635.9		Species	GCF_000001635.27	GRCm39	Species	Species	Species	Species	Species		x	mmmusc							
Mus_musculus_1	MUMU1	1	NNRL	SE	100	Mus_musculus	Mus musculus	Mouse	Mammal	3		Nocturnal				Species	Species	Species	Rodentia	Mus	musculus	R12010-008						C57BL/6			"https://www.nature.com/articles/s41598-020-67859-w#:~:text=musculus%2C%20and%20wild%20M.,group%20and%20individual%20housing%20conditions."	GRCm39	GCA_000001635.9		Species	GCF_000001635.27	GRCm39	Species	Species	Species	Species	Species		x	mmmusc							
Mus_musculus_2	MUMU2	2	NNRL	SE	100	Mus_musculus	Mus musculus	Mouse	Mammal	3		Nocturnal				Species	Species	Species	Rodentia	Mus	musculus	R12010-009						C57BL/6			"https://www.nature.com/articles/s41598-020-67859-w#:~:text=musculus%2C%20and%20wild%20M.,group%20and%20individual%20housing%20conditions."	GRCm39	GCA_000001635.9		Species	GCF_000001635.27	GRCm39	Species	Species	Species	Species	Species		x	mmmusc							
Mus_musculus_3	MUMU3	3	NNRL	PE	100	Mus_musculus	Mus musculus	Mouse	Mammal	3		Nocturnal				Species	Species	Species	Rodentia	Mus	musculus	AskMatthew									"https://www.nature.com/articles/s41598-020-67859-w#:~:text=musculus%2C%20and%20wild%20M.,group%20and%20individual%20housing%20conditions."	GRCm39	GCA_000001635.9		Species	GCF_000001635.27	GRCm39	Species	Species	Species	Species	Species		x	mmmusc							
Mus_musculus_4	MUMU4	4	NNRL	PE	100	Mus_musculus	Mus musculus	Mouse	Mammal	3		Nocturnal				Species	Species	Species	Rodentia	Mus	musculus	AskMatthew									"https://www.nature.com/articles/s41598-020-67859-w#:~:text=musculus%2C%20and%20wild%20M.,group%20and%20individual%20housing%20conditions."	GRCm39	GCA_000001635.9		Species	GCF_000001635.27	GRCm39	Species	Species	Species	Species	Species		x	mmmusc							
Mus_musculus_5	MUMU5	5	NNRL	PE	100	Mus_musculus	Mus musculus	Mouse	Mammal	3		Nocturnal				Species	Species	Species	Rodentia	Mus	musculus	AskMatthew									"https://www.nature.com/articles/s41598-020-67859-w#:~:text=musculus%2C%20and%20wild%20M.,group%20and%20individual%20housing%20conditions."	GRCm39	GCA_000001635.9		Species	GCF_000001635.27	GRCm39	Species	Species	Species	Species	Species		x	mmmusc							
Papio_anubis_4	PAAN4	4	SRA	SE	105	Papio_anubis	Papio anubis	Olive baboon	Mammal	3		Unknown				Species	Species	Species	Primates	Papio	anubis		PRJNA386932	SRR5570462		SAMN07131850	SRX2829651					Panubis1.0	GCA_008728515.1		Species	GCF_008728515.1	Panubis1.0	Species	Species	Species	Species	Species			mpanub					Mure_Panda_2018_DiurnalTranscriptomeAtlas	https://doi.org/10.1126/science.aao0318	
Papio_anubis_5	PAAN5	5	SRA	SE	105	Papio_anubis	Papio anubis	Olive baboon	Mammal	3		Unknown				Species	Species	Species	Primates	Papio	anubis		PRJNA386932	SRR5570463		SAMN07131849	SRX2829652					Panubis1.0	GCA_008728515.1		Species	GCF_008728515.1	Panubis1.0	Species	Species	Species	Species	Species			mpanub					Mure_Panda_2018_DiurnalTranscriptomeAtlas	https://doi.org/10.1126/science.aao0318	
Sus_scrofa_0	SUSC0	0	SRA	PE	95	Sus_scrofa	Sus scrofa	Wild boar	Mammal	3		Unknown				Species	Species	Species	Artiodactyla	Sus	scrofa		PRJNA392949	SRR5803851		SAMN07315029	SRX2983153	retina	adult	male		Sscrofa11.1	GCA_000003025.6		Species	GCF_000003025.6	Sscrofa11.1	Species	Species	Species	Species	Species			msscro					Zhao_Liu_2021_MiningUnknownPorcine	https://doi.org/10.1016/j.gpb.2021.02.002	
Sus_scrofa_2	SUSC2	2	SRA	PE	95	Sus_scrofa	Sus scrofa	Wild boar	Mammal	3		Unknown				Species	Species	Species	Artiodactyla	Sus	scrofa		PRJNA392949	SRR5803850		SAMN07315029	SRX2983154	retina	adult	male		Sscrofa11.1	GCA_000003025.6		Species	GCF_000003025.6	Sscrofa11.1	Species	Species	Species	Species	Species			msscro					Zhao_Liu_2021_MiningUnknownPorcine	https://doi.org/10.1016/j.gpb.2021.02.002	
Sus_scrofa_1	SUSC1	1	SRA	PE	95	Sus_scrofa	Sus scrofa	Wild boar	Mammal	3		Unknown				Species	Species	Species	Artiodactyla	Sus	scrofa		PRJNA392949	SRR5803849		SAMN07315029	SRX2983155	retina	adult	male		Sscrofa11.1	GCA_000003025.6		Species	GCF_000003025.6	Sscrofa11.1	Species	Species	Species	Species	Species			msscro					Zhao_Liu_2021_MiningUnknownPorcine	https://doi.org/10.1016/j.gpb.2021.02.002	
Callithrix_jacchus_1	CAJA1	1	SRA	PE	103	Callithrix_jacchus	Callithrix jacchus	Common marmoset	Mammal	3		Unknown				Species	Species	Species	Primates	Callithrix	jacchus		PRJNA397900	SRR5928356		SAMN07495412	SRX3088671					mCalJac1.pat.X	GCA_011100555.1		Species	GCF_011100555.1	mCalJa1.2.pat.X	Species	Species	Species	Species	Species			mcjacc					NoReferencePaper		
Callithrix_jacchus_2	CAJA2	2	SRA	PE	103	Callithrix_jacchus	Callithrix jacchus	Common marmoset	Mammal	3		Unknown				Species	Species	Species	Primates	Callithrix	jacchus		PRJNA397900	SRR5928353		SAMN07495419	SRX3088674					mCalJac1.pat.X	GCA_011100555.1		Species	GCF_011100555.1	mCalJa1.2.pat.X	Species	Species	Species	Species	Species			mcjacc					NoReferencePaper		
Cairina_moschata_0	CAMO0	0	SRA	PE	49	Cairina_moschata	Cairina moschata	Muscovy duck	Bird	1		Diurnal				Species	Species	TOGA	Anseriformes	Cairina	moschata		PRJNA419616	SRR6367500		SAMN08434997	SRX3462961	male eye	adult			CaiMos1.0	GCA_009194515.1		Species			Species	No	Species	Species	Species	Cairina moschata domestica		bcmosc	Cairina_moschata_domestica	ENSEMBL	https://ftp.ensembl.org/pub/release-110/gtf/cairina_moschata_domestica/Cairina_moschata_domestica.CaiMos1.0.110.gtf.gz	https://ftp.ensembl.org/pub/release-110/fasta/cairina_moschata_domestica/cds/Cairina_moschata_domestica.CaiMos1.0.cds.all.fa.gz	NoReferencePaper		
Electrona_risso_0	ELRI0	0	SRA	PE	29	Electrona_risso	Electrona risso	Electric lantern fish	Fish	1		Unknown				Genus	No		Myctophiformes	Electrona	risso		PRJNA421052	SRR8242442		SAMN10473266	SRX5060680		Adult						Genus			No	No	No					feriss					Musilova_Salzburger_2019_VisionUsingMultiple	https://doi.org/10.1126/science.aav4632	
Esox_lucius_0	ESLU0	0	SRA	PE	28	Esox_lucius	Esox lucius	Northern pike	Fish	2		Unknown				Species	Species		Esociformes	Esox	lucius		PRJNA421052	SRR8242440		SAMN10473268	SRX5060682		Adult			Eluc_v4	GCA_004634155.1		Species	GCF_011004845.1	fEsoLuc1.pri	Species	Species	Species					feluci					Musilova_Salzburger_2019_VisionUsingMultiple	https://doi.org/10.1126/science.aav4632	
Esox_lucius_1	ESLU1	1	SRA	PE	28	Esox_lucius	Esox lucius	Northern pike	Fish	2		Unknown				Species	Species		Esociformes	Esox	lucius		PRJNA421052	SRR8242439		SAMN10473269	SRX5060683		Adult			Eluc_v4	GCA_004634155.1		Species	GCF_011004845.1	fEsoLuc1.pri	Species	Species	Species					feluci					Musilova_Salzburger_2019_VisionUsingMultiple	https://doi.org/10.1126/science.aav4632	
Gadus_morhua_0	GAMO0	0	SRA	PE	30	Gadus_morhua	Gadus morhua	Atlantic cod	Fish	1		Unknown				Species	Species		Gadiformes	Gadus	morhua		PRJNA421052	SRR8242438		SAMN10473270	SRX5060684		adult			gadMor3.0	GCA_902167405.1		Species	GCF_902167405.1	gadMor3.0	Species	Species	Species					fgmorh					Musilova_Salzburger_2019_VisionUsingMultiple	https://doi.org/10.1126/science.aav4632	
Thunnus_albacares_0	THAL0	0	SRA	PE	31	Thunnus_albacares	Thunnus albacares	Yellowfin tuna	Fish	1		Unknown				Species	Species		Scombriformes	Thunnus	albacares		PRJNA421052	SRR8242435		SAMN10473303	SRX5060687		adult						Species	GCF_914725855.1	fThuAlb1.1	No	Species	No					ftalba					Musilova_Salzburger_2019_VisionUsingMultiple	https://doi.org/10.1126/science.aav4632	
Rhinecanthus_aculeatus_0	RHAC0	0	SRA	PE	33	Rhinecanthus_aculeatus	Rhinecanthus aculeatus	Lagoon triggerfish	Fish	3		Unknown				No	No		Tetradontiformes	Rhinecanthus	aculeatus		PRJNA421052	SRR8242402		SAMN10473296 	SRX5060720		Adult						No			No	No	No					fracul					Musilova_Salzburger_2019_VisionUsingMultiple	https://doi.org/10.1126/science.aav4632	
Sparus_aurata_0	SPAU0	0	SRA	PE	34	Sparus_aurata	Sparus aurata	Gilt-head bream	Fish	1		Unknown				Species	Species		Perciformes	Sparus	aurata		PRJNA421052	SRR8242400		SAMN10473298	SRX5060722		adult			fSpaAur1.1	GCA_900880675.1		Species	GCF_900880675.1	fSpaAur1.1	Species	Species	Species					fsaura					Musilova_Salzburger_2019_VisionUsingMultiple	https://doi.org/10.1126/science.aav4632	
Petromyzon_marinus_0	PEMA0	0	Mine	PE	14	Petromyzon_marinus	Petromyzon marinus	Sea lamprey	Lamprey	7		Nocturnal				Species	Species		Petromyzontiformes	Petromyzon	marinus	R42019-296						Commercial; maybe wild?	larva		https://link.springer.com/article/10.1007/s11160-016-9440-3	Pmarinus_7.0	-		Species	GCF_010993605.1	kPetMar1.pri	Species	Species	Species				x	lpmari							
Petromyzon_marinus_1	PEMA1	1	Mine	PE	14	Petromyzon_marinus	Petromyzon marinus	Sea lamprey	Lamprey	7		Nocturnal				Species	Species		Petromyzontiformes	Petromyzon	marinus	R42019-294						Commercial; maybe wild?	transformer		https://link.springer.com/article/10.1007/s11160-016-9440-3	Pmarinus_7.0	-		Species	GCF_010993605.1	kPetMar1.pri	Species	Species	Species				x	lpmari							
Petromyzon_marinus_2	PEMA2	2	Mine	PE	14	Petromyzon_marinus	Petromyzon marinus	Sea lamprey	Lamprey	7		Nocturnal				Species	Species		Petromyzontiformes	Petromyzon	marinus	R42019-264						Commercial; maybe wild?	larva		https://link.springer.com/article/10.1007/s11160-016-9440-3	Pmarinus_7.0	-		Species	GCF_010993605.1	kPetMar1.pri	Species	Species	Species				x	lpmari							
Petromyzon_marinus_3	PEMA3	3	Mine	PE	14	Petromyzon_marinus	Petromyzon marinus	Sea lamprey	Lamprey	7		Nocturnal				Species	Species		Petromyzontiformes	Petromyzon	marinus	R42019-295						Commercial; maybe wild?	transformer		https://link.springer.com/article/10.1007/s11160-016-9440-3	Pmarinus_7.0	-		Species	GCF_010993605.1	kPetMar1.pri	Species	Species	Species				x	lpmari							
Petromyzon_marinus_4	PEMA4	4	NNRL	PE	14	Petromyzon_marinus	Petromyzon marinus	Sea lamprey	Lamprey	7		Nocturnal				Species	Species		Petromyzontiformes	Petromyzon	marinus	R42015-030						Lamprey_1	adult		https://link.springer.com/article/10.1007/s11160-016-9440-3	Pmarinus_7.0	-		Species	GCF_010993605.1	kPetMar1.pri	Species	Species	Species				x	lpmari							
Petromyzon_marinus_5	PEMA5	5	NNRL	PE	14	Petromyzon_marinus	Petromyzon marinus	Sea lamprey	Lamprey	7		Nocturnal				Species	Species		Petromyzontiformes	Petromyzon	marinus	R42015-031						Lamprey_2	adult		https://link.springer.com/article/10.1007/s11160-016-9440-3	Pmarinus_7.0	-		Species	GCF_010993605.1	kPetMar1.pri	Species	Species	Species				x	lpmari							
Petromyzon_marinus_6	PEMA6	6	NNRL	PE	14	Petromyzon_marinus	Petromyzon marinus	Sea lamprey	Lamprey	7		Nocturnal				Species	Species		Petromyzontiformes	Petromyzon	marinus	R42015-032						Lamprey_3	adult		https://link.springer.com/article/10.1007/s11160-016-9440-3	Pmarinus_7.0	-		Species	GCF_010993605.1	kPetMar1.pri	Species	Species	Species				x	lpmari							
Rhinecanthus_aculeatus_1	RHAC1	1	SRA	PE	33	Rhinecanthus_aculeatus	Rhinecanthus aculeatus	Lagoon triggerfish	Fish	3		Unknown				No	No		Tetradontiformes	Rhinecanthus	aculeatus		PRJNA421052	SRR8242397		SAMN10473295	SRX5060725		Adult						No			No	No	No					fracul					Musilova_Salzburger_2019_VisionUsingMultiple	https://doi.org/10.1126/science.aav4632	
Plethodon_cinereus_0	PLCI0	0	Mine	PE	38	Plethodon_cinereus	Plethodon cinereus	Red-backed salamander	Amphibian	3		Nocturnal				No	No		Urodela	Plethodon	cinereus	R42019-255						Wild			https://www2.illinois.gov/dnr/education/CDIndex/EasternRedbackedSalamander.pdf				No			No	No	No				x	apcine							
Plethodon_cinereus_1	PLCI1	1	Mine	PE	38	Plethodon_cinereus	Plethodon cinereus	Red-backed salamander	Amphibian	3		Nocturnal				No	No		Urodela	Plethodon	cinereus	R42019-256						Wild			https://www2.illinois.gov/dnr/education/CDIndex/EasternRedbackedSalamander.pdf				No			No	No	No				x	apcine							
Plethodon_cinereus_2	PLCI2	2	Mine	PE	38	Plethodon_cinereus	Plethodon cinereus	Red-backed salamander	Amphibian	3		Nocturnal				No	No		Urodela	Plethodon	cinereus	R42019-254						Wild			https://www2.illinois.gov/dnr/education/CDIndex/EasternRedbackedSalamander.pdf				No			No	No	No				x	apcine							
Psammomys_obesus_0	PSOB0	0	Mine	PE	102	Psammomys_obesus	Psammomys obesus	Sand rat	Mammal	3		Unknown				Species	Species	Species	Rodentia	Psammomys	obesus	R42019-289						Lab							Species	GCF_907164565.1	mPsaObe1.curated_primary_1811	No	Species	No	Species	Species			mpobes							
Psammomys_obesus_1	PSOB1	1	Mine	PE	102	Psammomys_obesus	Psammomys obesus	Sand rat	Mammal	3		Unknown				Species	Species	Species	Rodentia	Psammomys	obesus	R42019-290						Lab							Species	GCF_907164565.1	mPsaObe1.curated_primary_1811	No	Species	No	Species	Species			mpobes							
Psammomys_obesus_2	PSOB2	2	Mine	PE	102	Psammomys_obesus	Psammomys obesus	Sand rat	Mammal	3		Unknown				Species	Species	Species	Rodentia	Psammomys	obesus	R42019-291						Lab							Species	GCF_907164565.1	mPsaObe1.curated_primary_1811	No	Species	No	Species	Species			mpobes							
Rattus_norvegicus_0	RANO0	0	NNRL	SE	101	Rattus_norvegicus	Rattus norvegicus	Brown rat	Mammal	3		Unknown				Species	Species	Species	Rodentia	Rattus	norvegicus	R22011-039						ND-11170				mRatBN7.2	GCA_015227675.2		Species	GCF_015227675.2	mRatBN7.2	Species	Species	Species	Species	Species			mrnorv							
Rattus_norvegicus_1	RANO1	1	NNRL	SE	101	Rattus_norvegicus	Rattus norvegicus	Brown rat	Mammal	3		Unknown				Species	Species	Species	Rodentia	Rattus	norvegicus	R22011-040						ND-11174				mRatBN7.2	GCA_015227675.2		Species	GCF_015227675.2	mRatBN7.2	Species	Species	Species	Species	Species			mrnorv							
Rattus_norvegicus_2	RANO2	2	NNRL	SE	101	Rattus_norvegicus	Rattus norvegicus	Brown rat	Mammal	3		Unknown				Species	Species	Species	Rodentia	Rattus	norvegicus	R22011-041						ND-11175				mRatBN7.2	GCA_015227675.2		Species	GCF_015227675.2	mRatBN7.2	Species	Species	Species	Species	Species			mrnorv							
Rhinecanthus_aculeatus_2	RHAC2	2	SRA	PE	33	Rhinecanthus_aculeatus	Rhinecanthus aculeatus	Lagoon triggerfish	Fish	3		Unknown				No	No		Tetradontiformes	Rhinecanthus	aculeatus		PRJNA421052	SRR8242396		SAMN10473294	SRX5060726		Adult						No			No	No	No					fracul					Musilova_Salzburger_2019_VisionUsingMultiple	https://doi.org/10.1126/science.aav4632	
Habronattus_gilaensis_0	HAGI0	0	SRA	PE	2	Habronattus_gilaensis	Habronattus gilaensis	Paradise spider	Arthropod	1		Unknown				No	No		Araneae	Habronattus	gilaensis		PRJNA421554	SRR6381089		SAMN08144101	SRX3475035	Adult female							No			No	No	No					ahgila					NoReferencePaper		
Silurus_meridionalis_0	SIME0	0	SRA	PE	27	Silurus_meridionalis	Silurus meridionalis	Yangtze catfish	Fish	1		Unknown				Species	Species		Siluriformes	Silurus	meridionalis		PRJNA427243	SRR7224137		SAMN09269384	SRX4130681	Name confusion							Species	GCF_014805685.1	ASM1480568v1	No	Species	No					fsmeri					NoReferencePaper		
Thamnophis_sirtalis_0	THSI0	0	SRA	PE	42	Thamnophis_sirtalis	Thamnophis sirtalis	Common garter snake	Reptile	1		Diurnal				Species	Species		Squamata	Thamnophis	sirtalis		PRJNA432436	SRR6668169		SAMN08449337	SRX3644876	Whole eye			https://en.wikipedia.org/wiki/Common_garter_snake				Species	GCF_001077635.1	Thamnophis_sirtalis-6.0	No	Species	No				x	rtsirt					Schott_Chang_2018_ShiftsSelectivePressures	https://doi.org/10.1093/molbev/msy025	
Dromaius_novaehollandiae_0	DRNO0	0	SRA	PE	48	Dromaius_novaehollandiae	Dromaius novaehollandiae	Emu	Bird	1		Diurnal				Species	Species	TOGA	Casuariiformes	Dromaius	novaehollandiae		PRJNA437520	SRR6820423		SAMN08667385	SRX3777270				may exhibit some nocturnal activity as well	droNov1	GCA_003342905.1		Species	GCF_003342905.1	droNov1	Species	Species	Species	Species	Species			bdnova	Dromaius_novaehollandiae	NCBI	https://ftp.ncbi.nlm.nih.gov/genomes/all/GCF/003/342/905/GCF_003342905.1_droNov1/GCF_003342905.1_droNov1_genomic.gtf.gz	https://ftp.ncbi.nlm.nih.gov/genomes/all/GCF/003/342/905/GCF_003342905.1_droNov1/GCF_003342905.1_droNov1_cds_from_genomic.fna.gz	NoReferencePaper		
Sepioteuthis_sepioidea_0	SESE0	0	NNRL	PE	7	Sepioteuthis_sepioidea	Sepioteuthis sepioidea	Carribean Reef Squid	Mollusc	1		Unknown				No	No		Myopsida	Sepioteuthis	sepioidea	R42015-025						Squid-Schwann							No			No	No	No					mssepi							
Serinus_canaria_0	SECA0	0	Mine	PE	61	Serinus_canaria	Serinus canaria	Canary	Bird	3		Diurnal				Species	Species	TOGA	Passeriformes	Serinus	canaria	R42019-244						Lab			may exhibit some crepuscular (dawn and dusk) activity as well	SCA1	GCA_000534875.1		Species	GCF_022539315.1	serCan2020	Species	Species	Species	Species	Species			bscana	Serinus_canaria	NCBI	https://ftp.ncbi.nlm.nih.gov/genomes/all/GCF/022/539/315/GCF_022539315.1_serCan2020/GCF_022539315.1_serCan2020_genomic.gtf.gz	https://ftp.ncbi.nlm.nih.gov/genomes/all/GCF/022/539/315/GCF_022539315.1_serCan2020/GCF_022539315.1_serCan2020_cds_from_genomic.fna.gz			
Serinus_canaria_1	SECA1	1	Mine	PE	61	Serinus_canaria	Serinus canaria	Canary	Bird	3		Diurnal				Species	Species	TOGA	Passeriformes	Serinus	canaria	R42019-245						Lab			may exhibit some crepuscular (dawn and dusk) activity as well	SCA1	GCA_000534875.1		Species	GCF_022539315.1	serCan2020	Species	Species	Species	Species	Species			bscana	Serinus_canaria	NCBI	https://ftp.ncbi.nlm.nih.gov/genomes/all/GCF/022/539/315/GCF_022539315.1_serCan2020/GCF_022539315.1_serCan2020_genomic.gtf.gz	https://ftp.ncbi.nlm.nih.gov/genomes/all/GCF/022/539/315/GCF_022539315.1_serCan2020/GCF_022539315.1_serCan2020_cds_from_genomic.fna.gz			
Serinus_canaria_2	SECA2	2	Mine	PE	61	Serinus_canaria	Serinus canaria	Canary	Bird	3		Diurnal				Species	Species	TOGA	Passeriformes	Serinus	canaria	R42019-246						Lab			may exhibit some crepuscular (dawn and dusk) activity as well	SCA1	GCA_000534875.1		Species	GCF_022539315.1	serCan2020	Species	Species	Species	Species	Species			bscana	Serinus_canaria	NCBI	https://ftp.ncbi.nlm.nih.gov/genomes/all/GCF/022/539/315/GCF_022539315.1_serCan2020/GCF_022539315.1_serCan2020_genomic.gtf.gz	https://ftp.ncbi.nlm.nih.gov/genomes/all/GCF/022/539/315/GCF_022539315.1_serCan2020/GCF_022539315.1_serCan2020_cds_from_genomic.fna.gz			
Struthio_camelus_0	STCA0	0	SRA	PE	47	Struthio_camelus	Struthio camelus	Common ostrich	Bird	1		Diurnal				Species	Species	TOGA	Struthioniformes	Struthio	camelus		PRJNA437520	SRR6820422		SAMN08667384	SRX3777271				may exhibit some crepuscular (dawn and dusk) activity as well.	ASM69896v1	GCA_000698965.1		Species	GCF_000698965.1	ASM69896v1	Species	Species	Species	Species	Species	Struthio camelus australis		bscame	Struthio_camelus_australis	NCBI	https://ftp.ncbi.nlm.nih.gov/genomes/all/GCF/000/698/965/GCF_000698965.1_ASM69896v1/GCF_000698965.1_ASM69896v1_genomic.gtf.gz	https://ftp.ncbi.nlm.nih.gov/genomes/all/GCF/000/698/965/GCF_000698965.1_ASM69896v1/GCF_000698965.1_ASM69896v1_cds_from_genomic.fna.gz	NoReferencePaper		
Ctenophorus_decresii_1	CTDE1	1	SRA	PE	44	Ctenophorus_decresii	Ctenophorus decresii	Tawny crevice-dragon	Reptile	2		Unknown				No	No		Squamata	Ctenophorus	decresii		PRJNA478483	SRR7453174		SAMN09518506	SRX4323679	retina	adult	male					No			No	No	No					rcdecr					NoReferencePaper		
Ctenophorus_decresii_0	CTDE0	0	SRA	PE	44	Ctenophorus_decresii	Ctenophorus decresii	Tawny crevice-dragon	Reptile	2		Unknown				No	No		Squamata	Ctenophorus	decresii		PRJNA478483	SRR7453168		SAMN09518505	SRX4323682	retina	adult	male					No			No	No	No					rcdecr					NoReferencePaper		
Strix_varia_0	STVA0	0	Mine	PE	85	Strix_varia	Strix varia	Barred owl	Bird	1		Nocturnal				Genus	Genus	TOGA	Strigiformes	Strix	varia	R42019-287						Wild				Soccid_v01	GCA_002372975.1	Strix occidentalis caurina	Genus			Genus	No	Genus	Genus	Genus	Strix occidentalis caurina; Struthidea cinerea		bsvari							
Strix_aluco_0	STAL0	0	SRA	PE	84	Strix_aluco	Strix aluco	Tawny owl	Bird	1		Nocturnal				Genus	Genus	TOGA	Strigiformes	Strix	aluco		PRJNA497817	SRR8083919		SAMN10266702 	SRX4910959					Soccid_v01	GCA_002372975.1	Strix occidentalis caurina	Genus			Genus	No	Genus	Genus	Genus	Strix occidentalis caurina; Struthidea cinerea		bsaluc	Strix_occidentalis_caurina	ENSEMBL	https://ftp.ensembl.org/pub/release-110/gtf/strix_occidentalis_caurina/Strix_occidentalis_caurina.Soccid_v01.110.gtf.gz	https://ftp.ensembl.org/pub/release-110/fasta/strix_occidentalis_caurina/cds/Strix_occidentalis_caurina.Soccid_v01.cds.all.fa.gz	Hoglund_Strandh_2019_OwlsLackUVsensitive	https://doi.org/10.1016/j.visres.2019.02.005	No assembly; trity + sequence similarity
Aegolius_funereus_0	AEFU0	0	SRA	PE	75	Aegolius_funereus	Aegolius funereus	Boreal owl	Bird	1		Nocturnal				No	No		Strigiformes	Aegolius	funereus		PRJNA497817	SRR8083918		SAMN10266703	SRX4910960				"https://animaldiversity.org/accounts/Aegolius_funereus/#:~:text=Aegolius%20funereus%20individuals%20are%20solitary,seasonally%2C%20but%20are%20primarily%20sedentary."				No			No	No	No					bafune					Hoglund_Strandh_2019_OwlsLackUVsensitive	https://doi.org/10.1016/j.visres.2019.02.005	No assembly; trity + sequence similarity
Asio_flammeus_0	ASFL0	0	SRA	PE	79	Asio_flammeus	Asio flammeus	Short-eared owl	Bird	1		Nocturnal				No	No		Strigiformes	Asio	flammeus		PRJNA497817	SRR8083917		SAMN10266704	SRX4910961				"https://www.owlpages.com/owls/species.php?s=3590#:~:text=Habits%3A%20Generally%20nocturnal%2C%20but%20often,extent)%20during%20the%20breeding%20season."				No			No	No	No					baflam					Hoglund_Strandh_2019_OwlsLackUVsensitive	https://doi.org/10.1016/j.visres.2019.02.005	No assembly; trity + sequence similarity
Asio_otus_1	ASOT1	1	SRA	PE	80	Asio_otus	Asio otus	Long-eared owl	Bird	2		Nocturnal				No	No		Strigiformes	Asio	otus		PRJNA497817	SRR8083916		SAMN10266705	SRX4910962				"https://www.woodlandtrust.org.uk/trees-woods-and-wildlife/animals/birds/long-eared-owl/#:~:text=The%20best%20time%20to%20spot,see%20them%20on%20the%20wing."				No			No	No	No					baotus					Hoglund_Strandh_2019_OwlsLackUVsensitive	https://doi.org/10.1016/j.visres.2019.02.005	No assembly; trity + sequence similarity
Taeniopygia_guttata_0	TAGU0	0	Mine	PE	63	Taeniopygia_guttata	Taeniopygia guttata	Zebrafinch	Bird	3		Diurnal				Species	Species	TOGA	Passeriformes	Taeniopygia	guttata	R42019-282						Lab			https://animaldiversity.org/accounts/Taeniopygia_guttata/; may exhibit some crepuscular (dawn and dusk) activity as well.	bTaeGut1_v1.p	GCA_003957565.2		Species	GCF_003957565.2	bTaeGut1.4.pri	Species	Species	Species	Species	Species		x	btgutt	Taeniopygia_guttata	NCBI	https://ftp.ncbi.nlm.nih.gov/genomes/all/GCF/003/957/565/GCF_003957565.2_bTaeGut1.4.pri/GCF_003957565.2_bTaeGut1.4.pri_genomic.gtf.gz	https://ftp.ncbi.nlm.nih.gov/genomes/all/GCF/003/957/565/GCF_003957565.2_bTaeGut1.4.pri/GCF_003957565.2_bTaeGut1.4.pri_cds_from_genomic.fna.gz			
Taeniopygia_guttata_1	TAGU1	1	Mine	PE	63	Taeniopygia_guttata	Taeniopygia guttata	Zebrafinch	Bird	3		Diurnal				Species	Species	TOGA	Passeriformes	Taeniopygia	guttata	R42019-280						Lab			https://animaldiversity.org/accounts/Taeniopygia_guttata/; may exhibit some crepuscular (dawn and dusk) activity as well.	bTaeGut1_v1.p	GCA_003957565.2		Species	GCF_003957565.2	bTaeGut1.4.pri	Species	Species	Species	Species	Species		x	btgutt	Taeniopygia_guttata	NCBI	https://ftp.ncbi.nlm.nih.gov/genomes/all/GCF/003/957/565/GCF_003957565.2_bTaeGut1.4.pri/GCF_003957565.2_bTaeGut1.4.pri_genomic.gtf.gz	https://ftp.ncbi.nlm.nih.gov/genomes/all/GCF/003/957/565/GCF_003957565.2_bTaeGut1.4.pri/GCF_003957565.2_bTaeGut1.4.pri_cds_from_genomic.fna.gz			
Taeniopygia_guttata_2	TAGU2	2	Mine	PE	63	Taeniopygia_guttata	Taeniopygia guttata	Zebrafinch	Bird	3		Diurnal				Species	Species	TOGA	Passeriformes	Taeniopygia	guttata	R42019-281						Lab			https://animaldiversity.org/accounts/Taeniopygia_guttata/; may exhibit some crepuscular (dawn and dusk) activity as well.	bTaeGut1_v1.p	GCA_003957565.2		Species	GCF_003957565.2	bTaeGut1.4.pri	Species	Species	Species	Species	Species		x	btgutt	Taeniopygia_guttata	NCBI	https://ftp.ncbi.nlm.nih.gov/genomes/all/GCF/003/957/565/GCF_003957565.2_bTaeGut1.4.pri/GCF_003957565.2_bTaeGut1.4.pri_genomic.gtf.gz	https://ftp.ncbi.nlm.nih.gov/genomes/all/GCF/003/957/565/GCF_003957565.2_bTaeGut1.4.pri/GCF_003957565.2_bTaeGut1.4.pri_cds_from_genomic.fna.gz			
Euprymna_scolopes_0	EUSC0	0	SRA	PE	8	Euprymna_scolopes	Euprymna scolopes	Hawaiian bobtail squid	Mollusc	3		Nocturnal				Species	No		Sepiida	Euprymna	scolopes		PRJNA498343	SRR8159247		SAMN10290260	SRX4980115	WT	Adult		"https://sealifebase.ca/summary/Euprymna-scolopes.html#:~:text=its%20body%20(Ref.-,118075).,118073)."				Species			No	No	No				x	mescol					Moriano-Gutierrez_McFall-Ngai_2019_CriticalSymbiontSignals	https://doi.org/10.1073/pnas.1819897116	
Euprymna_scolopes_1	EUSC1	1	SRA	PE	8	Euprymna_scolopes	Euprymna scolopes	Hawaiian bobtail squid	Mollusc	3		Nocturnal				Species	No		Sepiida	Euprymna	scolopes		PRJNA498343	SRR8159245		SAMN10290259	SRX4980117	WT	Adult		"https://sealifebase.ca/summary/Euprymna-scolopes.html#:~:text=its%20body%20(Ref.-,118075).,118073)."				Species			No	No	No				x	mescol					Moriano-Gutierrez_McFall-Ngai_2019_CriticalSymbiontSignals	https://doi.org/10.1073/pnas.1819897116	
Euprymna_scolopes_2	EUSC2	2	SRA	PE	8	Euprymna_scolopes	Euprymna scolopes	Hawaiian bobtail squid	Mollusc	3		Nocturnal				Species	No		Sepiida	Euprymna	scolopes		PRJNA498343	SRR8159235		SAMN10290261	SRX4980127	WT	Adult		"https://sealifebase.ca/summary/Euprymna-scolopes.html#:~:text=its%20body%20(Ref.-,118075).,118073)."				Species			No	No	No				x	mescol					Moriano-Gutierrez_McFall-Ngai_2019_CriticalSymbiontSignals	https://doi.org/10.1073/pnas.1819897116	
Trochilus_hybrid_0	TRHY0	0	Mine	PE	53	Trochilus_hybrid	Trochilus hybrid	Hybrid streamertail	Bird	3		Diurnal				No	No		Apodiformes	Trochilus	hybrid	R42019-269						Wild							No			No	No	No					bthybr							
Trochilus_hybrid_1	TRHY1	1	Mine	PE	53	Trochilus_hybrid	Trochilus hybrid	Hybrid streamertail	Bird	3		Diurnal				No	No		Apodiformes	Trochilus	hybrid	R42019-301						Wild							No			No	No	No					bthybr							
Trochilus_hybrid_2	TRHY2	2	Mine	PE	53	Trochilus_hybrid	Trochilus hybrid	Hybrid streamertail	Bird	3		Diurnal				No	No		Apodiformes	Trochilus	hybrid	R42019-302						Wild							No			No	No	No					bthybr							
Trochilus_polytmus_0	TRPO0	0	Mine	PE	55	Trochilus_polytmus	Trochilus polytmus	Red-billed streamertail	Bird	4		Diurnal				No	No		Apodiformes	Trochilus	polytmus	R42019-271						Wild							No			No	No	No					btpoly							
Trochilus_polytmus_1	TRPO1	1	Mine	PE	55	Trochilus_polytmus	Trochilus polytmus	Red-billed streamertail	Bird	4		Diurnal				No	No		Apodiformes	Trochilus	polytmus	R42019-270						Wild							No			No	No	No					btpoly							
Trochilus_polytmus_2	TRPO2	2	Mine	PE	55	Trochilus_polytmus	Trochilus polytmus	Red-billed streamertail	Bird	4		Diurnal				No	No		Apodiformes	Trochilus	polytmus	R42019-303						Wild							No			No	No	No					btpoly							
Trochilus_polytmus_3	TRPO3	3	Mine	PE	55	Trochilus_polytmus	Trochilus polytmus	Red-billed streamertail	Bird	4		Diurnal				No	No		Apodiformes	Trochilus	polytmus	R42019-266						Wild							No			No	No	No					btpoly							
Trochilus_scitulus_0	TRSC0	0	Mine	PE	54	Trochilus_scitulus	Trochilus scitulus	Black-billed streamertail	Bird	4		Diurnal				No	No		Apodiformes	Trochilus	scitulus	R42019-272						Wild							No			No	No	No					btscit							
Trochilus_scitulus_1	TRSC1	1	Mine	PE	54	Trochilus_scitulus	Trochilus scitulus	Black-billed streamertail	Bird	4		Diurnal				No	No		Apodiformes	Trochilus	scitulus	R42019-268						Wild							No			No	No	No					btscit							
Trochilus_scitulus_2	TRSC2	2	Mine	PE	54	Trochilus_scitulus	Trochilus scitulus	Black-billed streamertail	Bird	4		Diurnal				No	No		Apodiformes	Trochilus	scitulus	R42019-267						Wild							No			No	No	No					btscit							
Trochilus_scitulus_3	TRSC3	3	Mine	PE	54	Trochilus_scitulus	Trochilus scitulus	Black-billed streamertail	Bird	4		Diurnal				No	No		Apodiformes	Trochilus	scitulus	R42019-265						Wild							No			No	No	No					btscit							
Tyto_alba_0	TYAL0	0	Mine	PE	74	Tyto_alba	Tyto alba	Barn Owl	Bird	1		Nocturnal				Species	Species	TOGA	Strigiformes	Tyto	alba	R42019-276						Lab							Species	GCF_018691265.1	T.alba_DEE_v4.0	No	Species	No	Species	Species	Tyto alba alba		btalba	Tyto_alba	NCBI	https://ftp.ncbi.nlm.nih.gov/genomes/all/GCF/018/691/265/GCF_018691265.1_T.alba_DEE_v4.0/GCF_018691265.1_T.alba_DEE_v4.0_genomic.gtf.gz	https://ftp.ncbi.nlm.nih.gov/genomes/all/GCF/018/691/265/GCF_018691265.1_T.alba_DEE_v4.0/GCF_018691265.1_T.alba_DEE_v4.0_cds_from_genomic.fna.gz			
Naja_naja_0	NANA0	0	SRA	SE	43	Naja_naja	Naja naja	Indian cobra	Reptile	1		Unknown				Species	Species		Squamata	Naja	naja		PRJNA527614	SRR8754978		SAMN11168463	SRX5545701					Nana_v5	GCA_009733165.1		Species	GCA_009733165.1	Nana_v5	Species	Species	Species					rnnaja					Suryamohan_Seshagiri_2020_IndianCobraReference	https://doi.org/10.1038/s41588-019-0559-8	
Aulonocara_baenschi_0	AUBA0	0	SRA	SE	32	Aulonocara_baenschi	Aulonocara baenschi	Nkhomo-benga peacock	Fish	1		Unknown				No	No		Cichliformes	Aulonocara	baenschi		PRJNA551471	SRR9620879		SAMN12150411	SRX6383884	"pool of 2 males, 2 females"							No			No	No	No					fabaen					Sandkam_Carleton_2020_Tbx2aModulatesSwitching	https://doi.org/10.1093/molbev/msaa062	"To facilitate transcriptome comparisons across species, we first mapped the NCBI RefSeq genes for O. niloticus (RefSeq no. GCF_001858045) onto the M. zebra genome (Conte et al. 2019) using GMAP (version 2015-07-23; Wu and Watanabe 2005) to annotate the corresponding set of genes in M. zebra. We then generated retinal transcriptomes from four A. baenschi and two T. intermedius using a TruSeq RNA sample preparation kit version 2 (Illumina) and run on an Illumina HiSeq1500 with 100_bp single-end reads. The transcriptome reads were aligned to the gene models predicted in the M. zebra genome. "
Anolis_carolinensis_3	ANCA3	3	SRA	PE	45	Anolis_carolinensis	Anolis carolinensis	Green anole	Reptile	4		Diurnal				Species	Species		Squamata	Anolis	carolinensis		PRJNA554900	SRR9694548	Yes	SAMN12286935	SRX6452868	whole eye	adult		https://www.thesprucepets.com/green-anoles-pets-1236900	AnoCar2.0v2	GCA_000090745.2		Species	GCF_000090745.1	AnoCar2.0	Species	Species	Species				x	racaro					Schott_Chang_2019_EvolutionarySignaturesPhotoreceptor	doi:10.1111/evo.13810	SelectiveGenes using sequence similarity
Gekko_gecko_0	GEGE0	0	SRA	PE	41	Gekko_gecko	Gekko gecko	Tokay gecko	Reptile	1		Unknown				Species	Genus		Squamata	Gekko	gecko		PRJNA554900	SRR9694547		SAMN12286934	SRX6452869	whole eye	adult						Species	GCF_001447785.1	Gekko_japonicus_V1.1	No	Genus	No					rggeck					Schott_Chang_2019_EvolutionarySignaturesPhotoreceptor	doi:10.1111/evo.13810	SelectiveGenes using sequence similarity
Motacilla_alba_0	MOAL0	0	SRA	PE	62	Motacilla_alba	Motacilla alba	White wagtail	Bird	1		Diurnal				Species	Species	TOGA	Passeriformes	Motacilla	alba		PRJNA662706	SRR12641448		SAMN16132659	SRX9123506	eye; name confusion	adult	male	may exhibit some crepuscular (dawn and dusk) activity as well				Species	GCF_015832195.1	Motacilla_alba_V1.0_pri	No	Species	No	Species	Species	Motacilla alba alba;Motacilla tschutschensis		bmalba	Motacilla_alba_alba	NCBI	https://ftp.ncbi.nlm.nih.gov/genomes/all/GCF/015/832/195/GCF_015832195.1_Motacilla_alba_V1.0_pri/GCF_015832195.1_Motacilla_alba_V1.0_pri_genomic.gtf.gz	https://ftp.ncbi.nlm.nih.gov/genomes/all/GCF/015/832/195/GCF_015832195.1_Motacilla_alba_V1.0_pri/GCF_015832195.1_Motacilla_alba_V1.0_pri_cds_from_genomic.fna.gz	Mitochondrial		
Xenopus_tropicalis_0	XETR0	0	Mine	PE	39	Xenopus_tropicalis	Xenopus tropicalis	Western clawed frog	Amphibian	3		Nocturnal				Species	Species		Anura	Xenopus	tropicalis	R42019-258						Lab			https://amphibiaweb.org/species/5246	UCB_Xtro_10.0	GCA_000004195.4		Species	GCF_000004195.4	UCB_Xtro_10.0	Species	Species	Species				x	axtrop							
Xenopus_tropicalis_1	XETR1	1	Mine	PE	39	Xenopus_tropicalis	Xenopus tropicalis	Western clawed frog	Amphibian	3		Nocturnal				Species	Species		Anura	Xenopus	tropicalis	R42019-259						Lab			https://amphibiaweb.org/species/5246	UCB_Xtro_10.0	GCA_000004195.4		Species	GCF_000004195.4	UCB_Xtro_10.0	Species	Species	Species				x	axtrop							
Xenopus_tropicalis_2	XETR2	2	Mine	PE	39	Xenopus_tropicalis	Xenopus tropicalis	Western clawed frog	Amphibian	3		Nocturnal				Species	Species		Anura	Xenopus	tropicalis	R42019-257						Lab			https://amphibiaweb.org/species/5246	UCB_Xtro_10.0	GCA_000004195.4		Species	GCF_000004195.4	UCB_Xtro_10.0	Species	Species	Species				x	axtrop							