name,type,path
SpeciesTree,tree,imports/trees/species181_topology_with_scientific_names.nwk
LargeMAF,alignment,scratch/temp_tree_alignment/representative_LargeMAF/representative_LargeMAF__full__clustalo__fullaln.fasta
LargeMAF,tree,scratch/temp_tree_alignment/representative_LargeMAF/representative_LargeMAF__full__clustalo__fullaln__constr_largemaf__fast.newick
SmallMAF,alignment,scratch/temp_tree_alignment/representative_SmallMAF/representative_SmallMAF__full__clustalo__fullaln.fasta
SmallMAF,tree,scratch/temp_tree_alignment/representative_SmallMAF/representative_SmallMAF__full__clustalo__fullaln__constr_smallmaf__fast.newick
AllMAF,alignment,scratch/temp_tree_alignment/representative_AllMAF/representative_AllMAF__full__clustalo__trimaln.fasta
AllMAF,tree,scratch/temp_tree_alignment/representative_AllMAF/representative_AllMAF__full__clustalo__trimaln__constr_allmaf__fast.newick
AllOTX,alignment,scratch/temp_tree_alignment/representative_AllOTX/representative_AllOTX__full__clustalo__fullaln.fasta
AllOTX,tree,scratch/temp_tree_alignment/representative_AllOTX/representative_AllOTX__full__clustalo__fullaln__constr_allotx__fast.newick
