OrganismOrder181	OrganismShortName	OrganismID	OrganismCommonName	OrganismScientificName	OrganismColor	IsVertebrate	Representative	Datasets	OrganismOrder50	annotated50	bulkrna107	scrna35	hahnscrna17	liscrna24	near29	AnnotationSource	AnnotationRelease	AnnotationName	AnnotationComment	SurrogateID	SurrogateShortName	SurrogateAnnotationSource	SurrogateAnnotationRelease	SurrogateAnnotationName
1	hydra	Hydra_vulgaris	Swiftwater hydra	Hydra vulgaris	Nonchordates	No	No	annotated50	1.0	Yes	No	No	No	No	No	GCF	GCF_038396675.1	HydraT2T_AEP		Hydra_vulgaris	hydra	GCF	GCF_038396675.1	HydraT2T_AEP
2	flameJellyfish	Rhopilema_esculentum	Flame jellyfish	Rhopilema esculentum	Nonchordates	No	No	near29		No	No	No	No	No	Yes	GCF	GCF_013076305.1	ASM1307630v1		Rhopilema_esculentum	flameJellyfish	GCF	GCF_013076305.1	ASM1307630v1
3	boxJellyfish	Alatina_alata	Sea wasp (Box jellyfish)	Alatina alata	Nonchordates	No	No	bulkrna107		No	Yes	No	No	No	No	GCF Near	GCF_013076305.1	ASM1307630v1		Rhopilema_esculentum	flameJellyfish	GCF	GCF_013076305.1	ASM1307630v1
4	scallop	Mizuhopecten_yessoensis	Yesso scallop	Mizuhopecten yessoensis	Nonchordates	No	No	bulkrna107		No	Yes	No	No	No	No	GCF	GCF_002113885.1	ASM211388v2		Mizuhopecten_yessoensis	scallop	GCF	GCF_002113885.1	ASM211388v2
5	octopus	Octopus_bimaculoides	California two-spot octopus	Octopus bimaculoides	Nonchordates	No	No	annotated50,bulkrna107	2.0	Yes	Yes	No	No	No	No	GCF	GCF_001194135.2	ASM119413v2		Octopus_bimaculoides	octopus	GCF	GCF_001194135.2	ASM119413v2
6	hawaiianSquid	Euprymna_scolopes	Hawaiian bobtail squid	Euprymna scolopes	Nonchordates	No	No	bulkrna107		No	Yes	No	No	No	No	GCA	GCA_024364805.1	ASM2436480v1		Octopus_bimaculoides	octopus	GCF	GCF_001194135.2	ASM119413v2
7	reefSquid	Sepioteuthis_sepioidea	Caribbean reef squid	Sepioteuthis sepioidea	Nonchordates	No	No	bulkrna107		No	Yes	No	No	No	No	NoGenome				Octopus_bimaculoides	octopus	GCF	GCF_001194135.2	ASM119413v2
8	tardigrade	Paramacrobiotus_metropolitanus	Tardigrade	Paramacrobiotus metropolitanus	Nonchordates	No	No	annotated50	3.0	Yes	No	No	No	No	No	GCF	GCF_019649055.1	Prichtersi_v1.0		Paramacrobiotus_metropolitanus	tardigrade	GCF	GCF_019649055.1	Prichtersi_v1.0
9	waspSpider	Argiope_bruennichi	Wasp spider	Argiope bruennichi	Nonchordates	No	No	near29		No	No	No	No	No	Yes	GCF	GCF_947563725.1	qqArgBrue1.1		Argiope_bruennichi	waspSpider	GCF	GCF_947563725.1	qqArgBrue1.1
10	spider	Habronattus_gilaensis	Paradise spider	Habronattus gilaensis	Nonchordates	No	No	bulkrna107		No	Yes	No	No	No	No	NoGenome				Argiope_bruennichi	waspSpider	GCF	GCF_947563725.1	qqArgBrue1.1
11	norwayLobster	Nephrops_norvegicus	Norway lobster	Nephrops norvegicus	Nonchordates	No	No	bulkrna107		No	Yes	No	No	No	No	GCF Near	GCF_018991925.1	GMGI_Hamer_2.0		Homarus_americanus	americanLobster	GCF	GCF_018991925.1	GMGI_Hamer_2.0
12	americanLobster	Homarus_americanus	American lobster	Homarus americanus	Nonchordates	No	No	near29		No	No	No	No	No	Yes	GCF	GCF_018991925.1	GMGI_Hamer_2.0		Homarus_americanus	americanLobster	GCF	GCF_018991925.1	GMGI_Hamer_2.0
13	drosophila	Drosophila_melanogaster	Fruit fly	Drosophila melanogaster	Nonchordates	No	Yes	annotated50,bulkrna107	4.0	Yes	Yes	No	No	No	No	GCF	GCF_000001215.4	Release_6_plus_ISO1_MT		Drosophila_melanogaster	drosophila	GCF	GCF_000001215.4	Release_6_plus_ISO1_MT
14	plastererBee	Colletes_gigas	Plasterer Bee	Colletes gigas	Nonchordates	No	Yes	annotated50	5.0	Yes	No	No	No	No	No	GCF	GCF_013123115.1	ASM1312311v1		Colletes_gigas	plastererBee	GCF	GCF_013123115.1	ASM1312311v1
15	acornWorm	Saccoglossus_kowalevskii	Acorn worm	Saccoglossus kowalevskii	Nonchordates	No	Yes	annotated50	6.0	Yes	No	No	No	No	No	GCF	GCF_000003605.2	Skow_1.1		Saccoglossus_kowalevskii	acornWorm	GCF	GCF_000003605.2	Skow_1.1
16	seaurchin	Lytechinus_variegatus	Green sea urchin	Lytechinus variegatus	Nonchordates	No	Yes	annotated50	7.0	Yes	No	No	No	No	No	GCF	GCF_018143015.1	Lvar_3.0		Lytechinus_variegatus	seaurchin	GCF	GCF_018143015.1	Lvar_3.0
17	echinoderm	Anneissia_japonica	Japanese echinoderm	Anneissia japonica	Nonchordates	No	Yes	annotated50	8.0	Yes	No	No	No	No	No	GCF	GCF_011630105.1	ASM1163010v1		Anneissia_japonica	echinoderm	GCF	GCF_011630105.1	ASM1163010v1
18	amphioxus	Branchiostoma_floridae	Florida lancelet (Amphioxus)	Branchiostoma floridae	Protochordates	No	Yes	annotated50,bulkrna107	9.0	Yes	Yes	No	No	No	No	GCF	GCF_035083965.1	klBraLanc5.hap2		Branchiostoma_floridae	amphioxus	GCF	GCF_035083965.1	klBraLanc5.hap2
19	vaseTunicate	Ciona_intestinalis	Vase tunicate	Ciona intestinalis	Protochordates	No	Yes	annotated50,bulkrna107	10.0	Yes	Yes	No	No	No	No	GCF	GCF_000224145.3	KH		Ciona_intestinalis	vaseTunicate	GCF	GCF_000224145.3	KH
20	seaSquirt	Styela_clava	Sea squirt	Styela clava	Protochordates	No	Yes	annotated50	11.0	Yes	No	No	No	No	No	GCF	GCF_013122585.1	ASM1312258v2		Styela_clava	seaSquirt	GCF	GCF_013122585.1	ASM1312258v2
21	atlanticHagfish	Myxine_glutinosa	Hagfish	Myxine glutinosa	Agnathans (hagfish and lampreys)	Yes	Yes	annotated50	12.0	Yes	No	No	No	No	No	GCF	GCF_040869285.1	UKY_Mglu_1.0		Myxine_glutinosa	atlanticHagfish	GCF	GCF_040869285.1	UKY_Mglu_1.0
22	inshoreHagfish	Eptatretus_burgeri	Inshore Hagfish	Eptatretus burgeri	Agnathans (hagfish and lampreys)	Yes	Yes	extra		No	No	No	No	No	No	Ensembl	GCA_000001405.14	Eburgeri_3.2		Eptatretus_burgeri	inshoreHagfish	Ensembl	GCA_000001405.14	Eburgeri_3.2
23	brownHagfish	Eptatretus_atami	Brown Hagfish	Eptatretus atami	Agnathans (hagfish and lampreys)	Yes	Yes	extra		No	No	No	No	No	No	Custom				Eptatretus_atami	brownHagfish	Custom		
24	broadgilledHagfish	Eptatretus_cirrhatus	Broadgilled hagfish	Eptatretus cirrhatus	Agnathans (hagfish and lampreys)	Yes	Yes	bulkrna107		No	Yes	No	No	No	No	NoGenome				Myxine_glutinosa	atlanticHagfish	GCF	GCF_040869285.1	UKY_Mglu_1.0
25	pouchedLamprey	Geotria_australis	Pouched lamprey	Geotria australis	Agnathans (hagfish and lampreys)	Yes	Yes	bulkrna107		No	Yes	No	No	No	No	GCA	GCA_036362915.1	kcGeoAust1.1		Petromyzon_marinus	seaLamprey	GCF	GCF_048934315.1	UKy_Petmar_22M1.pri1.0
26	shortheadLamprey	Mordacia_mordax	Short-headed lamprey	Mordacia mordax	Agnathans (hagfish and lampreys)	Yes	Yes	bulkrna107		No	Yes	No	No	No	No	GCA	GCA_036362905.1	kcMorMord1.1		Petromyzon_marinus	seaLamprey	GCF	GCF_048934315.1	UKy_Petmar_22M1.pri1.0
27	seaLamprey	Petromyzon_marinus	Sea lamprey	Petromyzon marinus	Agnathans (hagfish and lampreys)	Yes	Yes	annotated50,bulkrna107,hahnscrna17	13.0	Yes	Yes	Yes	Yes	No	No	GCF	GCF_048934315.1	UKy_Petmar_22M1.pri1.0	Orig papers used GCF_010993605.1_kPetMar1.pri and GCA_000148955.1_Pmarinus_7.0	Petromyzon_marinus	seaLamprey	GCF	GCF_048934315.1	UKy_Petmar_22M1.pri1.0
28	europeanRiverLamprey	Lampetra_fluviatilis	European river lamprey	Lampetra fluviatilis	Agnathans (hagfish and lampreys)	Yes	Yes	extra		No	No	No	No	No	No	Custom				Lampetra_fluviatilis	europeanRiverLamprey	Custom		
29	europeanBrookLamprey	Lampetra_planeri	European brook lamprey	Lampetra planeri	Agnathans (hagfish and lampreys)	Yes	Yes	extra		No	No	No	No	No	No	Custom				Lampetra_planeri	europeanBrookLamprey	Custom		
30	fareasternBrookLamprey	Lethenteron_reissneri	Far Eastern brook lamprey	Lethenteron reissneri	Agnathans (hagfish and lampreys)	Yes	Yes	near29		No	No	No	No	No	Yes	GCF	GCF_015708825.1	ASM1570882v1		Lethenteron_reissneri	fareasternBrookLamprey	GCF	GCF_015708825.1	ASM1570882v1
31	arcticLamprey	Lethenteron_camtschaticum	Arctic lamprey	Lethenteron camtschaticum	Agnathans (hagfish and lampreys)	Yes	Yes	bulkrna107		No	Yes	No	No	No	No	GCF Near	GCF_015708825.1	ASM1570882v1		Lethenteron_reissneri	fareasternBrookLamprey	GCF	GCF_015708825.1	ASM1570882v1
32	bluespottedStingray	Neotrygon_kuhlii	Blue-spotted stingray	Neotrygon kuhlii	Cartilaginous fishes	Yes	Yes	bulkrna107		No	Yes	No	No	No	No	GCF Near	GCF_048418815.1	sHemAka1.3		Hemitrygon_akajei	redStingray	GCF	GCF_048418815.1	sHemAka1.3
33	redStingray	Hemitrygon_akajei	Red stingray	Hemitrygon akajei	Cartilaginous fishes	Yes	Yes	near29		No	No	No	No	No	Yes	GCF	GCF_048418815.1	sHemAka1.3		Hemitrygon_akajei	redStingray	GCF	GCF_048418815.1	sHemAka1.3
34	catshark	Scyliorhinus_torazame	Cloudy catshark	Scyliorhinus torazame	Cartilaginous fishes	Yes	Yes	bulkrna107		No	Yes	No	No	No	No	GCF	GCF_047496885.1	sScyTor2.1		Scyliorhinus_torazame	catshark	GCF	GCF_047496885.1	sScyTor2.1
35	reefShark	Carcharhinus_amblyrhynchos	Grey reef shark	Carcharhinus amblyrhynchos	Cartilaginous fishes	Yes	Yes	bulkrna107		No	Yes	No	No	No	No	GCF Near	GCF_030264375.1	sScyTor2.1		Scyliorhinus_torazame	catshark	GCF	GCF_047496885.1	sScyTor2.1
36	bambooShark	Chiloscyllium_punctatum	Brownbanded bamboo shark	Chiloscyllium punctatum	Cartilaginous fishes	Yes	Yes	bulkrna107		No	Yes	No	No	No	No	GCF	GCF_047496795.1	sChiPun1.3		Chiloscyllium_punctatum	bambooShark	GCF	GCF_047496795.1	sChiPun1.3
37	nurseShark	Ginglymostoma_cirratum	Nurse shark	Ginglymostoma cirratum	Cartilaginous fishes	Yes	Yes	bulkrna107		No	Yes	No	No	No	No	GCF Near	GCF_030684315.1	sSteTig4.hap1		Stegostoma_tigrinum	zebraShark	GCF	GCF_030684315.1	sSteTig4.hap1
38	zebraShark	Stegostoma_tigrinum	Zebra shark	Stegostoma tigrinum	Cartilaginous fishes	Yes	Yes	near29		No	No	No	No	No	Yes	GCF	GCF_030684315.1	sSteTig4.hap1		Stegostoma_tigrinum	zebraShark	GCF	GCF_030684315.1	sSteTig4.hap1
39	whaleShark	Rhincodon_typus	Whale shark	Rhincodon typus	Cartilaginous fishes	Yes	Yes	annotated50	14.0	Yes	No	No	No	No	No	GCF	GCF_021869965.1	sRhiTyp1.1		Rhincodon_typus	whaleShark	GCF	GCF_021869965.1	sRhiTyp1.1
40	bowfin	Amia_calva	Bowfin	Amia calva	Non-teleost ray-finned fishes	Yes	Yes	bulkrna107		No	Yes	No	No	No	No	GCF Near	GCF_040954835.1	fLepOcu1.hap2		Lepisosteus_oculatus	spottedGar	GCF	GCF_040954835.1	fLepOcu1.hap2
41	spottedGar	Lepisosteus_oculatus	Spotted gar	Lepisosteus oculatus	Non-teleost ray-finned fishes	Yes	Yes	annotated50,bulkrna107	15.0	Yes	Yes	No	No	No	No	GCF	GCF_040954835.1	fLepOcu1.hap2		Lepisosteus_oculatus	spottedGar	GCF	GCF_040954835.1	fLepOcu1.hap2
42	floridaGar	Lepisosteus_platyrhincus	Florida gar	Lepisosteus platyrhincus	Non-teleost ray-finned fishes	Yes	Yes	bulkrna107		No	Yes	No	No	No	No	GCF Near	GCF_040954835.1	fLepOcu1.hap2		Lepisosteus_oculatus	spottedGar	GCF	GCF_040954835.1	fLepOcu1.hap2
43	americanEel	Anguilla_rostrata	American eel	Anguilla rostrata	Teleost ray-finned fishes	Yes	No	near29		No	No	No	No	No	Yes	GCF	GCF_018555375.3	ASM1855537v3		Anguilla_rostrata	americanEel	GCF	GCF_018555375.3	ASM1855537v3
44	eel	Gymnothorax_saxicola	Ocellated moray eel	Gymnothorax saxicola	Teleost ray-finned fishes	Yes	No	bulkrna107		No	Yes	No	No	No	No	NoGenome				Anguilla_rostrata	americanEel	GCF	GCF_018555375.3	ASM1855537v3
45	zebrafish	Danio_rerio	Zebrafish	Danio rerio	Teleost ray-finned fishes	Yes	Yes	annotated50,bulkrna107,hahnscrna17	16.0	Yes	Yes	Yes	Yes	No	No	GCF	GCF_000002035.6	GRCz11		Danio_rerio	zebrafish	GCF	GCF_000002035.6	GRCz11
46	grassCarp	Ctenopharyngodon_idella	Grass carp	Ctenopharyngodon idella	Teleost ray-finned fishes	Yes	Yes	liscrna24		No	No	Yes	No	Yes	No	GCF	GCF_019924925.1	HZGC01		Ctenopharyngodon_idella	grassCarp	GCF	GCF_019924925.1	HZGC01
47	channelCatfish	Ictalurus_punctatus	Channel catfish	Ictalurus punctatus	Teleost ray-finned fishes	Yes	No	annotated50	17.0	Yes	No	No	No	No	No	GCF	GCF_001660625.3	Coco_2.0		Ictalurus_punctatus	channelCatfish	GCF	GCF_001660625.3	Coco_2.0
48	yangtzeCatfish	Silurus_meridionalis	Yangtze catfish	Silurus meridionalis	Teleost ray-finned fishes	Yes	No	bulkrna107		No	Yes	No	No	No	No	GCF	GCF_014805685.1	ASM1480568v1		Silurus_meridionalis	yangtzeCatfish	GCF	GCF_014805685.1	ASM1480568v1
49	piranha	Pygocentrus_nattereri	Red-bellied piranha	Pygocentrus nattereri	Teleost ray-finned fishes	Yes	Yes	annotated50	18.0	Yes	No	No	No	No	No	GCF	GCF_015220715.1	fPygNat1.pri		Pygocentrus_nattereri	piranha	GCF	GCF_015220715.1	fPygNat1.pri
50	northernPike	Esox_lucius	Northern pike	Esox lucius	Teleost ray-finned fishes	Yes	Yes	bulkrna107		No	Yes	No	No	No	No	GCF	GCF_011004845.1	fEsoLuc1.pri		Esox_lucius	northernPike	GCF	GCF_011004845.1	fEsoLuc1.pri
51	lanternFish	Electrona_risso	Electric lantern fish	Electrona risso	Teleost ray-finned fishes	Yes	No	bulkrna107		No	Yes	No	No	No	No	NoGenome				Gadus_morhua	cod	GCF	GCF_902167405.1	gadMor3.0
52	cod	Gadus_morhua	Atlantic cod	Gadus morhua	Teleost ray-finned fishes	Yes	Yes	bulkrna107		No	Yes	No	No	No	No	GCF	GCF_902167405.1	gadMor3.0		Gadus_morhua	cod	GCF	GCF_902167405.1	gadMor3.0
53	tuna	Thunnus_albacares	Yellowfin tuna	Thunnus albacares	Teleost ray-finned fishes	Yes	Yes	bulkrna107		No	Yes	No	No	No	No	GCF	GCF_914725855.1	fThuAlb1.1		Thunnus_albacares	tuna	GCF	GCF_914725855.1	fThuAlb1.1
54	snakeheadFish	Channa_argus	Snakehead fish	Channa argus	Teleost ray-finned fishes	Yes	Yes	liscrna24		No	No	Yes	No	Yes	No	GCF	GCF_033026475.1	Channa_argus_male_v1.0	Orig paper used ASM1899790v1	Channa_argus	snakeheadFish	GCF	GCF_033026475.1	Channa_argus_male_v1.0
55	cichlid	Archocentrus_centrarchus	Flier cichlid	Archocentrus centrarchus	Teleost ray-finned fishes	Yes	No	bulkrna107		No	Yes	No	No	No	No	GCF Near	GCF_007364275.1	fArcCen1		Aulonocara_stuartgranti	flavescentPeacockFish	GCF	GCF_007364275.1	fArcCen1
56	tilapia	Oreochromis_mossambicus	Mozambique tilapia	Oreochromis mossambicus	Teleost ray-finned fishes	Yes	No	liscrna24		No	No	Yes	No	Yes	No	GCF Near	GCF_007364275.1	fArcCen1		Aulonocara_stuartgranti	flavescentPeacockFish	GCF	GCF_007364275.1	fArcCen1
57	flavescentPeacockFish	Aulonocara_stuartgranti	Flavescent peacock cichlid	Aulonocara stuartgranti	Teleost ray-finned fishes	Yes	Yes	near29		No	No	No	No	No	Yes	GCF	GCF_007364275.1	fArcCen1		Aulonocara_stuartgranti	flavescentPeacockFish	GCF	GCF_007364275.1	fArcCen1
58	yellowPeacockFish	Aulonocara_baenschi	Nkhomo-benga peacock	Aulonocara baenschi	Teleost ray-finned fishes	Yes	No	bulkrna107		No	Yes	No	No	No	No	GCF Near	GCF_007364275.1	fArcCen1		Aulonocara_stuartgranti	flavescentPeacockFish	GCF	GCF_007364275.1	fArcCen1
59	triggerfish	Rhinecanthus_aculeatus	Lagoon triggerfish	Rhinecanthus aculeatus	Teleost ray-finned fishes	Yes	No	bulkrna107		No	Yes	No	No	No	No	GCF Near	GCF_046127955.1	CSIRO-AGI_Nayr_v1		Nelusetta_ayraudi	oceanJacket	GCF	GCF_046127955.1	CSIRO-AGI_Nayr_v1
60	oceanJacket	Nelusetta_ayraudi	Chinaman-leatherjacket	Nelusetta ayraudi	Teleost ray-finned fishes	Yes	Yes	near29		No	No	No	No	No	Yes	GCF	GCF_046127955.1	CSIRO-AGI_Nayr_v1		Nelusetta_ayraudi	oceanJacket	GCF	GCF_046127955.1	CSIRO-AGI_Nayr_v1
61	giltheadBream	Sparus_aurata	Gilt-head bream	Sparus aurata	Teleost ray-finned fishes	Yes	No	bulkrna107		No	Yes	No	No	No	No	GCF	GCF_900880675.1	fSpaAur1.1		Sparus_aurata	giltheadBream	GCF	GCF_900880675.1	fSpaAur1.1
62	oldwife	Enoplosus_armatus	Old wife	Enoplosus armatus	Teleost ray-finned fishes	Yes	Yes	near29		No	No	No	No	No	Yes	GCF	GCF_043641665.1	fEnoArm2.hap1		Enoplosus_armatus	oldwife	GCF	GCF_043641665.1	fEnoArm2.hap1
63	bluegill	Lepomis_macrochirus	Bluegill	Lepomis macrochirus	Teleost ray-finned fishes	Yes	No	bulkrna107		No	Yes	No	No	No	No	GCF Near	GCF_043641665.1	fEnoArm2.hap1		Enoplosus_armatus	oldwife	GCF	GCF_043641665.1	fEnoArm2.hap1
64	coelacanth	Latimeria_chalumnae	Coelacanth	Latimeria chalumnae	Lobe-finned fishes	Yes	Yes	annotated50	19.0	Yes	No	No	No	No	No	GCF	GCF_037176945.1	fLatCha1.pri		Latimeria_chalumnae	coelacanth	GCF	GCF_037176945.1	fLatCha1.pri
65	lungfish	Protopterus_annectens	West African lungfish	Protopterus annectens	Lobe-finned fishes	Yes	Yes	annotated50	20.0	Yes	No	No	No	No	No	GCF	GCF_019279795.1	PAN1.0		Protopterus_annectens	lungfish	GCF	GCF_019279795.1	PAN1.0
66	tinyCaecilian	Microcaecilia_unicolor	Tiny Cayenne Caecilian	Microcaecilia unicolor	Amphibians	Yes	Yes	annotated50	21.0	Yes	No	No	No	No	No	GCF	GCF_901765095.1	aMicUni1.1		Microcaecilia_unicolor	tinyCaecilian	GCF	GCF_901765095.1	aMicUni1.1
67	twolinedCaecilian	Rhinatrema_bivittatum	Two-lined caecilian	Rhinatrema bivittatum	Amphibians	Yes	Yes	annotated50	22.0	Yes	No	No	No	No	No	GCF	GCF_901001135.1	aRhiBiv1.1		Rhinatrema_bivittatum	twolinedCaecilian	GCF	GCF_901001135.1	aRhiBiv1.1
68	chineseSalamander	Andrias_davidianus	Chinese giant salamander	Andrias davidianus	Amphibians	Yes	Yes	bulkrna107		No	Yes	No	No	No	No	GCF Near	GCF_040938575.1	UKY_AmexF1_1		Ambystoma_mexicanum	axolotl	GCF	GCF_040938575.1	UKY_AmexF1_1
69	axolotl	Ambystoma_mexicanum	Axolotl	Ambystoma mexicanum	Amphibians	Yes	Yes	liscrna24		No	No	Yes	No	Yes	No	GCF	GCF_040938575.1	UKY_AmexF1_1	Orig paper used AmbMex60DD	Ambystoma_mexicanum	axolotl	GCF	GCF_040938575.1	UKY_AmexF1_1
70	redSalamander	Plethodon_cinereus	Red-backed salamander	Plethodon cinereus	Amphibians	Yes	Yes	bulkrna107		No	Yes	No	No	No	No	GCF Near	GCF_040938575.1	UKY_AmexF1_1		Ambystoma_mexicanum	axolotl	GCF	GCF_040938575.1	UKY_AmexF1_1
71	himalayaFrog	Nanorana_parkeri	High Himalaya Frog	Nanorana parkeri	Amphibians	Yes	Yes	annotated50	23.0	Yes	No	No	No	No	No	GCF	GCF_000935625.1	ASM93562v1		Nanorana_parkeri	himalayaFrog	GCF	GCF_000935625.1	ASM93562v1
72	westernFrog	Xenopus_tropicalis	Western clawed frog	Xenopus tropicalis	Amphibians	Yes	Yes	annotated50,bulkrna107	24.0	Yes	Yes	No	No	No	No	GCF	GCF_000004195.4	UCB_Xtro_10.0		Xenopus_tropicalis	westernFrog	GCF	GCF_000004195.4	UCB_Xtro_10.0
73	africanFrog	Xenopus_laevis	African clawed frog	Xenopus laevis	Amphibians	Yes	Yes	annotated50,bulkrna107	25.0	Yes	Yes	No	No	No	No	GCF	GCF_017654675.1	Xenopus_laevis_v10.1		Xenopus_laevis	africanFrog	GCF	GCF_017654675.1	Xenopus_laevis_v10.1
74	tokayGecko	Gekko_gecko	Tokay gecko	Gekko gecko	Squamata (lizards and snakes)	Yes	Yes	bulkrna107		No	Yes	No	No	No	No	GCF Near	GCF_001447785.1	Gekko_japonicus_V1.1		Gekko_japonicus	japaneseGecko	GCF	GCF_001447785.1	Gekko_japonicus_V1.1
75	japaneseGecko	Gekko_japonicus	Japanese gecko	Gekko japonicus	Squamata (lizards and snakes)	Yes	Yes	annotated50	26.0	Yes	No	No	No	No	No	GCF	GCF_001447785.1	Gekko_japonicus_V1.1		Gekko_japonicus	japaneseGecko	GCF	GCF_001447785.1	Gekko_japonicus_V1.1
76	sandLizard	Lacerta_agilis	Sand lizard	Lacerta agilis	Squamata (lizards and snakes)	Yes	Yes	annotated50	27.0	Yes	No	No	No	No	No	GCF	GCF_009819535.1	rLacAgi1.pri		Lacerta_agilis	sandLizard	GCF	GCF_009819535.1	rLacAgi1.pri
77	tawnyDragon	Ctenophorus_decresii	Tawny crevice-dragon	Ctenophorus decresii	Squamata (lizards and snakes)	Yes	Yes	bulkrna107		No	Yes	No	No	No	No	GCF Near	GCF_900067755.1	pvi1.1		Pogona_vitticeps	beardedDragon	GCF	GCF_900067755.1	pvi1.1
78	beardedDragon	Pogona_vitticeps	Bearded dragon	Pogona vitticeps	Squamata (lizards and snakes)	Yes	Yes	annotated50,liscrna24	28.0	Yes	No	Yes	No	Yes	No	GCF	GCF_900067755.1	pvi1.1		Pogona_vitticeps	beardedDragon	GCF	GCF_900067755.1	pvi1.1
79	greenAnole	Anolis_carolinensis	Green anole lizard	Anolis carolinensis	Squamata (lizards and snakes)	Yes	Yes	annotated50,bulkrna107	29.0	Yes	Yes	No	No	No	No	GCF	GCF_035594765.1	rAnoCar3.1.pri		Anolis_carolinensis	greenAnole	GCF	GCF_035594765.1	rAnoCar3.1.pri
80	brownAnole	Anolis_sagrei	Brown anole lizard 	Anolis sagrei	Squamata (lizards and snakes)	Yes	Yes	annotated50,hahnscrna17	30.0	Yes	No	Yes	Yes	No	No	GCF	GCF_037176765.1	rAnoSag1.mat	Orig paper used GCF_025583915.1/AnoSag2.1	Anolis_sagrei	brownAnole	GCF	GCF_037176765.1	rAnoSag1.mat
81	python	Python_bivittatus	Burmese python	Python bivittatus	Squamata (lizards and snakes)	Yes	Yes	annotated50	31.0	Yes	No	No	No	No	No	GCF	GCF_000186305.1	Python_molurus_bivittatus-5.0.2		Python_bivittatus	python	GCF	GCF_000186305.1	Python_molurus_bivittatus-5.0.2
82	groundBoa	Candoia_aspera	Papuan ground boa	Candoia aspera	Squamata (lizards and snakes)	Yes	Yes	near29		No	No	No	No	No	Yes	GCF	GCF_035149785.1	rCanAsp1.hap2		Candoia_aspera	groundBoa	GCF	GCF_035149785.1	rCanAsp1.hap2
83	cobra	Naja_naja	Indian cobra	Naja naja	Squamata (lizards and snakes)	Yes	No	bulkrna107		No	Yes	No	No	No	No	GCF Near				Candoia_aspera	groundBoa	GCF	GCF_035149785.1	rCanAsp1.hap2
84	garterSnake	Thamnophis_sirtalis	Common garter snake	Thamnophis sirtalis	Squamata (lizards and snakes)	Yes	Yes	annotated50,bulkrna107	32.0	Yes	Yes	No	No	No	No	GCF	GCF_001077635.1	Thamnophis_sirtalis-6.0		Thamnophis_sirtalis	garterSnake	GCF	GCF_001077635.1	Thamnophis_sirtalis-6.0
85	cornSnake	Pantherophis_guttatus	Corn snake	Pantherophis guttatus	Squamata (lizards and snakes)	Yes	Yes	liscrna24		No	No	Yes	No	Yes	No	GCF	GCF_029531705.1	CU_Pguttatus_1		Pantherophis_guttatus	cornSnake	GCF	GCF_029531705.1	CU_Pguttatus_1
86	greenTurtle	Chelonia_mydas	Green turtle	Chelonia mydas	Turtles	Yes	Yes	annotated50	33.0	Yes	No	No	No	No	No	GCF	GCF_015237465.2	rCheMyd1.pri.v2		Chelonia_mydas	greenTurtle	GCF	GCF_015237465.2	rCheMyd1.pri.v2
87	redTurtle	Trachemys_scripta	Red-eared slider turtle	Trachemys scripta elegans	Turtles	Yes	Yes	liscrna24		No	No	Yes	No	Yes	No	GCF	GCF_013100865.1	CAS_Tse_1.0		Trachemys_scripta	redTurtle	GCF	GCF_013100865.1	CAS_Tse_1.0
88	americanAlligator	Alligator_mississippiensis	American alligator	Alligator mississippiensis	Crocodiles	Yes	Yes	annotated50,bulkrna107	34.0	Yes	Yes	No	No	No	No	GCF	GCF_030867095.1	rAllMis1		Alligator_mississippiensis	americanAlligator	GCF	GCF_030867095.1	rAllMis1
89	chineseAlligator	Alligator_sinensis	Chinese alligator	Alligator sinensis	Crocodiles	Yes	Yes	annotated50	35.0	Yes	No	No	No	No	No	GCF	GCF_000455745.1	ASM45574v1		Alligator_sinensis	chineseAlligator	GCF	GCF_000455745.1	ASM45574v1
90	emu	Dromaius_novaehollandiae	Emu	Dromaius novaehollandiae	Birds	Yes	Yes	bulkrna107		No	Yes	No	No	No	No	GCF	GCF_036370855.1	bDroNov1.hap1	Orig paper used GCF_003342905.1_droNov1	Dromaius_novaehollandiae	emu	GCF	GCF_036370855.1	bDroNov1.hap1
91	ostrich	Struthio_camelus	Common ostrich	Struthio camelus	Birds	Yes	No	bulkrna107		No	Yes	No	No	No	No	GCF	GCF_040807025.1	bStrCam1.hap1	Orig paper used GCF_000698965.1_ASM69896v1	Struthio_camelus	ostrich	GCF	GCF_040807025.1	bStrCam1.hap1
92	mallardDuck	Anas_platyrhynchos	Duck	Anas platyrhynchos	Birds	Yes	Yes	liscrna24		No	No	Yes	No	Yes	No	GCF	GCF_047663525.1	IASCAAS_PekinDuck_T2T	Orig paper used ZJU1.0	Anas_platyrhynchos	mallardDuck	GCF	GCF_047663525.1	IASCAAS_PekinDuck_T2T
93	muscovyDuck	Cairina_moschata	Muscovy duck	Cairina moschata	Birds	Yes	No	bulkrna107		No	Yes	No	No	No	No	GCF Near				Anas_platyrhynchos	mallardDuck	GCF	GCF_047663525.1	IASCAAS_PekinDuck_T2T
94	quail	Coturnix_japonica	Japanese quail	Coturnix japonica	Birds	Yes	Yes	annotated50,bulkrna107	36.0	Yes	Yes	No	No	No	No	GCF	GCF_001577835.2	Coturnix_japonica_2.1		Coturnix_japonica	quail	GCF	GCF_001577835.2	Coturnix_japonica_2.1
95	chicken	Gallus_gallus	Chicken	Gallus gallus domesticus	Birds	Yes	Yes	annotated50,bulkrna107,hahnscrna17,liscrna24	37.0	Yes	Yes	Yes	Yes	Yes	No	GCF	GCF_016699485.2	bGalGal1.mat.broiler.GRCg7b	Orig paper used GCF_000002315.4_Gallus_gallus-5.0	Gallus_gallus	chicken	GCF	GCF_016699485.2	bGalGal1.mat.broiler.GRCg7b
96	sunangel	Heliangelus_exortis	Tourmaline sunangel	Heliangelus exortis	Birds	Yes	No	near29		No	No	No	No	No	Yes	GCF	GCF_036169615.1	bHelExo1.hap1		Heliangelus_exortis	sunangel	GCF	GCF_036169615.1	bHelExo1.hap1
97	redStreamertail	Trochilus_polytmus	Red-billed streamertail	Trochilus polytmus	Birds	Yes	No	bulkrna107		No	Yes	No	No	No	No	NoGenome				Heliangelus_exortis	sunangel	GCF	GCF_036169615.1	bHelExo1.hap1
98	blackStreamertail	Trochilus_scitulus	Black-billed streamertail	Trochilus scitulus	Birds	Yes	No	bulkrna107		No	Yes	No	No	No	No	NoGenome				Heliangelus_exortis	sunangel	GCF	GCF_036169615.1	bHelExo1.hap1
99	hybridStreamertail	Trochilus_hybrid	Hybrid streamertail	Trochilus hybrid	Birds	Yes	No	bulkrna107		No	Yes	No	No	No	No	NoGenome				Heliangelus_exortis	sunangel	GCF	GCF_036169615.1	bHelExo1.hap1
100	pigeon	Columba_livia	Rock dove	Columba livia	Birds	Yes	Yes	annotated50,bulkrna107	38.0	Yes	Yes	No	No	No	No	GCF	GCF_036013475.1	bColLiv1.pat.W.v2	Orig paper used GCF_000337935.1/Cliv_1.0	Columba_livia	pigeon	GCF	GCF_036013475.1	bColLiv1.pat.W.v2
101	kite	Elanus_caeruleus	Black-winged kite	Elanus caeruleus	Birds	Yes	No	bulkrna107		No	Yes	No	No	No	No	GCF Near				Aquila_chrysaetos	goldenEagle	GCF	GCF_900496995.4	bAquChr1.4
102	goldenEagle	Aquila_chrysaetos	Gilden eagle	Aquila chrysaetos chrysaetos	Birds	Yes	Yes	near29		No	No	No	No	No	Yes	GCF	GCF_900496995.4	bAquChr1.4		Aquila_chrysaetos	goldenEagle	GCF	GCF_900496995.4	bAquChr1.4
103	vulture	Aegypius_monachus	Cinereous vulture	Aegypius monachus	Birds	Yes	No	bulkrna107		No	Yes	No	No	No	No	GCF Near				Harpia_harpyja	harpyEagle	GCF	GCF_026419915.1	bHarHar1_primary_haplotype
104	harpyEagle	Harpia_harpyja	Harpy eagle	Harpia harpyja	Birds	Yes	No	near29		No	No	No	No	No	Yes	GCF	GCF_026419915.1	bHarHar1_primary_haplotype		Harpia_harpyja	harpyEagle	GCF	GCF_026419915.1	bHarHar1_primary_haplotype
105	harrier	Circus_melanoleucos	Pied harrier	Circus melanoleucos	Birds	Yes	No	bulkrna107		No	Yes	No	No	No	No	GCF Near				Astur_gentilis	gosHwak	GCF	GCF_929443795.1	bAccGen1.1
106	greyfacedBuzzard	Butastur_indicus	Grey-faced buzzard	Butastur indicus	Birds	Yes	No	bulkrna107		No	Yes	No	No	No	No	GCF Near				Buteo_buteo	commonBuzzard	GCF	GCF_964188355.1	bButBut1.hap1.1
107	commonBuzzard	Buteo_buteo	Common buzzard	Buteo buteo	Birds	Yes	No	near29		No	No	No	No	No	Yes	GCF	GCF_964188355.1	bButBut1.hap1.1		Buteo_buteo	commonBuzzard	GCF	GCF_964188355.1	bButBut1.hap1.1
108	redTailHawk	Buteo_jamaicensis	Red-tailed hawk	Buteo jamaicensis	Birds	Yes	No	bulkrna107		No	Yes	No	No	No	No	GCF Near				Buteo_buteo	commonBuzzard	GCF	GCF_964188355.1	bButBut1.hap1.1
109	gosHwak	Astur_gentilis	Northern goshawk	Astur gentilis	Birds	Yes	No	near29		No	No	No	No	No	Yes	GCF	GCF_929443795.1	bAccGen1.1		Astur_gentilis	gosHwak	GCF	GCF_929443795.1	bAccGen1.1
110	coopersHawk	Accipiter_cooperii	Cooper's hawk	Accipiter cooperii	Birds	Yes	No	bulkrna107		No	Yes	No	No	No	No	Ensembl Near				Accipiter_nisus	sparrowHawk	Ensembl	GCA_004320145.1	Accipiter_nisus_ver1.0
111	besra	Accipiter_virgatus	Besra	Accipiter virgatus	Birds	Yes	No	bulkrna107		No	Yes	No	No	No	No	Ensembl Near				Accipiter_nisus	sparrowHawk	Ensembl	GCA_004320145.1	Accipiter_nisus_ver1.0
112	sparrowHawk	Accipiter_nisus	Eurasian sparrowhawk	Accipiter nisus	Birds	Yes	Yes	near29		No	No	No	No	No	Yes	Ensembl	GCA_004320145.1	Accipiter_nisus_ver1.0		Accipiter_nisus	sparrowHawk	Ensembl	GCA_004320145.1	Accipiter_nisus_ver1.0
113	barnOwl	Tyto_alba	Barn owl	Tyto alba	Birds	Yes	Yes	bulkrna107		No	Yes	No	No	No	No	GCF	GCF_018691265.1	T.alba_DEE_v4.0		Tyto_alba	barnOwl	GCF	GCF_018691265.1	T.alba_DEE_v4.0
114	grassOwl	Tyto_longimembris	Eastern grass owl	Tyto longimembris	Birds	Yes	No	bulkrna107		No	Yes	No	No	No	No	GCF Near	GCF_018691265.1	T.alba_DEE_v4.0		Tyto_alba	barnOwl	GCF	GCF_018691265.1	T.alba_DEE_v4.0
115	borealOwl	Aegolius_funereus	Boreal owl	Aegolius funereus	Birds	Yes	No	bulkrna107		No	Yes	No	No	No	No	GCF Near	GCF_965140245.1	bAthNoc1.hap1.1		Athene_noctua	littleOwl	GCF	GCF_965140245.1	bAthNoc1.hap1.1
116	littleOwl	Athene_noctua	Little owl	Athene noctua	Birds	Yes	No	bulkrna107		No	Yes	No	No	No	No	GCF	GCF_965140245.1	bAthNoc1.hap1.1		Athene_noctua	littleOwl	GCF	GCF_965140245.1	bAthNoc1.hap1.1
117	orientalScopsOwl	Otus_sunia	Oriental scops owl	Otus sunia	Birds	Yes	No	near29		No	No	No	No	No	Yes	Ensembl	GCA_010365825.1	OtuSun1.0		Otus_sunia	orientalScopsOwl	Ensembl	GCA_010365825.1	OtuSun1.0
118	eurasianScopsOwl	Otus_scops	Eurasian scops owl	Otus scops	Birds	Yes	No	bulkrna107		No	Yes	No	No	No	No	GCA	GCA_039877175.1	ASM3987717v1		Otus_sunia	orientalScopsOwl	Ensembl	GCA_010365825.1	OtuSun1.0
119	indianScopsOwl	Otus_bakkamoena	Indian scops owl	Otus bakkamoena	Birds	Yes	No	bulkrna107		No	Yes	No	No	No	No	NoGenome				Otus_sunia	orientalScopsOwl	Ensembl	GCA_010365825.1	OtuSun1.0
120	shortearOwl	Asio_flammeus	Short-eared owl	Asio flammeus	Birds	Yes	No	bulkrna107		No	Yes	No	No	No	No	NoGenome				Otus_sunia	orientalScopsOwl	Ensembl	GCA_010365825.1	OtuSun1.0
121	longearOwl	Asio_otus	Long-eared owl	Asio otus	Birds	Yes	No	bulkrna107		No	Yes	No	No	No	No	NoGenome				Otus_sunia	orientalScopsOwl	Ensembl	GCA_010365825.1	OtuSun1.0
122	screechOwl	Megascops_asio	Eastern screech owl	Megascops asio	Birds	Yes	No	bulkrna107		No	Yes	No	No	No	No	GCA	GCA_040967475.1	ASM4096747v1		Otus_sunia	orientalScopsOwl	Ensembl	GCA_010365825.1	OtuSun1.0
123	barredOwl	Strix_varia	Barred owl	Strix varia	Birds	Yes	No	bulkrna107		No	Yes	No	No	No	No	GCF Near	GCF_047716275.1	bStrUra1		Strix_uralensis	uralOwl	GCF	GCF_047716275.1	bStrUra1
124	uralOwl	Strix_uralensis	Ural owl	Strix uralensis	Birds	Yes	No	near29		No	No	No	No	No	Yes	GCF	GCF_047716275.1	bStrUra1		Strix_uralensis	uralOwl	GCF	GCF_047716275.1	bStrUra1
125	tawnyOwl	Strix_aluco	Tawny owl	Strix aluco	Birds	Yes	No	bulkrna107		No	Yes	No	No	No	No	GCF	GCF_031877795.1	bStrAlu1.hap1		Strix_aluco	tawnyOwl	GCF	GCF_031877795.1	bStrAlu1.hap1
126	eagleOwl	Bubo_bubo	Eurasian eagle-owl	Bubo bubo	Birds	Yes	No	bulkrna107		No	Yes	No	No	No	No	Ensembl	GCA_010303855.1	BubBub1.0		Bubo_bubo	eagleOwl	Ensembl	GCA_010303855.1	BubBub1.0
127	hornedOwl	Bubo_virginianus	Great horned owl	Bubo virginianus	Birds	Yes	No	bulkrna107		No	Yes	No	No	No	No	GCA	GCA_044758155.1	ASM4475815v1		Bubo_bubo	eagleOwl	Ensembl	GCA_010303855.1	BubBub1.0
128	mousebird	Colius_striatus	Speckled mousebird	Colius striatus	Birds	Yes	No	near29		No	No	No	No	No	Yes	GCF	GCF_028858725.1	bColStr4.1.hap1		Colius_striatus	mousebird	GCF	GCF_028858725.1	bColStr4.1.hap1
129	hoopoe	Upupa_epops	Eurasian hoopoe	Upupa epops	Birds	Yes	No	bulkrna107		No	Yes	No	No	No	No	GCF Near				Colius_striatus	mousebird	GCF	GCF_028858725.1	bColStr4.1.hap1
130	honeyguide	Indicator_indicator	Greater honeyguide	Indicator indicator	Birds	Yes	No	near29		No	No	No	No	No	Yes	GCF	GCF_027791375.1	UM_Iind_1.1		Indicator_indicator	honeyguide	GCF	GCF_027791375.1	UM_Iind_1.1
131	woodpecker	Picus_canus	Grey-headed woodpecker	Picus canus	Birds	Yes	No	bulkrna107		No	Yes	No	No	No	No	GCF Near				Indicator_indicator	honeyguide	GCF	GCF_027791375.1	UM_Iind_1.1
132	budgerigar	Melopsittacus_undulatus	Budgerigar	Melopsittacus undulatus	Birds	Yes	Yes	bulkrna107,liscrna24		No	Yes	Yes	No	Yes	No	GCF	GCF_012275295.1	bMelUnd1.mat.Z		Melopsittacus_undulatus	budgerigar	GCF	GCF_012275295.1	bMelUnd1.mat.Z
133	commonKestrel	Falco_tinnunculus	Common kestrel	Falco tinnunculus	Birds	Yes	No	bulkrna107		No	Yes	No	No	No	No	Ensembl	GCA_010332995.1	FalTin1.0		Falco_tinnunculus	commonKestrel	Ensembl	GCA_010332995.1	FalTin1.0
134	peregrineFalcon	Falco_peregrinus	Peregrine falcon	Falco peregrinus	Birds	Yes	No	near29		No	No	No	No	No	Yes	GCF	GCF_023634155.1	bFalPer1.pri		Falco_peregrinus	peregrineFalcon	GCF	GCF_023634155.1	bFalPer1.pri
135	eurasianHobby	Falco_subbuteo	Eurasian hobby	Falco subbuteo	Birds	Yes	No	bulkrna107		No	Yes	No	No	No	No	GCF Near				Falco_peregrinus	peregrineFalcon	GCF	GCF_023634155.1	bFalPer1.pri
136	hawaiianCrow	Corvus_hawaiiensis	Hawaiian crow	Corvus hawaiiensis	Birds	Yes	No	near29		No	No	No	No	No	Yes	GCF	GCF_020740725.1	bCorHaw1.pri.cur		Corvus_hawaiiensis	hawaiianCrow	GCF	GCF_020740725.1	bCorHaw1.pri.cur
137	carrionCrow	Corvus_corone	Carrion crow	Corvus corone corone	Birds	Yes	No	bulkrna107		No	Yes	No	No	No	No	GCF Near				Corvus_hawaiiensis	hawaiianCrow	GCF	GCF_020740725.1	bCorHaw1.pri.cur
138	hoodedCrow	Corvus_cornix	Hooded crow	Corvus cornix cornix	Birds	Yes	No	bulkrna107		No	Yes	No	No	No	No	GCF	GCF_000738735.6	ASM73873v6		Corvus_cornix	hoodedCrow	GCF	GCF_000738735.6	ASM73873v6
139	whiteWagtail	Motacilla_alba	White wagtail	Motacilla alba	Birds	Yes	No	bulkrna107		No	Yes	No	No	No	No	GCF	GCF_015832195.1	Motacilla_alba_V1.0_pri		Motacilla_alba	whiteWagtail	GCF	GCF_015832195.1	Motacilla_alba_V1.0_pri
140	canary	Serinus_canaria	Canary	Serinus canaria	Birds	Yes	No	bulkrna107,liscrna24		No	Yes	Yes	No	Yes	No	GCF	GCF_022539315.1	serCan2020		Serinus_canaria	canary	GCF	GCF_022539315.1	serCan2020
141	zebrafinch	Taeniopygia_guttata	Zebrafinch	Taeniopygia guttata	Birds	Yes	Yes	bulkrna107		No	Yes	No	No	No	No	GCF	GCF_048771995.1	bTaeGut7.mat	Orig paper used GCF_003957565.2_bTaeGut1.4.pri	Taeniopygia_guttata	zebrafinch	GCF	GCF_048771995.1	bTaeGut7.mat
142	platypus	Ornithorhynchus_anatinus	platypus	Ornithorhynchus anatinus	Mammals	Yes	Yes	annotated50	39.0	Yes	No	No	No	No	No	GCF	GCF_004115215.2	mOrnAna1.pri.v4		Ornithorhynchus_anatinus	platypus	GCF	GCF_004115215.2	mOrnAna1.pri.v4
143	opossum	Monodelphis_domestica	Gray short-tailed opossum	Monodelphis domestica	Mammals	Yes	Yes	annotated50,bulkrna107,hahnscrna17	40.0	Yes	Yes	Yes	Yes	No	No	GCF	GCF_027887165.1	mMonDom1.pri	Orig paper used GCA_000002295.1_ASM229v1	Monodelphis_domestica	opossum	GCF	GCF_027887165.1	mMonDom1.pri
144	europeanHedgehog	Erinaceus_europaeus	Western European hedgehog	Erinaceus europaeus	Mammals	Yes	No	near29		No	No	No	No	No	Yes	GCF	GCF_950295315.1	mEriEur2.1		Erinaceus_europaeus	europeanHedgehog	GCF	GCF_950295315.1	mEriEur2.1
145	africanHedgehog	Atelerix_algirus	Hedgehog	Atelerix algirus	Mammals	Yes	No	liscrna24		No	No	Yes	No	Yes	No	GCF Near				Erinaceus_europaeus	europeanHedgehog	GCF	GCF_950295315.1	mEriEur2.1
146	sacwingedBat	Saccopteryx_bilineata	Greater sac-winged bat	Saccopteryx bilineata	Mammals	Yes	No	near29		No	No	No	No	No	Yes	GCF	GCF_036850765.1	mSacBil1_pri_phased_curated		Saccopteryx_bilineata	sacwingedBat	GCF	GCF_036850765.1	mSacBil1_pri_phased_curated
147	tombBat	Taphozous_melanopogon	Black-bearded tomb bat	Taphozous melanopogon	Mammals	Yes	No	bulkrna107		No	Yes	No	No	No	No	GCF Near				Saccopteryx_bilineata	sacwingedBat	GCF	GCF_036850765.1	mSacBil1_pri_phased_curated
148	daubentonBat	Myotis_daubentonii	Daubenton's bat	Myotis daubentonii	Mammals	Yes	No	near29		No	No	No	No	No	Yes	GCF	GCF_963259705.1	mMyoDau2.1		Myotis_daubentonii	daubentonBat	GCF	GCF_963259705.1	mMyoDau2.1
149	myotisBat	Myotis_laniger	Chinese water myotis	Myotis laniger	Mammals	Yes	No	bulkrna107		No	Yes	No	No	No	No	GCF Near				Myotis_daubentonii	daubentonBat	GCF	GCF_963259705.1	mMyoDau2.1
150	roundleafBat	Hipposideros_armiger	Great roundleaf bat	Hipposideros armiger	Mammals	Yes	Yes	bulkrna107		No	Yes	No	No	No	No	GCF	GCF_001890085.2	ASM189008v1		Hipposideros_armiger	roundleafBat	GCF	GCF_001890085.2	ASM189008v1
151	fruitBat	Cynopterus_sphinx	Greater short-nosed fruit bat	Cynopterus sphinx	Mammals	Yes	No	bulkrna107		No	Yes	No	No	No	No	GCF Near				Rousettus_aegyptiacus	egyptianBat	GCF	GCF_014176215.1	mRouAeg1.p
152	egyptianBat	Rousettus_aegyptiacus	Egyptian rousette	Rousettus aegyptiacus	Mammals	Yes	No	near29		No	No	No	No	No	Yes	GCF	GCF_014176215.1	mRouAeg1.p		Rousettus_aegyptiacus	egyptianBat	GCF	GCF_014176215.1	mRouAeg1.p
153	nectarBat	Eonycteris_spelaea	Cave nectar bat	Eonycteris spelaea	Mammals	Yes	No	bulkrna107		No	Yes	No	No	No	No	GCF Near				Rousettus_aegyptiacus	egyptianBat	GCF	GCF_014176215.1	mRouAeg1.p
154	horse	Equus_caballus	Horse	Equus caballus	Mammals	Yes	Yes	annotated50,bulkrna107	41.0	Yes	Yes	No	No	No	No	GCF	GCF_041296265.1	TB-T2T		Equus_caballus	horse	GCF	GCF_041296265.1	TB-T2T
155	pig	Sus_scrofa	Wild boar or domestic pig	Sus scrofa domesticas 	Mammals	Yes	No	bulkrna107,liscrna24,hahnscrna17		No	Yes	Yes	Yes	Yes	No	GCF	GCF_000003025.6	Sscrofa11.1		Sus_scrofa	pig	GCF	GCF_000003025.6	Sscrofa11.1
156	minkeWhale	Balaenoptera_acutorostrata	Minke whale	Balaenoptera acutorostrata	Mammals	Yes	No	near29		No	No	No	No	No	Yes	GCF	GCF_949987535.1	mBalAcu1.1		Balaenoptera_acutorostrata	minkeWhale	GCF	GCF_949987535.1	mBalAcu1.1
157	bowheadWhale	Balaena_mysticetus	Bowhead whale	Balaena mysticetus	Mammals	Yes	No	bulkrna107		No	Yes	No	No	No	No	GCF Near				Balaenoptera_acutorostrata	minkeWhale	GCF	GCF_949987535.1	mBalAcu1.1
158	cow	Bos_taurus	Cow	Bos taurus	Mammals	Yes	Yes	annotated50,bulkrna107,hahnscrna17	42.0	Yes	Yes	Yes	Yes	No	No	GCF	GCF_002263795.3	ARS-UCD2.0		Bos_taurus	cow	GCF	GCF_002263795.3	ARS-UCD2.0
159	sheep	Ovis_aries	Sheep	Ovis aries	Mammals	Yes	No	hahnscrna17		No	No	Yes	Yes	No	No	GCF	GCF_016772045.2	ARS-UI_Ramb_v3.0	Orig paper used  Oar_rambouillet_v1.0	Ovis_aries	sheep	GCF	GCF_016772045.2	ARS-UI_Ramb_v3.0
160	cat	Felis_catus	Cat	Felis catus	Mammals	Yes	No	bulkrna107,liscrna24		No	Yes	Yes	No	Yes	No	GCF	GCF_018350175.1	F.catus_Fca126_mat1.0		Felis_catus	cat	GCF	GCF_018350175.1	F.catus_Fca126_mat1.0
161	dog	Canis_familiaris	Dog	Canis lupus familiaris	Mammals	Yes	Yes	annotated50,bulkrna107,liscrna24	43.0	Yes	Yes	Yes	No	Yes	No	GCF	GCF_011100685.1	UU_Cfam_GSD_1.0		Canis_familiaris	dog	GCF	GCF_011100685.1	UU_Cfam_GSD_1.0
162	ferret	Mustela_furo	Ferret	Mustela putorius furo	Mammals	Yes	No	hahnscrna17,liscrna24		No	No	Yes	Yes	Yes	No	GCF	GCF_011764305.1	ASM1176430v1.1		Mustela_furo	ferret	GCF	GCF_011764305.1	ASM1176430v1.1
163	guineapig	Cavia_porcellus	Guinea pig	Cavia porcellus	Mammals	Yes	No	liscrna24		No	No	Yes	No	Yes	No	GCF	GCF_034190915.1	mCavPor4.1	Orig paper used  Cavpor3.0	Cavia_porcellus	guineapig	GCF	GCF_034190915.1	mCavPor4.1
164	groundSquirrel	Ictidomys_tridecemlineatus	Thirteen-lined ground squirrel	Ictidomys tridecemlineatus	Mammals	Yes	No	annotated50,bulkrna107,hahnscrna17	44.0	Yes	Yes	Yes	Yes	No	No	GCF	GCF_016881025.1	HiC_Itri_2	Orig paper used  GCF_000236235.1_SpeTri2.0	Ictidomys_tridecemlineatus	groundSquirrel	GCF	GCF_016881025.1	HiC_Itri_2
165	chipmunk	Tamias_sibiricus	Chipmunk	Tamias sibiricus	Mammals	Yes	No	liscrna24		No	No	Yes	No	Yes	No	Custom	GCA_047496905.1	ASM4749690v1	Orig paper used ASM2559416v1	Tamias_sibiricus	chipmunk	Custom	GCA_047496905.1	ASM4749690v1
166	blindMoleRat	Nannospalax_galili	Upper Galilee mountains blind mole rat	Nannospalax galili	Mammals	Yes	No	near29		No	No	No	No	No	Yes	GCF	GCF_000622305.1	S.galili_v1.0		Nannospalax_galili	blindMoleRat	GCF	GCF_000622305.1	S.galili_v1.0
167	zokor	Myospalax_baileyi	Zokor	Myospalax baileyi	Mammals	Yes	No	bulkrna107		No	Yes	No	No	No	No	GCF Near				Nannospalax_galili	blindMoleRat	GCF	GCF_000622305.1	S.galili_v1.0
168	hamster	Mesocricetus_auratus	Hamster	Mesocricetus auratus	Mammals	Yes	No	liscrna24		No	No	Yes	No	Yes	No	GCF	GCF_017639785.1	BCM_Maur_2.0		Mesocricetus_auratus	hamster	GCF	GCF_017639785.1	BCM_Maur_2.0
169	deerMouse	Peromyscus_maniculatus	Deer mouse	Peromyscus maniculatus bairdii	Mammals	Yes	No	hahnscrna17		No	No	Yes	Yes	No	No	GCF	GCF_049852395.1	HU_Pman_BW_mat_3.1	Orig paper used HU_Pman_2.1	Peromyscus_maniculatus	deerMouse	GCF	GCF_049852395.1	HU_Pman_BW_mat_3.1
170	gerbil	Meriones_unguiculatus	Mongolian gerbil	Meriones unguiculatus	Mammals	Yes	No	liscrna24		No	No	Yes	No	Yes	No	GCF	GCF_030254825.1	Bangor_MerUng_6.1		Meriones_unguiculatus	gerbil	GCF	GCF_030254825.1	Bangor_MerUng_6.1
171	sandRat	Psammomys_obesus	Sand rat	Psammomys obesus	Mammals	Yes	Yes	annotated50,bulkrna107	45.0	Yes	Yes	No	No	No	No	GCF	GCF_907164565.1	mPsaObe1.curated_primary_1811		Psammomys_obesus	sandRat	GCF	GCF_907164565.1	mPsaObe1.curated_primary_1811
172	brownRat	Rattus_norvegicus	Brown rat	Rattus norvegicus	Mammals	Yes	No	annotated50,bulkrna107,liscrna24	46.0	Yes	Yes	Yes	No	Yes	No	GCF	GCF_036323735.1	GRCr8		Rattus_norvegicus	brownRat	GCF	GCF_036323735.1	GRCr8
173	grassMouse	Rhabdomys_pumilio	Four-striped grass mouse	Rhabdomys pumilio	Mammals	Yes	No	hahnscrna17		No	No	Yes	Yes	No	No	Custom		Rhabdomys_pumilio_premRNA		Rhabdomys_pumilio	grassMouse	Custom		Rhabdomys_pumilio_premRNA
174	labMouse	Mus_musculus	Laboratory mouse	Mus musculus	Mammals	Yes	Yes	annotated50,bulkrna107,hahnscrna17,liscrna24	47.0	Yes	Yes	Yes	Yes	Yes	No	GCF	GCF_000001635.27	GRCm39		Mus_musculus	labMouse	GCF	GCF_000001635.27	GRCm39
175	treeShrew	Tupaia_belangeri	Northern treeshrew	Tupaia belangeri chinensis	Mammals	Yes	No	hahnscrna17		No	No	Yes	Yes	No	No	Custom	http://www.treeshrewdb.org/download.html	TS_3.0	Orig paper used  GCF_000334495.1_TupChi_1.0	Tupaia_belangeri	treeShrew	Custom	http://www.treeshrewdb.org/download.html	TS_3.0
176	marmoset	Callithrix_jacchus	Common marmoset	Callithrix jacchus	Mammals	Yes	Yes	annotated50,bulkrna107,hahnscrna17	48.0	Yes	Yes	Yes	Yes	No	No	GCF	GCF_011100555.1	mCalJa1.2.pat.X	Orig paper used GCF_000004665.1_Callithrix jacchus-3.2	Callithrix_jacchus	marmoset	GCF	GCF_011100555.1	mCalJa1.2.pat.X
177	nancymaMonkey	Aotus_nancymaae	Nancy Ma's night monkey	Aotus nancymaae	Mammals	Yes	No	bulkrna107		No	Yes	No	No	No	No	GCF	GCF_030222135.1	86718_ANA_hifiasm-v0.15.2.pri		Aotus_nancymaae	nancymaMonkey	GCF	GCF_030222135.1	86718_ANA_hifiasm-v0.15.2.pri
178	oliveBaboon	Papio_anubis	Olive baboon	Papio anubis	Mammals	Yes	No	bulkrna107		No	Yes	No	No	No	No	GCF	GCF_008728515.1	Panubis1.0		Papio_anubis	oliveBaboon	GCF	GCF_008728515.1	Panubis1.0
179	crabMacaque	Macaca_fascicularis	Crab-eating macaque	Macaca fascicularis	Mammals	Yes	Yes	annotated50,bulkrna107,hahnscrna17,liscrna24	49.0	Yes	Yes	Yes	Yes	Yes	No	GCF	GCF_037993035.1	T2T-MFA8v1.0		Macaca_fascicularis	crabMacaque	GCF	GCF_037993035.1	T2T-MFA8v1.0
180	rhesusMacaque	Macaca_mulatta	Rhesus macaque	Macaca mulatta	Mammals	Yes	No	bulkrna107		No	Yes	No	No	No	No	GCF	GCF_003339765.1	Mmul_10		Macaca_mulatta	rhesusMacaque	GCF	GCF_003339765.1	Mmul_10
181	human	Homo_sapiens	Human	Homo sapiens	Mammals	Yes	Yes	annotated50,bulkrna107,hahnscrna17,liscrna24	50.0	Yes	Yes	Yes	Yes	Yes	No	GCF	GCF_000001405.40	GRCh38.p14		Homo_sapiens	human	GCF	GCF_000001405.40	GRCh38.p14
